geo,time,Channel0_impression,Channel1_impression,Channel2_impression,Channel3_impression,competitor_activity_score_control,sentiment_score_control,Channel0_spend,Channel1_spend,Channel2_spend,Channel3_spend,conversions,revenue_per_conversion,population,Channel3_reach,Channel3_frequency
Geo0,1/25/21,1392518,3733,670235,0,-0.7833502,3.036792,15482.038,42.681618,8004.103,0,12530976,0.035212554,487878,0,0
Geo0,2/1/21,937228,722210,745025,226872,-1.8344073,-4.2447376,10420.116,8257.458,8897.263,2668.1526,4926880.5,0.035026085,487878,181472,1.2501763
Geo0,2/8/21,1286569,329778,786262,743321,-1.995511,0.2009452,14304.095,3770.5486,9389.725,8741.906,10300557,0.034529336,487878,381866,1.9465493
Geo0,2/15/21,1149907,529628,190449,400702,-4.925971,-1.5423908,12784.685,6055.5527,2274.3865,4712.499,7398028.5,0.03543016,487878,273012,1.4677083
Geo0,2/22/21,1077028,1057061,584113,346168,-4.541369,0.6684942,11974.415,12086.009,6975.6143,4071.146,9409540,0.034636788,487878,247506,1.3986247
Geo0,3/1/21,774729,656869,849588,322673,1.7773812,-4.721286,8613.449,7510.3755,10145.979,3794.8306,7860990.5,0.0352429,487878,235945,1.3675772
Geo0,3/8/21,1225214,697392,977871,167921,1.3268511,0.25394657,13621.949,7973.6987,11677.964,1974.8529,11927644,0.035368923,487878,142038,1.182226
Geo0,3/15/21,777514,752208,633407,0,1.3919222,-2.418649,8644.413,8600.443,7564.2944,0,8160054.5,0.035085868,487878,0,0
Geo0,3/22/21,1410003,573287,1164050,519385,2.514721,1.4320503,15676.437,6554.7324,13901.357,6108.283,12857955,0.034718554,487878,319965,1.6232556
Geo0,3/29/21,1066667,719666,516114,784015,3.8408453,-1.2340704,11859.221,8228.371,6163.554,9220.492,12365915,0.034733206,487878,390412,2.0081735
Geo0,4/5/21,853537,69896,0,536537,3.6652486,-3.4031038,9489.639,799.16266,0,6310.001,9099579,0.035038866,487878,326112,1.6452538
Geo0,4/12/21,1652474,719102,1050191,596608,0.17907412,1.5271134,18372.232,8221.922,12541.627,7016.4727,12162038,0.034662254,487878,344181,1.7334136
Geo0,4/19/21,1317266,1017436,802109,0,6.6186237,-1.5336385,14645.385,11632.953,9578.974,0,11602825,0.034559503,487878,0,0
Geo0,4/26/21,1249849,729988,513139,172502,-0.86046714,0.40367955,13895.842,8346.389,6128.026,2028.7283,9781006,0.034559634,487878,145222,1.1878504
Geo0,5/3/21,866496,961641,801856,564532,-2.7519727,-2.8052917,9633.717,10995.016,9575.952,6639.2393,6722630,0.0345682,487878,334594,1.687215
Geo0,5/10/21,621774,470920,0,863224,-0.89471257,3.908078,6912.8936,5384.3096,0,10152.038,11944040,0.034799628,487878,405298,2.1298501
Geo0,5/17/21,937212,860998,624768,319531,0.45461172,-1.1633611,10419.938,9844.304,7461.1255,3757.8787,10038073,0.03498595,487878,234616,1.3619318
Geo0,5/24/21,1556883,1029000,928534,759145,-3.3777642,-5.7397947,17309.451,11765.171,11088.7705,8928.006,3549004.2,0.03538363,487878,385153,1.9710219
Geo0,5/31/21,893318,440928,450116,780507,-5.081344,1.5314934,9931.924,5041.393,5375.3906,9179.236,10486355,0.035461146,487878,389295,2.0049243
Geo0,6/7/21,1190663,743244,982859,822510,-0.8833791,2.1552646,13237.811,8497.952,11737.532,9673.217,12584751,0.035120923,487878,397280,2.0703535
Geo0,6/14/21,1174282,167579,568815,377975,2.9646068,3.0548773,13055.687,1916.0308,6792.922,4445.2153,14225372,0.034729816,487878,262774,1.4384034
Geo0,6/21/21,868107,242709,391642,298052,1.1432811,-1.8577988,9651.628,2775.0369,4677.0806,3505.2725,9688958,0.03502405,487878,222233,1.341169
Geo0,6/28/21,729061,642345,3580,973436,0.7024328,0.9792609,8105.712,7344.3135,42.753197,11448.198,10198388,0.034752145,487878,421869,2.3074367
Geo0,7/5/21,1540727,884685,618683,1250577,-2.7440462,1.2443475,17129.828,10115.132,7388.457,14707.545,11105925,0.034975767,487878,450240,2.7775786
Geo0,7/12/21,1140822,549423,796295,542505,-0.25896758,-0.2322037,12683.678,6281.881,9509.541,6380.1885,10771714,0.034716867,487878,326851,1.659793
Geo0,7/19/21,1374597,878404,300063,519166,2.4708767,-3.104467,15282.792,10043.317,3583.4226,6105.7075,7034872.5,0.034559097,487878,319697,1.6239314
Geo0,7/26/21,799264,0,24035,119184,-6.3752327,-2.8423827,8886.23,0,287.0316,1401.6763,4515535.5,0.034544267,487878,105396,1.1308209
Geo0,8/2/21,982391,602074,1118258,894369,0.67196715,-5.2118034,10922.239,6883.871,13354.499,10518.322,8580429,0.03526869,487878,409934,2.181739
Geo0,8/9/21,767845,1412655,719930,310371,-0.45385385,-0.15686283,8536.913,16151.728,8597.572,3650.1514,11538626,0.034692287,487878,229993,1.3494802
Geo0,8/16/21,1001167,885129,819632,442693,1.4696546,4.4966373,11130.991,10120.208,9788.237,5206.3384,14107673,0.034607712,487878,290828,1.5221815
Geo0,8/23/21,973894,609269,193551,236089,0.86223054,0.89282745,10827.77,6966.136,2311.4314,2776.55,9759205,0.034956228,487878,187018,1.2623866
Geo0,8/30/21,800941,496539,395112,364182,-0.5929203,1.690523,8904.875,5677.2266,4718.52,4283.0015,11797897,0.034625452,487878,256714,1.4186293
Geo0,9/6/21,986920,601211,288628,85347,-1.3852,-1.4270362,10972.593,6874.004,3446.863,1003.73254,7631375.5,0.034500923,487878,78161,1.0919384
Geo0,9/13/21,1045411,949066,870574,591383,-0.92535406,-0.9956669,11622.896,10851.238,10396.599,6955.0234,9940456,0.0353466,487878,342930,1.7245007
Geo0,9/20/21,684107,1246042,468040,524557,1.9412694,1.7110512,7605.9126,14246.742,5589.4434,6169.109,13809554,0.03484658,487878,321296,1.6326284
Geo0,9/27/21,1037065,888461,707844,499409,0.01974862,0.5250268,11530.105,10158.305,8453.238,5873.353,10230962,0.0348124,487878,312957,1.5957751
Geo0,10/4/21,999555,928263,400748,726031,1.1954521,-0.6759536,11113.068,10613.385,4785.826,8538.565,10211041,0.03490834,487878,377778,1.9218457
Geo0,10/11/21,1420469,427347,960642,188009,4.009613,-1.9887056,15792.797,4886.1133,11472.212,2211.1,11526324,0.034622807,487878,156951,1.1978834
Geo0,10/18/21,1429006,498451,795100,0,-3.020487,-2.9955044,15887.712,5699.088,9495.2705,0,7982989,0.035284333,487878,0,0
Geo0,10/25/21,1710719,637181,462917,849718,0.80901456,3.1521616,19019.8,7285.2705,5528.263,9993.2,16495571,0.03494097,487878,402415,2.1115465
Geo0,11/1/21,1071116,260321,581573,550943,1.0499256,-0.20981804,11908.685,2976.4053,6945.281,6479.4243,10241399,0.03525566,487878,330156,1.6687354
Geo0,11/8/21,705460,1462389,689886,459329,2.9826574,-2.572803,7843.316,16720.365,8238.78,5401.988,10495561,0.035146244,487878,297892,1.5419313
Geo0,11/15/21,1111544,481646,331062,0,6.557312,0.93903875,12358.164,5506.9463,3953.6199,0,12906735,0.03539048,487878,0,0
Geo0,11/22/21,1106783,849458,160554,519251,-0.6377488,0.77324605,12305.231,9712.36,1917.3734,6106.707,11255934,0.0352544,487878,319241,1.6265173
Geo0,11/29/21,994506,499607,0,752403,0.110067114,3.9709153,11056.934,5712.305,0,8848.716,12940387,0.034830816,487878,383334,1.962787
Geo0,12/6/21,1109878,742289,674555,407486,0.17077251,3.7500615,12339.642,8487.033,8055.6934,4792.2827,14121214,0.035291042,487878,276498,1.4737394
Geo0,12/13/21,639144,1107794,448510,491035,-8.984646,0.96255565,7106.013,12666.07,5356.2114,5774.8696,6763680,0.035004158,487878,309683,1.5856053
Geo0,12/20/21,537626,831722,1068308,302926,-1.2017881,2.4133317,5977.3345,9509.574,12757.984,3562.5938,12455675,0.03472023,487878,226032,1.3401908
Geo0,12/27/21,1019623,752009,604501,412051,1.4421813,0.7018125,11336.185,8598.168,7219.0923,4845.97,10854740,0.034597635,487878,278389,1.4801267
Geo0,1/3/22,1152384,1467891,561045,925215,-0.40018523,0.021652488,12812.224,16783.273,6700.1304,10881.091,12945586,0.034734663,487878,414962,2.2296379
Geo0,1/10/22,1356721,697909,23016,0,-2.8459795,0.17685345,15084.046,7979.61,274.86246,0,11006675,0.035105214,487878,0,0
Geo0,1/17/22,1101688,1041115,363664,265774,-1.1298555,3.042983,12248.585,11903.689,4342.9604,3125.6636,14251472,0.034579296,487878,204589,1.299063
Geo0,1/24/22,1378612,1054988,223519,308406,-1.5304012,7.077758,15327.431,12062.308,2669.3162,3627.042,15035441,0.034772977,487878,228789,1.3479931
Geo0,1/31/22,1051211,416144,247132,276846,2.8373485,4.0836153,11687.381,4758.0225,2951.308,3255.8772,15764402,0.03464894,487878,210837,1.3130807
Geo0,2/7/22,1265498,189574,754651,935025,-0.468247,-1.3622383,14069.827,2167.5127,9012.219,10996.462,10198886,0.03458928,487878,415971,2.247813
Geo0,2/14/22,1005040,410268,335683,574002,-1.4934696,0.7031538,11174.051,4690.839,4008.805,6750.6123,10934939,0.0345036,487878,337697,1.6997545
Geo0,2/21/22,993135,639579,544728,305128,2.6873255,2.97574,11041.691,7312.6885,6505.269,3588.4907,11504179,0.034682382,487878,227023,1.34404
Geo0,2/28/22,1330706,530351,216884,0,1.3808153,1.2278712,14794.811,6063.8193,2590.0793,0,10445889,0.034822594,487878,0,0
Geo0,3/7/22,1470149,402688,327250,537466,0.42699993,1.3780915,16345.141,4604.1724,3908.096,6320.927,11645227,0.034795795,487878,326022,1.6485574
Geo0,3/14/22,1244850,619706,401256,546039,-1.4846193,4.322425,13840.263,7085.4683,4791.893,6421.7505,12877754,0.035253845,487878,328462,1.6624115
Geo0,3/21/22,681003,1107002,690672,468091,-0.7599183,0.8022772,7571.4023,12657.015,8248.167,5505.0347,10089079,0.03494923,487878,300971,1.5552695
Geo0,3/28/22,1101470,0,622588,445056,-3.2713015,0.22938493,12246.161,0,7435.0913,5234.129,6656772,0.035161577,487878,292351,1.5223345
Geo0,4/4/22,1310684,707608,649852,829827,2.0314033,-5.059271,14572.206,8090.5044,7760.6846,9759.27,6294681.5,0.03510435,487878,398560,2.082063
Geo0,4/11/22,1352505,524565,379972,816498,0.63692594,1.2940869,15037.173,5997.6646,4537.7144,9602.513,13303138,0.03494343,487878,396479,2.0593727
Geo0,4/18/22,1082708,829247,239723,93410,-3.0412254,0.9948337,12037.565,9481.275,2862.8281,1098.5583,9842364,0.0345984,487878,85291,1.0951917
Geo0,4/25/22,1065568,1034446,555667,850357,-1.6489052,-3.47333,11847.002,11827.438,6635.9053,10000.715,7795099.5,0.0349396,487878,402743,2.1114135
Geo0,5/2/22,700105,14509,433027,1073652,0.82436675,-1.050614,7783.779,165.89006,5171.3096,12626.8,9897081,0.03451095,487878,433949,2.4741433
Geo0,5/9/22,614591,1185463,895044,865066,2.3604228,-2.0860896,6833.0327,13554.105,10688.825,10173.701,9220324,0.03476889,487878,404985,2.1360445
Geo0,5/16/22,1035152,828758,489486,1208444,-7.4171505,3.8044777,11508.837,9475.685,5845.556,14212.035,13288967,0.034814637,487878,447060,2.7030914
Geo0,5/23/22,921036,703289,392902,564475,0.38071847,-0.42849362,10240.093,8041.123,4692.1274,6638.569,11747777,0.035266384,487878,334655,1.6867371
Geo0,5/30/22,1179182,1054036,154159,632388,0.024516806,-1.0092143,13110.165,12051.423,1841.0028,7437.267,9495659,0.03465498,487878,354389,1.7844459
Geo0,6/6/22,691322,816616,420137,0,4.36132,-0.59779185,7686.1294,9336.858,5017.3745,0,10503168,0.034641933,487878,0,0
Geo0,6/13/22,1258214,1174783,567798,398163,2.7624707,3.3444421,13988.844,13431.995,6780.7764,4682.6387,13680087,0.03523669,487878,271705,1.465424
Geo0,6/20/22,1025421,170398,486327,12224,1.8343467,-1.3772845,11400.647,1948.262,5807.8306,143.76166,9211273,0.035459965,487878,11922,1.0253314
Geo0,6/27/22,867162,189717,655409,50572,-0.17604735,-1.267353,9641.121,2169.1477,7827.0474,594.75745,6604001,0.035283204,487878,48092,1.0515678
Geo0,7/4/22,954451,916259,584526,203691,-0.75003487,5.263368,10611.602,10476.136,6980.5464,2395.5298,13327677,0.034505203,487878,166623,1.2224662
Geo0,7/11/22,828539,246567,364025,577729,0.023797665,5.824371,9211.71,2819.1477,4347.2715,6794.444,13811242,0.034904722,487878,338474,1.7068638
Geo0,7/18/22,1344101,981075,671131,617479,-1.597481,3.969442,14943.736,11217.216,8014.803,7261.928,13766553,0.034980044,487878,349817,1.7651486
Geo0,7/25/22,1169174,0,864026,954747,1.1168487,-0.834834,12998.8955,0,10318.4,11228.404,9393653,0.035277978,487878,418969,2.278801
Geo0,8/1/22,1007566,397197,658105,343049,-3.8923137,-0.12129948,11202.135,4541.39,7859.2437,4034.4646,7819833,0.035422586,487878,246195,1.3934036
Geo0,8/8/22,1064678,1349363,848502,1303524,-0.19461945,4.560533,11837.107,15428.072,10133.01,15330.234,15792002,0.035459984,487878,454094,2.8706038
Geo0,8/15/22,1045597,771943,440640,268319,4.149506,-0.8823028,11624.965,8826.085,5262.226,3155.5945,12828282,0.03518042,487878,207060,1.2958515
Geo0,8/22/22,1101414,904718,759112,317299,1.4768502,2.5015118,12245.539,10344.181,9065.493,3731.629,14230725,0.03479299,487878,233139,1.3609864
Geo0,8/29/22,1532517,1141167,558555,133001,-3.9427092,1.7781789,17038.549,13047.644,6670.3945,1564.1725,10095035,0.034998357,487878,116204,1.1445475
Geo0,9/5/22,1440632,611063,210219,882937,-1.5244013,-0.10581997,16016.97,6986.648,2510.4844,10383.875,8995222,0.034511592,487878,407657,2.165882
Geo0,9/12/22,1189291,464198,1072365,594127,3.8329792,3.4175098,13222.557,5307.4526,12806.434,6987.2944,14132497,0.035434593,487878,343779,1.7282237
Geo0,9/19/22,1045740,991352,434915,638545,-2.3535492,0.8615966,11626.555,11334.719,5193.8564,7509.6772,12292168,0.034595072,487878,355994,1.7936959
Geo0,9/26/22,68688,602423,1138174,147832,-0.93044996,-5.065188,763.6743,6887.862,13592.34,1738.5941,7497542.5,0.03507587,487878,127610,1.1584672
Geo0,10/3/22,1377105,1129746,1128684,1204326,-7.1396055,-0.7934401,15310.676,12917.061,13479.009,14163.605,7715969.5,0.035317607,487878,446721,2.6959243
Geo0,10/10/22,632047,372336,0,675203,-6.0193563,5.2231956,7027.109,4257.1396,0,7940.7974,11140962,0.034775995,487878,365580,1.8469363
Geo0,10/17/22,830780,672983,358721,335112,1.8599405,1.4560406,9236.626,7694.616,4283.93,3941.1206,10936235,0.034843788,487878,242556,1.3815861
Geo0,10/24/22,1192310,207456,706796,825554,-0.88059616,-0.7310949,13256.122,2371.9683,8440.724,9709.017,9995620,0.03514465,487878,398100,2.0737352
Geo0,10/31/22,821886,1259964,448093,237623,0.38552356,-2.0725923,9137.742,14405.92,5351.2314,2794.5908,8332132.5,0.034562606,487878,187814,1.2652038
Geo0,11/7/22,1558904,974997,510514,575993,-2.3188872,6.4259043,17331.92,11147.723,6096.6777,6774.0273,16866660,0.034629375,487878,338304,1.70259
Geo0,11/14/22,1459431,634123,201617,534668,4.9314585,3.2622523,16225.978,7250.3066,2407.7573,6288.0205,14708398,0.034975287,487878,324831,1.6459882
Geo0,11/21/22,1317782,383807,609460,978268,0.1472888,-2.1757307,14651.122,4388.2944,7278.314,11505.025,9868249,0.034564197,487878,422342,2.3162935
Geo0,11/28/22,947645,1071384,40525,286170,-0.3420354,-3.3886793,10535.933,12249.772,483.959,3365.533,6259824.5,0.034846995,487878,216317,1.3229196
Geo0,12/5/22,1551102,946488,883970,847167,-0.83943486,-2.282382,17245.178,10821.762,10556.576,9963.198,9568287,0.034712747,487878,401721,2.1088443
Geo0,12/12/22,756104,1292861,614052,658885,0.10233688,-0.19429141,8406.377,14782.052,7333.153,7748.8877,12246520,0.035051487,487878,361325,1.8235245
Geo0,12/19/22,1122846,319986,703092,690412,2.8546605,-1.6139584,12483.82,3658.5908,8396.489,8119.6646,11689641,0.035386976,487878,369485,1.8685793
Geo0,12/26/22,644418,458340,307285,589591,-0.43191656,-3.6187859,7164.65,5240.4746,3669.6694,6933.948,6900645.5,0.035109345,487878,342021,1.7238444
Geo0,1/2/23,1736862,892655,739283,1182326,-0.17337842,2.9674625,19310.459,10206.257,8828.69,13904.872,13918747,0.0350619,487878,444556,2.659566
Geo0,1/9/23,734953,478142,521260,817097,1.9015458,3.5136514,8171.219,5466.883,6225.009,9609.557,14091311,0.03540542,487878,396319,2.0617154
Geo0,1/16/23,1002953,160063,824700,598980,-1.3872818,1.0533648,11150.848,1830.0958,9848.761,7044.3687,12078090,0.034591388,487878,345343,1.7344495
Geo0,1/23/23,1129408,1055971,1150361,0,0.7810588,2.294383,12556.776,12073.547,13737.88,0,11877428,0.034567147,487878,0,0
Geo0,1/30/23,1021140,755246,448192,485149,-4.408105,0.8386419,11353.051,8635.178,5352.4136,5705.647,9481888,0.034820613,487878,307720,1.5765923
Geo0,2/6/23,497907,521761,1109049,444185,-2.9890995,3.4359262,5535.7383,5965.605,13244.522,5223.8853,11833832,0.035323486,487878,291932,1.5215359
Geo0,2/13/23,620192,1579978,840830,711013,3.4120793,4.58565,6895.3047,18064.832,10041.389,8361.944,16206597,0.03538255,487878,373818,1.9020299
Geo0,2/20/23,1125725,644583,792861,1069906,-4.202929,2.6819854,12515.829,7369.902,9468.531,12582.744,12414769,0.034715574,487878,433583,2.4675922
Geo0,2/27/23,1420571,642351,166935,839427,-0.76869524,-0.021167561,15793.932,7344.3823,1993.5768,9872.171,11537255,0.034677643,487878,400547,2.0957017
Geo0,3/6/23,1249647,1372455,193093,647981,-2.2497947,-0.78495723,13893.596,15692.097,2305.9617,7620.65,9961240,0.03548587,487878,358666,1.8066418
Geo0,3/13/23,1339535,732146,602226,194119,-5.072732,-0.4835775,14892.972,8371.0625,7191.924,2282.9573,7370863,0.035021972,487878,159865,1.2142683
Geo0,3/20/23,652540,666499,479163,396546,-0.869798,-1.7553402,7254.95,7620.481,5722.277,4663.6216,7556002,0.03474168,487878,271107,1.4626919
Geo0,3/27/23,574473,1026235,578855,246214,3.9432116,1.7728424,6387,11733.558,6912.822,2895.6262,12428641,0.03539973,487878,193194,1.2744392
Geo0,4/3/23,739438,572895,720661,53065,-1.2636005,4.3432007,8221.084,6550.2505,8606.302,624.07666,13715887,0.03492168,487878,50300,1.0549701
Geo0,4/10/23,1157632,345600,961233,10018,2.4186087,0.49328762,12870.571,3951.451,11479.27,117.817764,11542971,0.03466248,487878,9839,1.0181929
Geo0,4/17/23,1159460,1156879,159088,794342,-3.8182082,1.6899946,12890.8955,13227.288,1899.8661,9341.944,11390516,0.035151236,487878,392194,2.0253804
Geo0,4/24/23,764039,698017,630685,469766,0.368374,1.8244226,8494.598,7980.8447,7531.7876,5524.7334,12688625,0.03450536,487878,301158,1.5598656
Geo0,5/1/23,1943138,632511,373431,884252,1.9959383,0.71536076,21603.84,7231.8755,4459.6006,10399.341,12847426,0.03534444,487878,407835,2.1681612
Geo0,5/8/23,781207,922219,270263,0,-1.3795779,-1.911583,8685.472,10544.28,3227.544,0,8207384.5,0.035009917,487878,0,0
Geo0,5/15/23,1713417,1123192,854360,426351,-0.4654355,-0.3552631,19049.799,12842.124,10202.967,5014.1465,9260978,0.034705017,487878,284757,1.4972451
Geo0,5/22/23,905403,669395,1068480,484754,2.9213474,-5.8586345,10066.285,7653.5923,12760.038,5701.0015,7271841,0.035168197,487878,307343,1.5772411
Geo0,5/29/23,943045,570842,983702,702858,-3.9852285,0.6839596,10484.79,6526.7773,11747.6,8266.037,9217271,0.03468569,487878,372326,1.887749
Geo0,6/5/23,1249522,549468,814207,154948,4.620944,0.2912357,13892.206,6282.3955,9723.45,1822.2826,12167149,0.03489017,487878,132476,1.1696308
Geo0,6/12/23,615985,486607,236611,373474,5.8040247,-0.3007322,6848.5312,5563.668,2825.6638,4392.2812,10131363,0.03462404,487878,261439,1.4285321
Geo0,6/19/23,2010300,89176,1098510,279175,3.0554717,-0.4310307,22350.549,1019.6024,13118.663,3283.2676,10170807,0.03482561,487878,212447,1.3140924
Geo0,6/26/23,1203524,989952,202312,295071,2.0441403,5.454676,13380.8,11318.712,2416.0571,3470.214,13562356,0.03537295,487878,220936,1.3355497
Geo0,7/3/23,401501,578944,739200,712167,-1.1331713,-5.9318233,4463.8945,6619.412,8827.699,8375.517,4780102.5,0.035012312,487878,374126,1.9035485
Geo0,7/10/23,1059191,493738,533870,456143,-2.5812685,-6.855961,11776.103,5645.201,6375.6006,5364.5186,3481719.2,0.034740113,487878,297243,1.5345794
Geo0,7/17/23,1067612,328749,59878,412781,-1.2214699,0.6835498,11869.728,3758.7834,715.0771,4854.555,10127626,0.03468438,487878,278952,1.4797564
Geo0,7/24/23,826696,398815,810321,900487,0.4108311,-0.96788144,9191.22,4559.8896,9677.043,10590.274,7357414,0.034746807,487878,410951,2.1912272
Geo0,7/31/23,815348,875798,690521,435382,-0.16572002,-4.76622,9065.053,10013.521,8246.363,5120.357,7823665,0.03517147,487878,287992,1.511785
Geo0,8/7/23,1430780,1180219,339478,0,0.19116743,-1.0282402,15907.436,13494.148,4054.1257,0,9387064,0.03538776,487878,0,0
Geo0,8/14/23,1172322,602187,501179,1027144,0.11878215,1.0552766,13033.895,6885.163,5985.197,12079.837,10750497,0.034942072,487878,428376,2.3977628
Geo0,8/21/23,1330867,781815,267650,1090940,2.098672,5.307834,14796.601,8938.957,3196.3389,12830.117,15763564,0.03526748,487878,435351,2.505886
Geo0,8/28/23,797874,713031,635951,811306,2.3574376,1.894738,8870.776,8152.509,7594.676,9541.451,13868468,0.03475656,487878,395365,2.052043
Geo0,9/4/23,530915,1173500,482697,822599,-3.2585368,0.20639402,5902.7217,13417.326,5764.4805,9674.264,11714710,0.034701575,487878,397248,2.0707443
Geo0,9/11/23,1050626,848314,1108430,894430,0.080466926,2.5510674,11680.877,9699.28,13237.13,10519.04,12374235,0.034552798,487878,410190,2.180526
Geo0,9/18/23,1190572,842283,692040,462807,-1.469487,1.3210948,13236.799,9630.324,8264.504,5442.8916,12561746,0.034980062,487878,298481,1.5505409
Geo0,9/25/23,1034010,1198616,814320,290680,2.1296947,-1.5601637,11496.14,13704.492,9724.8,3418.5732,11952548,0.034541145,487878,218330,1.331379
Geo0,10/2/23,1367110,990152,382212,701652,2.5198872,-1.6671612,15199.551,11320.999,4564.4653,8251.854,10436357,0.035289545,487878,372399,1.8841404
Geo0,10/9/23,1034707,1006629,788566,793994,4.427447,1.2317433,11503.89,11509.39,9417.239,9337.852,14820740,0.034517653,487878,391983,2.0255828
Geo0,10/16/23,1258784,717842,657395,494959,-1.0613412,0.3988533,13995.181,8207.516,7850.7646,5821.0186,12038764,0.035287432,487878,311396,1.5894841
Geo0,10/23/23,1333608,19089,823943,570348,0.40299273,-0.75959146,14827.075,218.25592,9839.72,6707.6387,10330931,0.034729216,487878,336367,1.6956122
Geo0,10/30/23,1403198,693395,745423,0,-1.9822719,0.30661535,15600.778,7927.999,8902.016,0,10918007,0.035065,487878,0,0
Geo0,11/6/23,1063194,460928,91770,838886,-5.7441087,2.2887158,11820.608,5270.065,1095.9388,9865.809,9877489,0.03518217,487878,401051,2.091719
Geo0,11/13/23,896008,859122,896377,519306,-2.5083714,2.4061527,9961.831,9822.8545,10704.744,6107.354,11848887,0.035289615,487878,319682,1.6244456
Geo0,11/20/23,919742,700185,347307,717614,1.3086464,0.44905764,10225.706,8005.633,4147.6216,8439.576,12930333,0.034533683,487878,376178,1.9076447
Geo0,11/27/23,622350,470403,372833,614702,-3.1048484,-1.9838996,6919.2974,5378.3984,4452.459,7229.269,7753259.5,0.035378095,487878,349477,1.7589197
Geo0,12/4/23,1142283,644073,540838,821041,-0.13339391,-4.0313315,12699.921,7364.071,6458.814,9655.94,8016233,0.034505975,487878,397368,2.066198
Geo0,12/11/23,565853,421692,0,807203,2.270694,-0.5270281,6291.1626,4821.456,0,9493.197,10942032,0.034729805,487878,394292,2.0472214
Geo0,12/18/23,1536065,1136089,335810,639744,-3.6641178,3.077084,17077.996,12989.583,4010.3215,7523.778,13969551,0.03488079,487878,356214,1.7959541
Geo0,12/25/23,1065490,689745,868802,95174,-1.6590128,5.059243,11846.135,7886.266,10375.437,1119.3041,13888274,0.03464926,487878,86686,1.0979166
Geo0,1/1/24,1211774,1173873,0,0,5.772514,-1.41901,13472.523,13421.591,0,0,11532075,0.03524379,487878,0,0
Geo0,1/8/24,836566,305098,407998,944580,2.5023575,-0.8181114,9300.954,3488.3674,4872.4077,11108.835,9297790,0.03494015,487878,417418,2.2629116
Geo0,1/15/24,1269842,1263794,509309,988408,2.137631,1.594866,14118.124,14449.711,6082.287,11624.278,11967258,0.035373602,487878,423709,2.332752
Geo1,1/25/21,3032312,1231404,763501,20011,-4.5076785,1.479211,33713.293,14079.377,9117.907,235.3415,19017426,0.035492502,941246.6,19663,1.0176982
Geo1,2/1/21,2785805,1548845,1290322,427115,-2.4102066,-3.5134258,30972.625,17708.87,15409.327,5023.132,12329214,0.035228048,941246.6,342536,1.24692
Geo1,2/8/21,2811866,1705897,993765,557068,-3.9525568,-1.6912923,31262.371,19504.54,11867.774,6551.458,14298232,0.035255168,941246.6,419896,1.3266809
Geo1,2/15/21,3515180,754806,678375,900085,1.8610051,5.9785037,39081.83,8630.147,8101.313,10585.546,29734994,0.03459051,941246.6,579996,1.5518814
Geo1,2/22/21,1612406,1569896,326461,2242924,0.28868115,4.8722363,17926.756,17949.559,3898.6736,26378.148,27560232,0.0353685,941246.6,854186,2.6258028
Geo1,3/1/21,1911401,1240245,1689534,827488,-0.91950536,-1.6942387,21250.986,14180.461,20176.81,9731.762,20612330,0.03537259,941246.6,550328,1.503627
Geo1,3/8/21,2046664,1466532,1373549,782674,2.5660162,1.1235588,22754.844,16767.736,16403.244,9204.722,26163464,0.03476148,941246.6,531661,1.4721298
Geo1,3/15/21,559277,403517,1241221,355922,-0.38393307,-7.054786,6218.051,4613.651,14822.951,4185.859,9493930,0.034719102,941246.6,296358,1.2009866
Geo1,3/22/21,2409120,569856,1995896,695402,0.31273302,0.33130604,26784.635,6515.504,23835.457,8178.35,18823368,0.035206467,941246.6,491182,1.4157726
Geo1,3/29/21,2546191,1139849,1035613,225563,4.1193466,-1.0071052,28308.594,13032.574,12367.532,2652.7578,24053022,0.035467096,941246.6,200726,1.1237358
Geo1,4/5/21,2894123,1442098,857489,874463,2.8575883,0.3081955,32176.906,16488.367,10240.334,10284.216,23519060,0.034912422,941246.6,569105,1.5365583
Geo1,4/12/21,2470216,1392119,1509329,1084496,-2.310902,6.1883698,27463.902,15916.927,18024.76,12754.332,26154282,0.03495161,941246.6,643800,1.6845231
Geo1,4/19/21,2508437,1139802,1455654,809603,1.4276726,3.7899652,27888.844,13032.036,17383.76,9521.423,26052484,0.034616183,941246.6,542594,1.4920973
Geo1,4/26/21,2779048,920278,1070493,237253,0.9909026,-2.6506062,30897.5,10522.088,12784.078,2790.2393,17402292,0.03490221,941246.6,209379,1.133127
Geo1,5/3/21,2082271,1949653,1686670,133759,-3.4575539,-1.4804069,23150.723,22291.547,20142.607,1573.087,14088379,0.034501888,941246.6,124602,1.07349
Geo1,5/10/21,178665,1437356,552660,1210568,3.4835954,0.7938943,1986.4004,16434.148,6599.995,14237.015,21292882,0.035223417,941246.6,681118,1.7773249
Geo1,5/17/21,1997554,1078754,1360052,84086,2.8223357,8.156311,22208.838,12334.038,16242.06,988.9024,30409256,0.03501414,941246.6,80474,1.0448841
Geo1,5/24/21,3041487,2480846,1399950,1657961,2.1953325,-1.4919711,33815.3,28364.992,16718.531,19498.629,17765340,0.034744117,941246.6,780050,2.1254547
Geo1,5/31/21,1955134,1417267,519930,1210512,-0.73888147,-1.1643982,21737.21,16204.459,6209.1255,14236.356,19137430,0.034708094,941246.6,681267,1.776854
Geo1,6/7/21,2376403,1054510,694554,1187875,-4.6838007,-1.9233489,26420.887,12056.842,8294.526,13970.132,14982336,0.035193823,941246.6,675538,1.7584133
Geo1,6/14/21,1987440,800770,2112253,1466177,4.4527946,-0.65199804,22096.39,9155.682,25225.02,17243.133,23223224,0.035029672,941246.6,743090,1.9730814
Geo1,6/21/21,2104902,884224,656028,0,-0.14349537,7.1869574,23402.334,10109.86,7834.44,0,27900968,0.035141237,941246.6,0,0
Geo1,6/28/21,2646446,796731,1282708,1201482,0.052451447,-1.8991238,29423.23,9109.501,15318.399,14130.158,16885728,0.035099607,941246.6,678453,1.7709141
Geo1,7/5/21,2449328,1661647,540186,2102215,2.8282082,4.224358,27231.668,18998.602,6451.0273,24723.326,27347910,0.035044942,941246.6,840432,2.5013504
Geo1,7/12/21,1224227,65755,737367,1496805,2.8119388,6.826626,13610.976,751.81616,8805.81,17603.336,30253920,0.035154626,941246.6,749581,1.9968556
Geo1,7/19/21,2558408,671636,1484897,232250,1.7961478,1.7876277,28444.422,7679.2153,17732.986,2731.4011,19286954,0.035439517,941246.6,205491,1.1302198
Geo1,7/26/21,355900,436386,1685829,1110905,0.5255798,2.05537,3956.9019,4989.4614,20132.564,13064.918,22327158,0.035379928,941246.6,652118,1.7035338
Geo1,8/2/21,1324505,1957821,1616108,715204,0.74148494,-0.43192855,14725.868,22384.936,19299.94,8411.233,24074982,0.034959164,941246.6,500268,1.4296417
Geo1,8/9/21,3129546,2249412,1516743,247287,-5.0728908,-1.3796782,34794.344,25718.87,18113.299,2908.2454,17071090,0.034504328,941246.6,216618,1.141581
Geo1,8/16/21,2211464,1289212,1000385,1709324,-1.9973311,-1.1614795,24587.092,14740.33,11946.832,20102.688,15818161,0.03524422,941246.6,787832,2.1696556
Geo1,8/23/21,2475294,1442576,505559,583115,-5.145817,-0.5036781,27520.36,16493.832,6037.504,6857.7866,13913983,0.034671187,941246.6,435100,1.3401861
Geo1,8/30/21,1296390,1394672,951766,862977,-0.83973265,1.9668521,14413.285,15946.117,11366.212,10149.134,22179686,0.03494542,941246.6,565469,1.5261261
Geo1,9/6/21,1293329,743040,0,0,0.8098558,5.7039914,14379.253,8495.62,0,0,25490102,0.034635026,941246.6,0,0
Geo1,9/13/21,1395081,1233273,1620371,1148312,1.4742777,-0.44413787,15510.533,14100.746,19350.85,13504.847,20909544,0.035191555,941246.6,663329,1.7311349
Geo1,9/20/21,1829034,2482745,1010301,874132,-7.054083,2.436866,20335.23,28386.705,12065.251,10280.323,19291926,0.035065744,941246.6,570166,1.5331184
Geo1,9/27/21,1707362,1672029,411811,344488,-1.0487244,0.34245652,18982.479,19117.305,4917.9434,4051.3882,17506338,0.03481845,941246.6,288969,1.1921278
Geo1,10/4/21,2488872,1741824,211998,1229233,-1.7127323,0.5460926,27671.318,19915.312,2531.7297,14456.526,18203972,0.03545767,941246.6,686508,1.7905589
Geo1,10/11/21,2396645,1595447,1456414,180124,0.007075282,-0.045119256,26645.938,18241.697,17392.836,2118.3677,21742626,0.034918495,941246.6,163717,1.1002157
Geo1,10/18/21,2637698,1439577,1186488,0,2.9711485,-1.0002497,29325.969,16459.543,14169.317,0,22832948,0.034578945,941246.6,0,0
Geo1,10/25/21,2866904,2047072,845159,969420,1.852905,0.37250322,31874.285,23405.396,10093.087,11400.968,27497074,0.034884322,941246.6,605606,1.6007438
Geo1,11/1/21,1163007,720705,1534850,1220102,-2.7091045,0.32992595,12930.331,8240.25,18329.537,14349.141,17475368,0.03493394,941246.6,683513,1.7850457
Geo1,11/8/21,1782679,1590080,1433609,1007857,-0.19912773,-0.5371397,19819.854,18180.334,17120.494,11853.011,22168390,0.03537471,941246.6,618814,1.6286913
Geo1,11/15/21,903748,697452,751544,0,2.7199054,-2.5350018,10047.885,7974.385,8975.114,0,18086178,0.035026416,941246.6,0,0
Geo1,11/22/21,2682584,1456866,711907,906057,0.10474259,7.8363433,29825.012,16657.219,8501.76,10655.78,31379544,0.03515459,941246.6,582078,1.5565903
Geo1,11/29/21,1701766,742232,0,1501379,3.7997894,-5.8951707,18920.262,8486.382,0,17657.129,14911101,0.035258714,941246.6,749975,2.0019054
Geo1,12/6/21,2425028,1856327,1200395,1687059,-1.2065201,-2.7254622,26961.5,21224.494,14335.397,19840.838,18509078,0.034944125,941246.6,784158,2.1514275
Geo1,12/13/21,2133579,868550,477117,384034,0.28465527,2.5472097,23721.166,9930.65,5697.843,4516.473,21550158,0.03517377,941246.6,314948,1.2193569
Geo1,12/20/21,945588,1863368,2297858,468689,3.7568822,-0.27894726,10513.0625,21304.998,27441.559,5512.0674,23408436,0.035133436,941246.6,368690,1.2712278
Geo1,12/27/21,928533,2116498,959824,103841,-1.0852287,-2.6166582,10323.445,24199.186,11462.442,1221.2333,14644883,0.03503535,941246.6,98161,1.0578641
Geo1,1/3/22,2200733,1977381,284118,1291206,0.76679873,-3.0759609,24467.785,22608.576,3393.0037,15185.367,20004334,0.034722343,941246.6,702398,1.8382826
Geo1,1/10/22,2269365,1552134,1768888,0,3.4085531,-3.2466288,25230.836,17746.475,21124.475,0,22484780,0.034975946,941246.6,0,0
Geo1,1/17/22,2619668,1053713,892680,1280035,-1.5479116,-0.94979084,29125.512,12047.7295,10660.594,15053.989,21006388,0.034653734,941246.6,698705,1.8320106
Geo1,1/24/22,1938859,2222111,1297119,567515,-2.7865546,1.0462588,21556.266,25406.72,15490.498,6674.3213,18948412,0.03510634,941246.6,426036,1.3320823
Geo1,1/31/22,1645947,1503869,0,721,-1.1932487,-0.024348373,18299.666,17194.63,0,8.479398,21571472,0.03542735,941246.6,735,0.9809524
Geo1,2/7/22,1648358,1357323,1230411,708542,-7.6876364,-3.834016,18326.47,15519.084,14693.855,8332.884,10444694,0.0351297,941246.6,498132,1.4223981
Geo1,2/14/22,2321366,1084877,1930578,320596,4.8690634,-0.745379,25808.984,12404.046,23055.414,3770.4036,23685346,0.03465506,941246.6,271395,1.1812893
Geo1,2/21/22,2967412,0,468896,530567,2.4387043,1.6813726,32991.734,0,5599.6655,6239.79,17671142,0.034836683,941246.6,405671,1.3078752
Geo1,2/28/22,2224794,508896,670943,1537230,8.006062,3.0652437,24735.295,5818.5117,8012.558,18078.758,28375592,0.034533262,941246.6,757640,2.0289714
Geo1,3/7/22,2931568,710707,1907043,681702,-3.2505991,1.4802794,32593.22,8125.937,22774.354,8017.2295,19855610,0.035397828,941246.6,485072,1.4053625
Geo1,3/14/22,1868833,1774325,1234588,825975,1.9341404,1.6308064,20777.715,20286.916,14743.738,9713.968,23886764,0.034683753,941246.6,549624,1.5028001
Geo1,3/21/22,1502840,2424784,1344431,298260,2.234096,1.3648305,16708.6,27724.002,16055.51,3507.7188,21890622,0.03514768,941246.6,256096,1.1646414
Geo1,3/28/22,1728121,0,1289682,1176948,-4.066938,-2.0279336,19213.277,0,15401.685,13841.623,9210424,0.03545726,941246.6,671725,1.7521278
Geo1,4/4/22,2353290,2103966,1040995,897842,3.3222451,1.8696728,26163.916,24055.898,12431.806,10559.167,23339006,0.035326824,941246.6,578117,1.5530455
Geo1,4/11/22,2821250,2437220,353148,1879029,-0.9939997,-3.4379015,31366.703,27866.191,4217.376,22098.521,19091844,0.034647673,941246.6,813768,2.3090475
Geo1,4/18/22,2346276,849807,881404,1015350,4.3218884,-1.1080334,26085.936,9716.351,10525.933,11941.133,22752242,0.035464015,941246.6,621022,1.6349663
Geo1,4/25/22,1586698,3448658,1732843,712143,0.7837913,-0.052820418,17640.934,39430.566,20694.016,8375.234,22149106,0.03511494,941246.6,499160,1.4266828
Geo1,5/2/22,2249435,296274,931133,1820110,2.9499454,-3.2128477,25009.254,3387.4775,11119.808,21405.6,19012928,0.035106655,941246.6,805158,2.2605624
Geo1,5/9/22,770180,2722178,804394,1718448,3.2492244,3.5430593,8562.874,31124.285,9606.262,20209.992,24480298,0.035423163,941246.6,789646,2.176226
Geo1,5/16/22,2954207,1362653,1787083,1724624,-1.7608278,-3.773806,32844.92,15580.024,21341.764,20282.625,18945204,0.035429373,941246.6,790710,2.1811082
Geo1,5/23/22,1575798,1083054,841534,1426124,1.9314716,-2.0269794,17519.748,12383.203,10049.796,16772.084,22581118,0.0353158,941246.6,733762,1.9435785
Geo1,5/30/22,1693359,879113,0,863827,-0.46599168,-1.3517108,18826.793,10051.424,0,10159.13,16259116,0.03487087,941246.6,565656,1.5271243
Geo1,6/6/22,1434852,1669575,1189895,0,2.95166,4.2920218,15952.708,19089.248,14210.005,0,24748262,0.03527586,941246.6,0,0
Geo1,6/13/22,1472404,1745990,1400914,1809020,-1.123253,-4.8820224,16370.212,19962.945,16730.043,21275.174,13084960,0.034528524,941246.6,803422,2.2516437
Geo1,6/20/22,1845628,1536010,975018,580608,1.0702746,-0.08370596,20519.723,17562.12,11643.893,6828.3027,20354898,0.034857947,941246.6,432700,1.3418257
Geo1,6/27/22,2410846,1138718,753784,825708,-0.1805585,-0.78976405,26803.824,13019.643,9001.865,9710.827,14875951,0.035445437,941246.6,549969,1.5013719
Geo1,7/4/22,2322725,1490352,1020328,1309884,-3.3615997,0.38661262,25824.094,17040.084,12184.996,15405.031,17614042,0.034595396,941246.6,708060,1.8499619
Geo1,7/11/22,2322221,994675,380266,1006796,-1.433546,3.252356,25818.49,11372.713,4541.2256,11840.532,20634350,0.034706894,941246.6,618339,1.6282266
Geo1,7/18/22,2379992,2136997,1036526,977100,0.72362375,-1.7147052,26460.79,24433.562,12378.436,11491.289,21332852,0.035329502,941246.6,608820,1.6049079
Geo1,7/25/22,2509590,366604,1880359,2221751,-0.08604251,3.9346411,27901.662,4191.602,22455.688,26129.14,22789146,0.034735236,941246.6,852227,2.6069944
Geo1,8/1/22,1477737,685217,1253602,665476,0.59328616,3.4278336,16429.504,7834.4946,14970.809,7826.402,22190138,0.035190366,941246.6,476846,1.3955785
Geo1,8/8/22,1627948,2682926,769127,1615727,3.8400922,0.4459953,18099.553,30675.494,9185.095,19001.932,25705520,0.03539647,941246.6,771718,2.0936754
Geo1,8/15/22,2714312,1719869,1644129,0,4.017273,1.8591375,30177.766,19664.29,19634.572,0,27599576,0.034763284,941246.6,0,0
Geo1,8/22/22,2258990,2260680,1685234,362595,-4.036255,-4.26591,25115.488,25847.703,20125.459,4264.3374,14077793,0.035413742,941246.6,300640,1.206077
Geo1,8/29/22,2281079,3036309,378050,282949,5.3257675,-2.6827507,25361.074,34715.934,4514.7617,3327.652,19670254,0.03537908,941246.6,243959,1.159822
Geo1,9/5/22,2281467,1107343,798423,1339911,-0.50181293,1.7299566,25365.387,12660.913,9534.954,15758.167,20574084,0.03488828,941246.6,715429,1.8728777
Geo1,9/12/22,2608264,949656,2126456,832708,-1.2704656,0.29895678,28998.72,10857.983,25394.635,9793.151,18988412,0.034783393,941246.6,552371,1.5075158
Geo1,9/19/22,2365852,2160504,218986,1479565,3.6410728,1.5676692,26303.58,24702.332,2615.1821,17400.584,29191458,0.035270415,941246.6,746118,1.9830174
Geo1,9/26/22,782432,1389734,2227727,723792,1.5219686,-1.5150266,8699.092,15889.658,26604.037,8512.233,23222882,0.034845125,941246.6,504795,1.4338335
Geo1,10/3/22,2730968,2806811,2385712,1227332,-4.313314,6.218767,30362.947,32091.945,28490.73,14434.17,26257812,0.034714773,941246.6,686409,1.7880477
Geo1,10/10/22,613650,730136,442193,301845,2.142373,-4.337324,6822.571,8348.081,5280.7725,3549.8806,12883451,0.034895353,941246.6,257903,1.1703819
Geo1,10/17/22,434335,1963686,96464,1133579,-0.011516972,1.3677154,4828.9434,22451.994,1151.9956,13331.577,20414824,0.03457782,941246.6,659412,1.7190754
Geo1,10/24/22,2762863,557700,1733671,1817339,0.94520867,1.6938763,30717.555,6376.517,20703.904,21373.01,24502268,0.034722626,941246.6,804648,2.2585516
Geo1,10/31/22,2285645,2580458,972256,676440,-0.20641261,-6.7985144,25411.838,29503.916,11610.908,7955.345,11213870,0.03452397,941246.6,482946,1.4006535
Geo1,11/7/22,2472433,1755113,1146533,2036360,1.3780066,2.5899184,27488.55,20067.254,13692.165,23948.83,29073286,0.034708753,941246.6,833382,2.4434893
Geo1,11/14/22,2555472,1434001,0,1146842,-1.3332627,0.78238785,28411.78,16395.79,0,13487.559,19253152,0.035472404,941246.6,663052,1.7296411
Geo1,11/21/22,2881275,1277771,1701929,1277187,3.301052,3.919671,32034.062,14609.519,20324.834,15020.495,29593410,0.03502796,941246.6,698834,1.8275971
Geo1,11/28/22,1845072,2416169,0,0,-0.41103593,3.2854865,20513.541,27625.502,0,0,21770670,0.035239067,941246.6,0,0
Geo1,12/5/22,2271712,2446259,3026864,790584,-4.7465863,2.150309,25256.932,27969.54,36147.52,9297.748,20616720,0.034838386,941246.6,534553,1.4789628
Geo1,12/12/22,1949728,1577513,966098,1040461,-5.1404223,-0.80892193,21677.107,18036.648,11537.368,12236.453,17750742,0.03534644,941246.6,629499,1.6528398
Geo1,12/19/22,2302082,1418409,711864,1236098,-1.0153167,-1.3569432,25594.586,16217.517,8501.246,14537.264,19334230,0.035323728,941246.6,688277,1.795931
Geo1,12/26/22,1984262,1660425,934457,1758662,-2.8856614,-1.9266679,22061.057,18984.629,11159.504,20682.934,16209981,0.035235308,941246.6,796552,2.2078433
Geo1,1/2/23,3353870,1481967,1247314,661371,-3.6595767,1.8953125,37288.383,16944.213,14895.716,7778.1245,21145642,0.034781415,941246.6,474532,1.3937331
Geo1,1/9/23,2523722,1290027,281866,1994955,1.1402695,1.1295332,28058.781,14749.648,3366.1096,23461.883,21461244,0.035208434,941246.6,828067,2.409171
Geo1,1/16/23,686369,1092923,808747,727414,-1.0511044,-1.6402626,7631.0615,12496.041,9658.246,8554.83,19948592,0.03531837,941246.6,507063,1.4345634
Geo1,1/23/23,3014863,1879222,1732378,181817,-1.7419405,1.4815221,33519.297,21486.266,20688.463,2138.2783,19140092,0.03506811,941246.6,165943,1.0956594
Geo1,1/30/23,985032,2147446,705917,1067723,0.5645707,3.4086921,10951.602,24553.031,8430.226,12557.071,25461036,0.035370465,941246.6,638793,1.6714694
Geo1,2/6/23,599173,1540860,770007,1196552,-3.3556256,-0.051227055,6661.615,17617.572,9195.604,14072.179,16923960,0.034669206,941246.6,676531,1.768658
Geo1,2/13/23,595692,3154158,1835732,971838,2.2769415,0.116793334,6622.913,36063.37,21922.74,11429.405,23106208,0.03528835,941246.6,605937,1.6038598
Geo1,2/20/23,1839440,1305037,1482069,1132277,2.7857635,0.53233576,20450.924,14921.267,17699.215,13316.266,24426164,0.03497338,941246.6,658046,1.7206655
Geo1,2/27/23,1963156,1439256,361380,2580993,-0.26806897,-3.7290602,21826.4,16455.873,4315.6846,30354.045,17252564,0.03461266,941246.6,880354,2.9317672
Geo1,3/6/23,2535107,2484806,1362141,1140627,0.41847315,-0.25815576,28185.361,28410.27,16267.007,13414.466,21894092,0.03469174,941246.6,661350,1.724695
Geo1,3/13/23,2819084,1663207,1439473,198779,-1.5221715,-0.23775712,31342.621,19016.438,17190.523,2337.7617,18119674,0.034865152,941246.6,179061,1.1101189
Geo1,3/20/23,2084122,1061048,1000965,272500,-1.3786626,0.34476855,23171.303,12131.595,11953.758,3204.7656,16458416,0.03492114,941246.6,237186,1.1488874
Geo1,3/27/23,1924917,903337,1077527,1494824,-0.039145913,-1.4982073,21401.258,10328.391,12868.079,17580.04,17489232,0.03478218,941246.6,748956,1.9958769
Geo1,4/3/23,2295270,1811477,1504214,0,1.5127156,-3.20181,25518.85,20711.697,17963.676,0,19468944,0.03459195,941246.6,0,0
Geo1,4/10/23,1937668,208870,1583619,0,-0.270662,0.3552769,21543.023,2388.1353,18911.95,0,20421846,0.034838147,941246.6,0,0
Geo1,4/17/23,1664749,1692754,733598,0,0.7139074,-0.699383,18508.707,19354.266,8760.799,0,20999680,0.035135865,941246.6,0,0
Geo1,4/24/23,1458235,1936890,1277700,512881,3.3816457,-2.4966512,16212.681,22145.62,15258.592,6031.792,19999380,0.034665164,941246.6,395498,1.296798
Geo1,5/1/23,4247381,2271986,1362800,1610545,-5.4250865,2.2041044,47222.45,25976.973,16274.876,18940.988,20737418,0.0349969,941246.6,771316,2.0880482
Geo1,5/8/23,1143262,1614431,1257187,0,0.50526655,3.5544581,12710.806,18458.754,15013.621,0,25089888,0.035001125,941246.6,0,0
Geo1,5/15/23,2356448,1336937,1544783,1183021,0.99120766,-3.0943222,26199.027,15285.998,18448.16,13913.046,14947013,0.035067532,941246.6,673375,1.7568532
Geo1,5/22/23,1841870,492723,1779534,294797,1.9436076,-3.0822916,20477.941,5633.596,21251.611,3466.9917,17774780,0.03530877,941246.6,252838,1.1659521
Geo1,5/29/23,938208,1631250,1577977,1296788,4.285465,0.4005974,10431.012,18651.055,18844.57,15251.015,21479084,0.03497733,941246.6,704290,1.84127
Geo1,6/5/23,2650236,1578901,1397584,1512112,3.0214713,-0.8259412,29465.367,18052.518,16690.275,17783.355,21796962,0.034723178,941246.6,752290,2.0100121
Geo1,6/12/23,1822545,304769,1042253,1419083,-8.724248,0.6942042,20263.084,3484.606,12446.829,16689.277,10840965,0.03493895,941246.6,733429,1.9348608
Geo1,6/19/23,3164229,1240616,982067,610576,4.7600093,-0.97696424,35179.95,14184.703,11728.074,7180.7446,21665504,0.03453078,941246.6,449422,1.3585806
Geo1,6/26/23,1850352,1838025,558617,724703,-1.2901585,1.3566741,20572.244,21015.236,6671.135,8522.947,17297982,0.035122383,941246.6,505207,1.4344674
Geo1,7/3/23,1244830,1460420,520007,0,0.9583305,-0.7211276,13840.04,16697.854,6210.0454,0,18359802,0.034955747,941246.6,0,0
Geo1,7/10/23,2594870,1111787,1067906,343654,-0.3090576,-2.5795312,28849.807,12711.725,12753.184,4041.5798,15480095,0.034739602,941246.6,288427,1.1914766
Geo1,7/17/23,2582752,1126692,550636,0,0.37487656,-3.7228427,28715.078,12882.142,6575.8237,0,15507609,0.03455938,941246.6,0,0
Geo1,7/24/23,2226669,327198,1201478,1242946,-5.6661663,-2.4180436,24756.143,3741.05,14348.331,14617.8,7324246.5,0.035085183,941246.6,690013,1.8013371
Geo1,7/31/23,1685189,1887434,766836,1532198,0.52889574,-3.5681756,18735.959,21580.16,9157.735,18019.578,18987980,0.03491641,941246.6,756157,2.0262961
Geo1,8/7/23,2106196,2971964,1978188,36432,0.32108527,-0.3801773,23416.72,33980.24,23623.984,428.46243,19758940,0.035179902,941246.6,35738,1.0194191
Geo1,8/14/23,2463579,1765162,1008781,1064506,-6.2024336,-0.3620187,27390.111,20182.15,12047.099,12519.237,13805058,0.03500035,941246.6,637797,1.6690358
Geo1,8/21/23,3108494,1861210,0,1845832,0.38482144,-1.7081876,34560.285,21280.324,0,21708.105,17654422,0.034891542,941246.6,808729,2.2823863
Geo1,8/28/23,1777491,1094576,1242591,302200,-2.2070808,0.67465186,19762.174,12514.94,14839.3125,3554.0557,20452016,0.035041254,941246.6,258905,1.1672235
Geo1,9/4/23,2064113,2067263,1418747,1504679,-1.121453,3.2165532,22948.842,23636.252,16943.008,17695.94,25708490,0.034962267,941246.6,750386,2.0052066
Geo1,9/11/23,2286064,2057718,1755605,24790,-2.2122126,-3.572646,25416.496,23527.117,20965.846,291.54547,13147734,0.035102952,941246.6,24541,1.0101463
Geo1,9/18/23,2601336,1479110,843962,1764426,7.481797,-4.3051944,28921.695,16911.547,10078.792,20750.72,23523284,0.034580026,941246.6,796968,2.2139232
Geo1,9/25/23,2175024,322807,1211206,168832,-2.0630066,-3.0488744,24181.951,3690.845,14464.505,1985.5669,16375169,0.03519775,941246.6,154094,1.0956429
Geo1,10/2/23,2695176,1616447,846434,1311290,1.4076389,-2.2214646,29965.01,18481.803,10108.3125,15421.566,19058628,0.035394948,941246.6,707554,1.853272
Geo1,10/9/23,2073026,1249466,705396,793272,-3.2087936,-0.84004724,23047.938,14285.891,8424.004,9329.36,17579504,0.035106048,941246.6,535044,1.4826294
Geo1,10/16/23,2334618,2041451,1088548,1820663,-3.758253,-0.9405614,25956.32,23341.127,12999.694,21412.104,19633950,0.035219677,941246.6,805638,2.259902
Geo1,10/23/23,2406690,1383600,1788315,1711290,-0.2325937,4.965378,26757.62,15819.524,21356.477,20125.81,27544520,0.035273626,941246.6,788237,2.1710348
Geo1,10/30/23,3188632,1098667,908570,716069,1.1952231,0.33238736,35451.26,12561.716,10850.355,8421.406,22761904,0.034752477,941246.6,501420,1.4280822
Geo1,11/6/23,1359435,1310512,372707,1052398,-0.34997946,-1.0650644,15114.221,14983.865,4450.954,12376.84,18333096,0.034962192,941246.6,632857,1.6629318
Geo1,11/13/23,3008390,1388828,1283988,743550,2.6373837,-1.2884593,33447.33,15879.299,15333.685,8744.6,21296852,0.034804776,941246.6,513608,1.4476994
Geo1,11/20/23,1016410,1057494,1419335,1440463,3.7518015,-4.212458,11300.463,12090.96,16950.031,16940.72,22505746,0.034657806,941246.6,737478,1.9532285
Geo1,11/27/23,1238522,298618,1061802,1094103,-3.5551147,-5.1103067,13769.907,3414.2778,12680.288,12867.315,10525611,0.03547736,941246.6,647244,1.6904027
Geo1,12/4/23,2889172,1303211,1237990,830258,-0.76151955,0.53558147,32121.861,14900.389,14784.366,9764.338,22525050,0.034658752,941246.6,551539,1.5053477
Geo1,12/11/23,1511778,1236727,0,1111977,4.3587513,-0.5082977,16807.973,14140.237,0,13077.524,24028474,0.03452786,941246.6,653168,1.7024364
Geo1,12/18/23,2518876,1560236,1350792,2523806,-3.6006732,-0.5313724,28004.904,17839.11,16131.474,29681.492,21465690,0.03526386,941246.6,876511,2.8793774
Geo1,12/25/23,2299803,32763,1655447,26664,-6.8922253,-5.6971226,25569.246,374.59894,19769.734,313.58484,7880726,0.034887824,941246.6,25920,1.0287037
Geo1,1/1/24,2274402,2511346,14731,715839,-2.2547016,1.4167751,25286.838,28713.717,175.92105,8418.701,20809086,0.035327483,941246.6,501082,1.4285865
Geo1,1/8/24,786126,0,1411209,1724418,2.66209,-5.142115,8740.161,0,16852.988,20280.203,13530469,0.035230394,941246.6,790263,2.1820812
Geo1,1/15/24,2067059,2773346,1458800,2218426,-7.162899,-3.8618927,22981.596,31709.32,17421.33,26090.037,9430961,0.03505754,941246.6,852424,2.6024911
Geo10,1/25/21,2633434,143706,405922,0,1.2148387,-2.4984293,29278.562,1643.0764,4847.615,0,16992248,0.035272237,977475.9,0,0
Geo10,2/1/21,2376220,2213933,1736233,494055,-0.2722842,-2.4739218,26418.852,25313.217,20734.5,5810.3867,14110129,0.034929894,977475.9,387451,1.2751418
Geo10,2/8/21,3295103,2348736,1850699,777895,1.2796931,2.771586,36635.008,26854.5,22101.48,9148.518,23052426,0.034753703,977475.9,536254,1.4506092
Geo10,2/15/21,2830333,1044533,329154,774911,0.585369,0.14241558,31467.688,11942.77,3930.834,9113.424,20023862,0.035476025,977475.9,534363,1.4501584
Geo10,2/22/21,2198604,599232,2309668,2116058,1.0315038,-0.14433247,24444.115,6851.377,27582.596,24886.127,21245954,0.03522877,977475.9,865153,2.4458773
Geo10,3/1/21,1061415,1023769,1450278,947192,2.8749704,7.197892,11800.829,11705.362,17319.559,11139.553,31519608,0.034594975,977475.9,607334,1.55959
Geo10,3/8/21,2548665,1770969,1041493,1370439,-0.8982831,-1.2390692,28336.1,20248.545,12437.753,16117.195,20269288,0.035114527,977475.9,736408,1.8609779
Geo10,3/15/21,931189,1216595,2088421,40478,0.644448,1.1152571,10352.975,13910.057,24940.412,476.04587,18904488,0.03483537,977475.9,39552,1.0234122
Geo10,3/22/21,2764010,900836,2724938,1267662,-1.6850004,1.5209725,30730.309,10299.796,32541.848,14908.475,19473990,0.03545575,977475.9,710509,1.7841604
Geo10,3/29/21,2980958,2094342,707388,1873979,2.9429364,-4.7803936,33142.34,23945.861,8447.793,22039.13,19339386,0.03535815,977475.9,833843,2.2474003
Geo10,4/5/21,2764622,1648667,0,1169498,-3.3442059,1.7309704,30737.111,18850.193,0,13754.007,19238302,0.03470827,977475.9,681798,1.7153145
Geo10,4/12/21,3728751,1297800,1924853,1334351,-4.878476,0.39314306,41456.312,14838.521,22987.045,15692.778,17400346,0.034511276,977475.9,728252,1.8322655
Geo10,4/19/21,2868830,1163086,986403,660580,-3.5622416,0.89646757,31895.7,13298.256,11779.855,7768.822,16144268,0.03536551,977475.9,480128,1.3758415
Geo10,4/26/21,2297942,1398969,1280250,1318586,1.9678886,4.1023245,25548.557,15995.247,15289.045,15507.372,25716034,0.034888975,977475.9,723431,1.8226838
Geo10,5/3/21,2110416,1799137,311550,444701,0.75271714,0.83630955,23463.639,20570.607,3720.603,5229.9536,19269160,0.034811534,977475.9,356971,1.2457622
Geo10,5/10/21,607110,1207605,185639,1650334,-2.020961,0.6788759,6749.859,13807.269,2216.9443,19408.93,16201371,0.035063956,977475.9,797251,2.0700307
Geo10,5/17/21,1603905,1586640,2010634,0,0.5885427,-6.2028284,17832.242,18141.002,24011.46,0,12354896,0.034896504,977475.9,0,0
Geo10,5/24/21,3831244,1639119,1992880,622344,1.0611491,1.188739,42595.832,18741.025,23799.44,7319.1436,18249838,0.034730364,977475.9,461133,1.3495976
Geo10,5/31/21,2483880,659773,1036656,1031882,0.6360173,3.4268384,27615.818,7543.5786,12379.988,12135.559,24584686,0.034524832,977475.9,637211,1.6193726
Geo10,6/7/21,2507727,1866289,596807,2001306,0.63659865,-0.68514746,27880.95,21338.396,7127.209,23536.574,19729552,0.034749765,977475.9,851515,2.3502886
Geo10,6/14/21,1643231,313659,1008695,772740,0.4250034,2.4005446,18269.469,3586.2505,12046.071,9087.892,22105732,0.034998685,977475.9,533755,1.4477428
Geo10,6/21/21,2138814,1060363,1275755,143767,2.7818217,2.0557983,23779.37,12123.763,15235.364,1690.7872,23861152,0.035481762,977475.9,133447,1.077334
Geo10,6/28/21,2585166,2009517,1253954,1734682,-1.5539284,-0.56725705,28741.918,22976.008,14975.012,20400.914,15963574,0.035007574,977475.9,812248,2.1356556
Geo10,7/5/21,2781275,1889987,1454427,2068669,2.9058425,2.9707742,30922.26,21609.35,17369.107,24328.805,25561576,0.035239078,977475.9,859595,2.4065623
Geo10,7/12/21,1703704,347970,2008827,495195,-0.39672935,-0.39561963,18941.809,3978.5486,23989.883,5823.794,17807942,0.03489288,977475.9,388386,1.2750074
Geo10,7/19/21,2587104,1657329,1921964,250568,1.887949,-3.4902155,28763.465,18949.23,22952.543,2946.8318,11675608,0.0353654,977475.9,221755,1.1299317
Geo10,7/26/21,1444135,276781,1892452,1044206,3.1631517,0.84967875,16055.916,3164.6023,22600.104,12280.497,22543366,0.03491521,977475.9,641325,1.628201
Geo10,8/2/21,862611,1226520,1534226,418711,6.3707814,-3.892338,9590.523,14023.535,18322.086,4924.296,22379838,0.034522697,977475.9,340581,1.2294021
Geo10,8/9/21,2191669,1859103,1686164,0,3.356357,2.988298,24367.012,21256.234,20136.564,0,25809652,0.034743764,977475.9,0,0
Geo10,8/16/21,3183884,2749530,2408971,1333662,3.8114858,2.3368828,35398.473,31437.018,28768.494,15684.675,22961776,0.034743987,977475.9,727845,1.8323435
Geo10,8/23/21,3273542,1280217,0,254912,-3.4107535,6.537554,36395.293,14637.485,0,2997.92,20803062,0.035411183,977475.9,224106,1.1374618
Geo10,8/30/21,3215460,1082315,960208,340624,-0.68566346,-0.16149819,35749.535,12374.753,11467.028,4005.945,18718988,0.03457333,977475.9,287665,1.1840996
Geo10,9/6/21,1638616,1638268,0,695562,-0.23615807,-2.1913662,18218.16,18731.295,0,8180.2314,14536493,0.03466906,977475.9,498399,1.3955927
Geo10,9/13/21,2478272,1446744,2571456,164334,-0.7020096,-1.1371489,27553.469,16541.488,30708.93,1932.6676,17225010,0.034575023,977475.9,151410,1.0853577
Geo10,9/20/21,1588133,2687652,21271,1392703,1.135797,1.6273577,17656.889,30729.53,254.02325,16379.033,22799700,0.034962222,977475.9,742146,1.876589
Geo10,9/27/21,1744467,1323836,96148,918919,1.7873544,-2.886662,19395.012,15136.207,1148.2219,10807.046,15314285,0.034766812,977475.9,596994,1.5392432
Geo10,10/4/21,2009221,2679278,1022466,2328227,-2.834376,1.006958,22338.55,30633.783,12210.528,27381.363,17927210,0.03479841,977475.9,887497,2.6233633
Geo10,10/11/21,3446772,911914,720819,1268180,2.7334905,-1.7780896,38321.266,10426.457,8608.189,14914.567,20957760,0.034860387,977475.9,710482,1.7849573
Geo10,10/18/21,1751582,1293886,808125,0,-2.5006518,-1.9894042,19474.117,14793.7705,9650.817,0,16133153,0.0348764,977475.9,0,0
Geo10,10/25/21,3388828,1292810,1008563,527573,1.4112735,2.2619128,37677.043,14781.468,12044.495,6204.579,27774018,0.034554902,977475.9,408100,1.2927542
Geo10,11/1/21,2071675,1932209,1639486,789948,-0.47061294,2.1706138,23032.916,22092.098,19579.125,9290.269,20158438,0.035047643,977475.9,540666,1.4610647
Geo10,11/8/21,3242023,1793894,1564708,661962,-1.2620788,0.40330046,36044.863,20510.66,18686.11,7785.075,20674040,0.03451837,977475.9,480348,1.3780884
Geo10,11/15/21,2453015,951038,0,0,-7.007073,1.6995782,27272.66,10873.785,0,0,13221705,0.03539463,977475.9,0,0
Geo10,11/22/21,2807810,1647686,78847,153716,-0.67088616,1.2626436,31217.277,18838.977,941.6093,1807.7936,19519288,0.034953967,977475.9,142627,1.0777483
Geo10,11/29/21,1893498,1677994,854804,870347,2.4034166,-7.868165,21051.941,19185.506,10208.27,10235.81,11272580,0.035143975,977475.9,576172,1.510568
Geo10,12/6/21,2772416,993578,1637553,1458118,-1.1750801,1.0330884,30823.766,11360.17,19556.041,17148.354,20992750,0.035313383,977475.9,758023,1.9235802
Geo10,12/13/21,1760650,1695554,1476374,827282,-2.6489124,-5.37267,19574.936,19386.281,17631.203,9729.339,9105598,0.035372447,977475.9,557407,1.4841615
Geo10,12/20/21,1993927,1487262,3331166,978459,1.6550944,-0.88007164,22168.514,17004.754,39781.562,11507.272,20770168,0.035362374,977475.9,618501,1.5819845
Geo10,12/27/21,2496762,2326386,2041333,0,-5.8234415,0.47152975,27759.041,26598.959,24378.076,0,14050462,0.03517787,977475.9,0,0
Geo10,1/3/22,2260456,1114704,1220526,997280,-0.17068404,-1.0356483,25131.787,12745.076,14575.807,11728.618,21314872,0.035009336,977475.9,625329,1.5948085
Geo10,1/10/22,2283910,2126218,1233516,0,4.5765457,-3.653964,25392.549,24310.318,14730.937,0,21365140,0.03472263,977475.9,0,0
Geo10,1/17/22,2348604,1934746,491775,0,-2.029523,-1.2570603,26111.816,22121.105,5872.892,0,17828664,0.03492813,977475.9,0,0
Geo10,1/24/22,2758569,1306201,1930329,1251578,4.7145557,4.6206684,30669.814,14934.575,23052.44,14719.317,27224070,0.03500808,977475.9,705385,1.7743189
Geo10,1/31/22,2146671,1470643,508448,0,1.1540998,-0.4295057,23866.723,16814.738,6072.005,0,20943346,0.03537563,977475.9,0,0
Geo10,2/7/22,3537979,1150271,963321,575404,-4.272793,-3.4092946,39335.31,13151.734,11504.205,6767.1006,12207634,0.034899704,977475.9,434314,1.3248571
Geo10,2/14/22,2706951,1078703,1716378,1181032,-0.9545032,1.3284078,30095.926,12333.455,20497.387,13889.653,21863646,0.03489865,977475.9,685421,1.7230753
Geo10,2/21/22,1162692,1873210,1197947,279454,3.0729146,3.352882,12926.828,21417.527,14306.163,3286.5488,21555952,0.035272893,977475.9,242908,1.150452
Geo10,2/28/22,671775,1482581,0,0,4.70502,-4.0286713,7468.805,16951.232,0,0,14211771,0.03504914,977475.9,0,0
Geo10,3/7/22,1874254,808517,1802466,1326449,0.61016107,0.73438066,20837.986,9244.257,21525.47,15599.846,20467678,0.035415106,977475.9,726158,1.8266672
Geo10,3/14/22,1905206,913699,804790,1346163,3.3898664,1.8364624,21182.111,10446.866,9610.99,15831.694,23639678,0.03498847,977475.9,731068,1.841365
Geo10,3/21/22,1764853,2951727,1089924,834098,-3.750465,5.311676,19621.664,33748.855,13016.127,9809.499,21330672,0.034814402,977475.9,560944,1.4869541
Geo10,3/28/22,2723890,1442605,1198240,1133350,-2.358551,-0.05216017,30284.254,16494.164,14309.662,13328.885,12476372,0.035438158,977475.9,671064,1.6888851
Geo10,4/4/22,2123178,1938516,863397,216016,1.3516064,7.17329,23605.527,22164.21,10310.889,2540.4792,25905248,0.03464777,977475.9,194041,1.1132493
Geo10,4/11/22,2135205,1106200,572313,1846954,-2.5096068,-2.1228938,23739.244,12647.845,6834.696,21721.3,17961138,0.03514398,977475.9,829245,2.2272718
Geo10,4/18/22,3546496,267955,1600790,862335,0.90538305,2.654179,39430,3063.6895,19117.008,10141.583,23576110,0.034516133,977475.9,573268,1.5042441
Geo10,4/25/22,1979574,2289682,1576123,2038015,-2.8551126,5.4499135,22008.936,26179.3,18822.43,23968.295,25405554,0.03546541,977475.9,856509,2.379444
Geo10,5/2/22,1528006,511762,1157857,1260478,1.770668,0.7549137,16988.395,5851.2803,13827.399,14823.987,21566590,0.034637854,977475.9,707070,1.7826778
Geo10,5/9/22,1229414,2102476,736205,973579,5.177917,0.79588664,13668.645,24038.863,8791.933,11449.88,21887292,0.0351037,977475.9,616324,1.5796546
Geo10,5/16/22,2182715,1569992,125561,1746796,0.58537555,-5.062541,24267.46,17950.656,1499.4789,20543.383,16760605,0.034861214,977475.9,813874,2.1462734
Geo10,5/23/22,2495838,1904264,880991,255722,3.6252987,1.7872413,27748.768,21772.586,10521.001,3007.446,25859248,0.034780134,977475.9,225059,1.1362443
Geo10,5/30/22,2320480,843210,1011215,406007,-0.00730182,-1.1912917,25799.135,9640.923,12076.166,4774.8887,16292586,0.03507588,977475.9,332079,1.2226217
Geo10,6/6/22,1866763,2506865,876206,803295,2.245153,1.1107885,20754.701,28662.484,10463.857,9447.237,20694012,0.03472582,977475.9,547801,1.4663993
Geo10,6/13/22,1482400,2367933,1338589,561529,-0.66035306,1.0570784,16481.348,27073.99,15985.743,6603.922,19015598,0.03501714,977475.9,426877,1.3154352
Geo10,6/20/22,1824222,1109221,1478599,1494707,-4.645567,-2.7893386,20281.73,12682.386,17657.775,17578.662,12316602,0.034540508,977475.9,764832,1.9542946
Geo10,6/27/22,2378658,141328,784221,106195,4.028794,2.5404632,26445.959,1615.8873,9365.351,1248.9177,19023418,0.03481587,977475.9,100864,1.0528533
Geo10,7/4/22,2780169,1933228,778292,624703,-8.88084,-0.09557775,30909.965,22103.75,9294.545,7346.8867,8776359,0.035262473,977475.9,461662,1.353161
Geo10,7/11/22,1974443,1792029,1013950,1049678,-2.5760005,1.617218,21951.889,20489.336,12108.828,12344.851,17802912,0.034689847,977475.9,643958,1.6300411
Geo10,7/18/22,3000772,1226866,646000,1020338,-0.40355453,-1.8244607,33362.633,14027.491,7714.683,11999.795,18014958,0.03459962,977475.9,632568,1.6130092
Geo10,7/25/22,3115702,839721,2309446,1663402,1.1089709,2.4096239,34640.426,9601.031,27579.943,19562.617,20841650,0.034813307,977475.9,799098,2.0815995
Geo10,8/1/22,2279584,676959,1112015,25020,-0.31248447,-0.13452227,25344.451,7740.076,13279.943,294.2504,14560572,0.035480306,977475.9,24865,1.0062337
Geo10,8/8/22,2821418,2088323,715498,2192927,-1.047411,-1.6779732,31368.57,23877.043,8544.645,25790.154,18245670,0.034515552,977475.9,873999,2.5090728
Geo10,8/15/22,1362151,2375383,975667,772091,2.2962265,0.5170551,15144.417,27159.172,11651.644,9080.259,24438396,0.034878787,977475.9,532977,1.4486384
Geo10,8/22/22,1843782,2436366,1728082,145415,-5.3200483,5.572356,20499.197,27856.426,20637.16,1710.1687,22286022,0.035252444,977475.9,135533,1.0729121
Geo10,8/29/22,2754122,1194790,1115248,884022,-5.045129,0.068877965,30620.373,13660.747,13318.553,10396.636,13516529,0.034773916,977475.9,581775,1.5195256
Geo10,9/5/22,1162255,1975804,573311,1213414,4.811838,1.2349617,12921.97,22590.547,6846.6143,14270.485,23125706,0.03473261,977475.9,694836,1.7463315
Geo10,9/12/22,2422880,1162199,1279357,858530,0.39286822,-0.62355554,26937.62,13288.114,15278.381,10096.834,17020304,0.034618605,977475.9,571753,1.501575
Geo10,9/19/22,2850188,1882026,629236,1084796,3.4897037,1.3556309,31688.436,21518.326,7514.4834,12757.859,26541718,0.034908514,977475.9,655237,1.655578
Geo10,9/26/22,1696096,1521235,1735516,334169,-0.9831206,-3.875101,18857.223,17393.188,20725.938,3930.0305,15948204,0.035317603,977475.9,283920,1.176983
Geo10,10/3/22,2234094,2279085,2089762,1120838,1.1246334,-2.1722496,24838.693,26058.139,24956.426,13181.735,18639040,0.034921747,977475.9,667180,1.6799635
Geo10,10/10/22,531804,1049110,0,0,3.0163014,-0.3001141,5912.6055,11995.101,0,0,16389553,0.034891333,977475.9,0,0
Geo10,10/17/22,1905767,1597960,183405,868237,9.236205,-1.1535074,21188.348,18270.43,2190.2654,10210.994,22190800,0.035468165,977475.9,576344,1.5064563
Geo10,10/24/22,3258418,222711,1250640,2393102,1.5407349,1.091751,36227.145,2546.3877,14935.436,28144.332,21999722,0.03460209,977475.9,892892,2.6801696
Geo10,10/31/22,875278,1734110,1093803,515950,1.0202091,4.993223,9731.355,19827.115,13062.451,6067.8853,23538218,0.034926765,977475.9,400591,1.287972
Geo10,11/7/22,2995073,1368400,320412,1832906,-0.82999086,2.9361787,33299.27,15645.733,3826.435,21556.088,25523638,0.03521745,977475.9,828316,2.21281
Geo10,11/14/22,2958036,2182532,0,1772798,-4.311637,3.9452727,32887.492,24954.191,0,20849.182,20823294,0.034522675,977475.9,818227,2.1666334
Geo10,11/21/22,1691424,701023,1017263,2343826,-2.816735,0.18041249,18805.28,8015.2144,12148.393,27564.816,19141688,0.0348589,977475.9,888719,2.6373084
Geo10,11/28/22,2385451,1086436,477756,0,1.5628171,5.2246237,26521.482,12421.871,5705.474,0,22952912,0.034786396,977475.9,0,0
Geo10,12/5/22,2512363,1848999,1546883,717884,1.8561141,-0.56023604,27932.492,21140.709,18473.238,8442.752,21331572,0.03467399,977475.9,507978,1.4132187
Geo10,12/12/22,2807547,1751544,2449828,472100,2.119728,0.95825803,31214.354,20026.447,29256.42,5552.1826,24903970,0.034884106,977475.9,375104,1.2585843
Geo10,12/19/22,2813654,1863620,1361196,1002357,1.6889248,1.3406782,31282.25,21307.879,16255.721,11788.327,24282092,0.03511171,977475.9,627858,1.5964708
Geo10,12/26/22,1341853,1397638,1065763,2480007,-0.6179299,-2.19959,14918.743,15980.029,12727.591,29166.389,15911829,0.034941982,977475.9,900123,2.7551868
Geo10,1/2/23,2826647,1303909,1094803,1706007,-7.140524,0.6616238,31426.707,14908.37,13074.394,20063.678,16809326,0.034638368,977475.9,806560,2.1151645
Geo10,1/9/23,1306815,1109999,1032347,2074119,2.1462297,7.0387506,14529.19,12691.281,12328.529,24392.898,29758898,0.034540787,977475.9,859971,2.4118476
Geo10,1/16/23,3295736,606043,1426002,1136324,0.23416762,2.5878587,36642.047,6929.2515,17029.648,13363.86,25454748,0.03538401,977475.9,671618,1.6919202
Geo10,1/23/23,2599659,1289547,2053331,350592,-0.49629587,-3.9677591,28903.05,14744.16,24521.36,4123.175,13021231,0.035407845,977475.9,294728,1.1895442
Geo10,1/30/23,2037527,1139747,788827,2072190,4.3792,-4.40253,22653.258,13031.407,9420.356,24370.213,20062374,0.03507485,977475.9,860296,2.4086943
Geo10,2/6/23,132810,1147157,1662117,849788,1.936868,0.27373222,1476.5837,13116.131,19849.39,9994.023,21102608,0.035341755,977475.9,568004,1.4960951
Geo10,2/13/23,1864025,3407728,1319238,568298,1.373092,-2.1031742,20724.26,38962.586,15754.648,6683.53,17151198,0.035447862,977475.9,430324,1.3206282
Geo10,2/20/23,1413628,487547,854428,1221955,2.9369025,-2.3453226,15716.739,5574.416,10203.779,14370.933,19470950,0.03471782,977475.9,698034,1.7505666
Geo10,2/27/23,1900175,525445,775268,801391,1.2605193,0.5411277,21126.176,6007.726,9258.432,9424.845,21742898,0.035195254,977475.9,546854,1.465457
Geo10,3/6/23,2493850,2197390,825914,2054006,-1.0643722,-5.1013637,27726.664,25124.07,9863.258,24156.357,14681413,0.035047654,977475.9,857849,2.3943677
Geo10,3/13/23,2545069,1540747,1115178,0,1.3930248,0.1444202,28296.12,17616.28,13317.717,0,19650414,0.034644276,977475.9,0,0
Geo10,3/20/23,2422075,741425,1796866,1400122,-0.7336875,-3.1236112,26928.67,8477.154,21458.594,16466.285,12196956,0.035017375,977475.9,743594,1.8829119
Geo10,3/27/23,668733,2154850,739742,761375,0.8122293,-5.5668364,7434.9844,24637.686,8834.172,8954.232,10714140,0.03522329,977475.9,529040,1.4391634
Geo10,4/3/23,2141781,1122972,1109367,0,-2.5961971,-0.69697803,23812.355,12839.609,13248.32,0,16420203,0.034845497,977475.9,0,0
Geo10,4/10/23,2169803,1375005,1654970,0,3.4288359,0.65725005,24123.904,15721.253,19764.04,0,21517412,0.034697346,977475.9,0,0
Geo10,4/17/23,2215605,385223,1299526,416002,5.3840103,5.766129,24633.133,4404.4844,15519.243,4892.436,30937034,0.0347558,977475.9,338433,1.2292005
Geo10,4/24/23,1547139,1162104,634601,462197,-0.09183202,-1.5788789,17201.117,13287.028,7578.5537,5435.7173,16753556,0.03493656,977475.9,368621,1.2538543
Geo10,5/1/23,2807238,1576065,1977809,24797,1.6292496,-1.5863681,31210.918,18020.092,23619.457,291.62778,18482492,0.03545015,977475.9,24310,1.0200329
Geo10,5/8/23,2361979,1221155,1317738,84655,2.432176,-2.1683812,26260.521,13962.193,15736.735,995.59424,17494244,0.035156485,977475.9,80641,1.0497762
Geo10,5/15/23,2216890,1762171,1196270,423095,2.0928168,-2.671232,24647.42,20147.953,14286.136,4975.854,13337518,0.03491249,977475.9,344041,1.2297808
Geo10,5/22/23,2774722,1248858,2467200,673473,0.68119645,-3.9715738,30849.404,14278.938,29463.879,7920.4517,14869220,0.03477376,977475.9,486577,1.3841037
Geo10,5/29/23,1647535,1680228,1751554,2495590,-2.605935,0.2063649,18317.32,19211.049,20917.467,29349.654,15789686,0.03516575,977475.9,901378,2.7686386
Geo10,6/5/23,1896951,1369341,1730726,617320,-1.1397295,2.147108,21090.332,15656.493,20668.734,7260.058,21338184,0.034880113,977475.9,458163,1.3473808
Geo10,6/12/23,1354424,1018590,1243904,685861,-0.85627973,-1.5253522,15058.508,11646.147,14854.992,8066.142,12939871,0.035423055,977475.9,492833,1.3916702
Geo10,6/19/23,3077804,574168,2194036,1565468,1.3731552,-4.455283,34219.074,6564.805,26201.691,18410.854,14886318,0.035335958,977475.9,780629,2.005393
Geo10,6/26/23,1707475,1766930,1127806,559769,-5.981239,-1.3698871,18983.734,20202.365,13468.523,6583.2236,8700900,0.035444226,977475.9,426315,1.3130409
Geo10,7/3/23,881105,1462842,1593714,1381570,1.8765578,9.55742,9796.14,16725.545,19032.506,16248.103,30683820,0.03467673,977475.9,739629,1.867923
Geo10,7/10/23,1445844,0,1338305,628226,-4.5392656,2.8427973,16074.917,0,15982.352,7388.3193,16559840,0.03499459,977475.9,462816,1.3573991
Geo10,7/17/23,1641679,956855,317790,321775,0.117002495,4.9918623,18252.213,10940.294,3795.1226,3784.2695,22959112,0.034994174,977475.9,273986,1.1744213
Geo10,7/24/23,1719223,1016584,1786527,1449005,-0.7742935,-2.0526412,19114.35,11623.212,21335.123,17041.18,11179226,0.034511164,977475.9,754728,1.9199036
Geo10,7/31/23,1601839,2453736,1719327,1450886,2.7895536,0.86150575,17809.271,28055.027,20532.605,17063.3,24127486,0.035058666,977475.9,756199,1.9186563
Geo10,8/7/23,2207709,1957144,1944449,1019307,4.1199393,-0.04905813,24545.344,22377.195,23221.064,11987.669,23413688,0.034827597,977475.9,632736,1.6109515
Geo10,8/14/23,1605807,1661757,1277832,2286316,0.44018367,-1.3553348,17853.389,18999.86,15260.169,26888.465,17495526,0.03516639,977475.9,883450,2.5879405
Geo10,8/21/23,2694664,1074542,0,885443,-2.5353274,0.15482712,29959.318,12285.88,0,10413.348,16978628,0.034942444,977475.9,582357,1.5204471
Geo10,8/28/23,2551981,3016196,2025650,238294,-4.959341,-2.5699887,28372.967,34485.97,24190.785,2802.4822,13695681,0.034539226,977475.9,212076,1.1236255
Geo10,9/4/23,1365734,1899602,1131457,1585570,1.3077973,-3.6670556,15184.253,21719.283,13512.124,18647.266,19976016,0.034927193,977475.9,785104,2.0195668
Geo10,9/11/23,2787682,2047324,2678288,1121012,-1.5929899,0.60658246,30993.494,23408.277,31984.742,13183.782,17404528,0.034556836,977475.9,666738,1.6813381
Geo10,9/18/23,3467360,818549,1134247,611544,4.6522565,1.0568289,38550.164,9358.959,13545.443,7192.129,26436084,0.035303228,977475.9,453915,1.3472655
Geo10,9/25/23,1588698,3225863,1789194,1634068,-1.009146,-2.8620038,17663.17,36883.215,21366.973,19217.633,19345602,0.034649998,977475.9,793824,2.0584764
Geo10,10/2/23,2418354,1192852,761382,1420453,-5.5095477,7.304043,26887.299,13638.589,9092.602,16705.39,23356468,0.03473627,977475.9,748509,1.89771
Geo10,10/9/23,2387047,1539413,1201211,1738273,-1.6229641,-0.78440416,26539.227,17601.027,14345.143,20443.146,20438718,0.034671344,977475.9,811660,2.141627
Geo10,10/16/23,2326258,1655732,504904,1057584,-0.9241732,-1.7264868,25863.375,18930.973,6029.6816,12437.83,18760170,0.034681782,977475.9,645491,1.6384178
Geo10,10/23/23,2328694,410429,1543315,806056,-5.724714,2.635086,25890.457,4692.6797,18430.629,9479.708,16335590,0.035115253,977475.9,548551,1.4694276
Geo10,10/30/23,2998668,1824598,2259025,355639,-2.2772005,-3.1593437,33339.24,20861.717,26977.805,4182.531,14775809,0.034973383,977475.9,297588,1.1950717
Geo10,11/6/23,1090429,1666244,1320817,1772549,1.0085107,-0.61352235,12123.407,19051.162,15773.506,20846.252,19360958,0.035251144,977475.9,817899,2.167198
Geo10,11/13/23,1962057,1397768,1569592,2396978,-0.913885,-1.1425788,21814.182,15981.516,18744.436,28189.918,19172892,0.03505433,977475.9,893418,2.68293
Geo10,11/20/23,2624763,743449,1787454,1803322,-0.2139636,-0.0410659,29182.158,8500.296,21346.193,21208.162,24509358,0.034653064,977475.9,822709,2.1919317
Geo10,11/27/23,2724716,1202245,1091919,1689610,7.611006,0.45452416,30293.438,13745.984,13039.952,19870.84,26601980,0.0348977,977475.9,803594,2.1025667
Geo10,12/4/23,2015322,1247625,1282457,1089962,0.8004323,-2.155314,22406.383,14264.841,15315.401,12818.615,20482982,0.035370205,977475.9,656815,1.6594658
Geo10,12/11/23,1737203,979701,0,414103,3.5727782,1.2076021,19314.252,11201.506,0,4870.103,23180616,0.034702394,977475.9,337758,1.2260346
Geo10,12/18/23,3547382,2343055,468489,1667638,-0.6369575,-0.6121237,39439.85,26789.547,5594.805,19612.436,21876222,0.0349177,977475.9,800118,2.08424
Geo10,12/25/23,2655418,663657,1960296,985913,-0.9302436,-0.35122797,29522.98,7587.9863,23410.312,11594.936,17516488,0.03469229,977475.9,620705,1.5883762
Geo10,1/1/24,1227786,1622505,658330,233619,-2.656796,1.2621003,13650.545,18551.068,7861.9307,2747.5012,18971288,0.035171658,977475.9,207844,1.1240113
Geo10,1/8/24,1794038,169395,1727868,2007607,0.9371463,2.0363078,19946.145,1936.7941,20634.604,23610.678,19618354,0.034511186,977475.9,852205,2.3557794
Geo10,1/15/24,1989910,3053677,1107766,2454366,-2.9478874,3.8511086,22123.852,34914.51,13229.2,28864.834,20285574,0.034649562,977475.9,897619,2.734307
Geo11,1/25/21,515392,107123,7885,0,-2.8368032,0.040818054,5730.1367,1224.8011,94.16451,0,4207469,0.034895882,240069.14,0,0
Geo11,2/1/21,517791,92696,227958,11763,2.0553787,3.4265785,5756.8086,1059.8486,2722.3276,138.34003,5107645,0.035390265,240069.14,11584,1.0154524
Geo11,2/8/21,595497,457741,355803,258234,-1.602144,-0.65057826,6620.745,5233.626,4249.0825,3036.9888,4337238,0.03492836,240069.14,158150,1.6328422
Geo11,2/15/21,621129,105549,145367,0,2.947826,0.8055041,6905.722,1206.8047,1736.0067,0,5550844.5,0.035237506,240069.14,0,0
Geo11,2/22/21,440890,298136,383610,290315,-1.852514,-1.9019856,4901.8223,3408.7668,4581.16,3414.2808,4177936,0.03516569,240069.14,168284,1.7251492
Geo11,3/1/21,536620,280169,189136,163271,-0.68725675,3.046136,5966.15,3203.3394,2258.7063,1920.1661,5629654.5,0.03484869,240069.14,118294,1.3802137
Geo11,3/8/21,598398,92562,371512,116405,-3.636742,4.5551505,6652.9985,1058.3165,4436.683,1368.9935,5765800.5,0.03529555,240069.14,92147,1.2632533
Geo11,3/15/21,305506,151705,158052,341215,1.1867467,1.8631268,3396.6206,1734.5338,1887.4939,4012.8958,5134929.5,0.03517405,240069.14,181787,1.8770044
Geo11,3/22/21,524590,138458,680309,156632,3.750874,-3.5899749,5832.4,1583.0729,8124.409,1842.0874,4588855,0.03504376,240069.14,115219,1.3594285
Geo11,3/29/21,422192,158505,324798,428669,-2.4709806,3.3796601,4693.9375,1812.2822,3878.8137,5041.4077,5661761,0.035453714,240069.14,199921,2.144192
Geo11,4/5/21,590710,85741,0,152564,-1.9566972,2.1478963,6567.5234,980.328,0,1794.2454,4760907,0.03485963,240069.14,113034,1.3497177
Geo11,4/12/21,574527,242027,327498,405130,0.5421285,5.3032084,6387.6006,2767.239,3911.0576,4764.5747,6595489,0.035214555,240069.14,195568,2.0715556
Geo11,4/19/21,786772,409772,313139,0,-0.15507583,3.4480562,8747.344,4685.168,3739.579,0,5671905.5,0.034707885,240069.14,0,0
Geo11,4/26/21,524117,481954,273138,158607,0.12861,-0.5640596,5827.141,5510.468,3261.878,1865.3147,4758166.5,0.035020553,240069.14,116228,1.3646195
Geo11,5/3/21,350510,301586,443933,165142,1.7919674,2.5266688,3896.9758,3448.2126,5301.552,1942.1702,5597993,0.03499953,240069.14,119257,1.3847573
Geo11,5/10/21,196316,235639,84750,324967,4.3842335,-0.93036836,2182.6445,2694.2014,1012.1043,3821.8093,4878270.5,0.035269614,240069.14,177651,1.8292439
Geo11,5/17/21,598028,519203,199181,161146,-1.9937422,-3.0314374,6648.885,5936.358,2378.666,1895.1748,3623764.8,0.035495657,240069.14,117394,1.3726937
Geo11,5/24/21,884574,456507,355794,646223,2.441887,-6.1072235,9834.708,5219.517,4248.975,7599.975,3257341.5,0.0347309,240069.14,223955,2.8855038
Geo11,5/31/21,274522,221675,410133,158363,-1.563616,-1.4643335,3052.1401,2534.5425,4897.9043,1862.4451,4330046,0.034859844,240069.14,116186,1.3630128
Geo11,6/7/21,653784,295799,255610,205374,1.1023902,-2.0507174,7268.7812,3382.0464,3052.5544,2415.323,4627427,0.034845002,240069.14,138022,1.4879801
Geo11,6/14/21,443592,449781,453948,20459,0.7112518,0.7523154,4931.8633,5142.6147,5421.1533,240.61026,5009596,0.034782063,240069.14,19449,1.0519307
Geo11,6/21/21,519670,143600,179771,0,-2.8419478,-2.3713062,5777.6997,1641.8645,2146.8674,0,3571682.2,0.03498356,240069.14,0,0
Geo11,6/28/21,502417,349344,157970,387580,2.2538385,3.0286438,5585.8804,3994.2583,1886.5146,4558.1763,5541575.5,0.03520196,240069.14,192334,2.0151403
Geo11,7/5/21,396833,587052,222490,697964,-0.052074406,0.51229966,4411.9956,6712.1157,2657.0276,8208.48,5246354.5,0.035479575,240069.14,226829,3.0770493
Geo11,7/12/21,621031,478306,435109,475522,1.4541074,1.2986851,6904.633,5468.758,5196.1733,5592.4277,6007554.5,0.03455166,240069.14,207016,2.2970302
Geo11,7/19/21,753996,192934,744671,178500,-0.78044033,-1.7129595,8382.939,2205.9294,8893.035,2099.2683,3597412,0.034532912,240069.14,125506,1.4222428
Geo11,7/26/21,276566,145586,75663,329927,1.3486286,0.35361415,3074.8652,1664.5717,903.58527,3880.1418,5285587,0.035129152,240069.14,179189,1.8412235
Geo11,8/2/21,318542,451439,515766,200837,-0.84264004,1.9246421,3541.5552,5161.5713,6159.3984,2361.965,6141070,0.035404887,240069.14,135800,1.4789175
Geo11,8/9/21,725742,317012,541040,82159,-2.280851,4.4960976,8068.8115,3624.5874,6461.226,966.23975,6168471,0.034799162,240069.14,69630,1.1799368
Geo11,8/16/21,534427,664251,579629,230537,-0.3726952,4.1851225,5941.768,7594.778,6922.065,2711.2551,5438195.5,0.034539066,240069.14,148134,1.5562733
Geo11,8/23/21,619273,158840,156356,227186,4.7821264,0.24108896,6885.0874,1816.1125,1867.2399,2671.8455,5425932,0.034872655,240069.14,146905,1.5464824
Geo11,8/30/21,470578,292281,385295,206467,-0.40269855,2.2169776,5231.894,3341.823,4601.283,2428.1772,5465141.5,0.035159577,240069.14,138444,1.4913394
Geo11,9/6/21,284756,402053,82423,135912,1.9185387,2.9782403,3165.9219,4596.9116,984.31476,1598.4077,5900419,0.03458069,240069.14,103988,1.306997
Geo11,9/13/21,373454,349123,579309,242445,-4.962577,5.168119,4152.0674,3991.7317,6918.2437,2851.3005,5525517.5,0.034834445,240069.14,152317,1.5917133
Geo11,9/20/21,390443,779771,142991,214361,-1.2873789,-1.1071227,4340.9517,8915.587,1707.632,2521.0156,4746562.5,0.035381533,240069.14,141686,1.51293
Geo11,9/27/21,476428,381604,334960,232847,-5.690035,-0.35890257,5296.934,4363.1064,4000.1707,2738.422,3365949.2,0.03539246,240069.14,149235,1.5602707
Geo11,10/4/21,370621,222336,162185,227977,-0.9675803,2.4218528,4120.5703,2542.1,1936.8512,2681.148,4696955,0.034981593,240069.14,147380,1.5468652
Geo11,10/11/21,774470,178914,217885,326419,-1.1411632,-0.68893296,8610.57,2045.6305,2602.0337,3838.8857,5128238,0.035119522,240069.14,178338,1.8303391
Geo11,10/18/21,731665,156356,216575,170195,5.856819,2.1432962,8134.663,1787.7114,2586.3894,2001.5966,6866019,0.035481457,240069.14,122331,1.3912663
Geo11,10/25/21,589695,382574,260045,403775,2.8869605,2.123537,6556.239,4374.197,3105.5183,4748.639,7623962.5,0.03458998,240069.14,195237,2.0681274
Geo11,11/1/21,587531,323626,282218,364100,3.9514985,3.6672544,6532.179,3700.2092,3370.3135,4282.037,6633670,0.035040274,240069.14,187456,1.9423225
Geo11,11/8/21,587937,425798,507578,369660,3.7382534,2.2491186,6536.693,4868.403,6061.615,4347.4263,6940376.5,0.035412703,240069.14,188649,1.9595121
Geo11,11/15/21,449912,84070,39332,136890,1.4234954,0.38112697,5002.129,961.2225,469.71194,1609.9095,4842235.5,0.034965005,240069.14,104419,1.3109683
Geo11,11/22/21,433236,96961,78811,63470,2.0023375,3.30941,4816.725,1108.6129,941.1794,746.44574,6083515.5,0.034643624,240069.14,55749,1.1384958
Geo11,11/29/21,833474,422096,50556,515412,-0.80930346,1.998652,9266.577,4826.0757,603.7516,6061.558,4832211,0.034659196,240069.14,211904,2.43229
Geo11,12/6/21,647946,354275,399046,356430,0.6952879,-4.1937838,7203.874,4050.6375,4765.5005,4191.8335,4545059,0.0353667,240069.14,185674,1.9196548
Geo11,12/13/21,340944,502485,249450,127746,-0.4173951,0.7572582,3790.6208,5745.211,2978.9902,1502.3706,4793570,0.03493478,240069.14,99168,1.2881776
Geo11,12/20/21,273843,314627,699337,1871,1.4556078,4.5009446,3044.5908,3597.318,8351.646,22.004097,6339276.5,0.035492986,240069.14,1820,1.0280219
Geo11,12/27/21,803698,425323,380992,157601,0.35175216,0.09082946,8935.527,4862.9717,4549.8955,1853.4835,4791423.5,0.03523068,240069.14,115605,1.3632715
Geo11,1/3/22,789685,417640,109783,0,-1.2516408,-0.5303246,8779.73,4775.1274,1311.0543,0,5254592.5,0.03451674,240069.14,0,0
Geo11,1/10/22,692215,407853,285915,153795,5.2769575,0.9142792,7696.0576,4663.2266,3414.4639,1808.7227,7123579,0.03492386,240069.14,113769,1.3518182
Geo11,1/17/22,567358,200587,418131,147918,1.4738348,-3.65685,6307.8955,2293.431,4993.418,1739.6055,5085583.5,0.034863126,240069.14,110082,1.3437074
Geo11,1/24/22,809848,478303,219113,121838,-2.028305,2.7740254,9003.903,5468.7236,2616.6987,1432.8889,4832990.5,0.034654487,240069.14,95658,1.2736833
Geo11,1/31/22,517091,0,362146,282838,1.437451,-0.96202457,5749.026,0,4324.832,3326.3467,5472539.5,0.035132326,240069.14,166183,1.7019671
Geo11,2/7/22,530914,335612,187720,349732,3.8101559,-3.5463243,5902.7104,3837.2522,2241.7961,4113.0605,5080262.5,0.035114173,240069.14,184055,1.9001495
Geo11,2/14/22,549271,318719,237219,317906,0.93118024,4.1195316,6106.8037,3644.1045,2832.9248,3738.7676,6506031.5,0.03488667,240069.14,176351,1.802689
Geo11,2/21/22,621542,281898,0,0,3.6507297,1.375226,6910.314,3223.1082,0,0,4823067,0.035007108,240069.14,0,0
Geo11,2/28/22,456024,308676,201695,180794,0.15419617,-2.856909,5070.082,3529.2769,2408.689,2126.2473,3575769.5,0.03473531,240069.14,127194,1.4214035
Geo11,3/7/22,597381,399651,382226,389703,-4.1418643,1.885772,6641.6914,4569.448,4564.6323,4583.144,4999073.5,0.035033084,240069.14,193066,2.0184963
Geo11,3/14/22,491720,367362,426562,193399,1.8349085,2.5484319,5466.951,4200.269,5094.103,2274.4897,6123981,0.034913644,240069.14,132910,1.4551125
Geo11,3/21/22,454296,536124,268277,337810,2.362927,-0.34876907,5050.87,6129.8257,3203.8267,3972.8508,4987647.5,0.034761436,240069.14,181107,1.865251
Geo11,3/28/22,301062,0,369694,111090,-6.5574546,0.9860673,3347.2122,0,4414.972,1306.4858,2581893,0.03500933,240069.14,88655,1.2530596
Geo11,4/4/22,788087,500156,104334,191069,-3.449203,2.2278817,8761.964,5718.582,1245.9811,2247.0874,4101542.2,0.035305426,240069.14,131708,1.4507016
Geo11,4/11/22,582503,382081,318918,402411,-2.5003285,-4.838196,6476.278,4368.56,3808.5933,4732.5977,3905156.8,0.03500926,240069.14,195077,2.0628316
Geo11,4/18/22,700087,342558,285696,147860,2.3307605,0.6621064,7783.5786,3916.67,3411.8484,1738.9235,5691179,0.0354245,240069.14,109952,1.3447686
Geo11,4/25/22,433967,551093,459907,554683,-3.6213102,-2.3010092,4824.852,6300.975,5492.317,6523.409,4096424.8,0.034928687,240069.14,216051,2.5673707
Geo11,5/2/22,556685,205905,473589,413317,-0.25574937,1.2918514,6189.233,2354.2346,5655.7104,4860.859,5322331.5,0.03473768,240069.14,196801,2.1001773
Geo11,5/9/22,437702,603358,11853,258752,0.1836701,-1.4270799,4866.378,6898.5522,141.5513,3043.0806,4183848.8,0.03530994,240069.14,158207,1.6355281
Geo11,5/16/22,716640,385582,351486,421273,2.697691,1.0700378,7967.615,4408.589,4197.528,4954.4263,6690292,0.034934558,240069.14,198602,2.1211922
Geo11,5/23/22,564081,325834,48975,235617,1.2120999,4.6711707,6271.462,3725.4546,584.8709,2770.999,6696662.5,0.035115622,240069.14,150151,1.5692004
Geo11,5/30/22,564873,552692,229374,184415,-2.1507092,-1.0434831,6280.267,6319.2573,2739.238,2168.8325,4015735.8,0.03516167,240069.14,128911,1.4305606
Geo11,6/6/22,553058,205333,134594,109625,3.1309426,-2.774832,6148.9077,2347.6948,1607.353,1289.2566,4246654.5,0.03544055,240069.14,87724,1.249658
Geo11,6/13/22,648742,260049,0,265659,3.137082,2.029664,7212.724,2973.2954,0,3124.3113,5555298,0.03493182,240069.14,160224,1.6580474
Geo11,6/20/22,541410,316182,337532,12856,-2.5401402,-2.167471,6019.4053,3615.0974,4030.886,151.19437,3526261.8,0.03451478,240069.14,12605,1.0199127
Geo11,6/27/22,346667,209096,163259,143821,5.2985797,0.19625908,3854.2493,2390.7192,1949.6771,1691.4224,4763577.5,0.034506407,240069.14,108910,1.3205491
Geo11,7/4/22,577798,494379,421402,141583,-3.3548527,-0.17579,6423.9673,5652.5303,5032.4814,1665.102,3968413,0.034730334,240069.14,106935,1.3240099
Geo11,7/11/22,562628,318391,124568,287224,1.217084,0.8267447,6255.307,3640.3542,1487.6202,3377.9287,4918586,0.035343952,240069.14,167506,1.7147087
Geo11,7/18/22,788005,475606,275422,246016,-1.7201066,4.639777,8761.053,5437.887,3289.154,2893.2976,6189769.5,0.03541778,240069.14,154661,1.5906789
Geo11,7/25/22,517099,154219,432617,587379,3.217939,1.5662165,5749.115,1763.2778,5166.4136,6907.9336,5316266,0.034991406,240069.14,219443,2.6766815
Geo11,8/1/22,574071,222245,210069,169202,-3.6700022,5.8684773,6382.531,2541.0598,2508.693,1989.9183,4849110.5,0.034872565,240069.14,121203,1.3960216
Geo11,8/8/22,670119,543945,302605,527647,0.35843956,3.5081453,7450.394,6219.2476,3613.7798,6205.449,6383084.5,0.03479025,240069.14,213434,2.4721787
Geo11,8/15/22,507055,464770,294369,202339,-0.857455,2.6876366,5637.446,5313.9927,3515.4233,2379.6296,5948192.5,0.034761053,240069.14,136908,1.4779195
Geo11,8/22/22,617832,572052,666310,185342,-2.188117,2.385136,6869.0664,6540.612,7957.23,2179.7344,5537104,0.034967806,240069.14,129469,1.431555
Geo11,8/29/22,726960,709203,166407,0,4.804933,2.50884,8082.353,8108.741,1987.2714,0,6004301,0.03526455,240069.14,0,0
Geo11,9/5/22,358853,432382,31845,170897,1.3495322,-4.221492,3989.7334,4943.6816,380.30045,2009.8525,3542679.2,0.03455725,240069.14,122049,1.4002327
Geo11,9/12/22,623758,399907,659503,80393,4.5889173,-3.394527,6934.9517,4572.3755,7875.939,945.4705,4623693.5,0.034818318,240069.14,68530,1.1731067
Geo11,9/19/22,430903,609701,347407,162948,0.19978273,0.7366452,4790.7866,6971.075,4148.8154,1916.3674,6066243,0.034706455,240069.14,118137,1.3793138
Geo11,9/26/22,511345,71982,487283,229319,-1.79779,6.1469636,5685.142,823.0132,5819.2476,2696.9307,6863122.5,0.03512314,240069.14,148158,1.5478003
Geo11,10/3/22,836181,424307,519559,300749,-0.38102138,-4.2272167,9296.674,4851.355,6204.6953,3536.991,3926132.8,0.035295714,240069.14,171369,1.754979
Geo11,10/10/22,135370,430035,0,361594,-3.6945949,-2.8444512,1505.0459,4916.8467,0,4252.565,2638982,0.03540475,240069.14,186533,1.9384989
Geo11,10/17/22,333518,435933,0,327633,-1.464997,0.819783,3708.0586,4984.282,0,3853.163,4517083,0.03520514,240069.14,178349,1.837033
Geo11,10/24/22,865154,327300,367376,373326,1.8319335,1.0898657,9618.796,3742.2163,4387.29,4390.5405,5984918.5,0.035205353,240069.14,189789,1.9670582
Geo11,10/31/22,416924,484186,245012,73757,-5.534864,0.90858364,4635.3677,5535.9873,2925.9907,867.4271,3264729.8,0.034798473,240069.14,63190,1.1672258
Geo11,11/7/22,617553,292573,303818,210709,-0.95835936,-2.0663705,6865.9644,3345.1616,3628.2656,2478.066,5100834.5,0.034554865,240069.14,140159,1.5033569
Geo11,11/14/22,621398,680818,0,354361,-0.7217155,-5.03265,6908.713,7784.198,0,4167.5005,3402030,0.035224482,240069.14,184932,1.9161692
Geo11,11/21/22,530305,197000,596580,537845,-2.2010999,1.8530765,5895.9395,2252.4185,7124.498,6325.384,5459312,0.034509685,240069.14,214281,2.5099986
Geo11,11/28/22,667552,554983,0,0,-1.0948865,-4.6841865,7421.854,6345.4517,0,0,3071143.8,0.035323866,240069.14,0,0
Geo11,12/5/22,449390,700684,469223,191029,1.199338,2.0666215,4996.325,8011.3384,5603.571,2246.617,6128557,0.034589995,240069.14,131870,1.448616
Geo11,12/12/22,302144,427946,321896,387346,4.1464453,5.6121893,3359.242,4892.962,3844.1572,4555.4243,7696337.5,0.034670852,240069.14,192286,2.0144265
Geo11,12/19/22,631539,581116,437696,388920,4.5286655,-2.9088109,7021.461,6644.246,5227.068,4573.9355,5778233.5,0.035286117,240069.14,192299,2.0224755
Geo11,12/26/22,217717,424624,334352,369249,-2.2405536,0.74015075,2420.581,4854.9795,3992.9097,4342.5923,4676349,0.035240512,240069.14,188603,1.9578109
Geo11,1/2/23,797106,174229,421247,480186,-1.9791803,-0.9987416,8862.237,1992.0641,5030.6304,5647.279,4879683,0.034954667,240069.14,207518,2.3139486
Geo11,1/9/23,407468,400064,171423,364928,-4.5113387,3.3800473,4530.236,4574.1704,2047.1736,4291.775,4948773,0.03493035,240069.14,187521,1.9460647
Geo11,1/16/23,437318,96656,294046,211763,-5.7722235,3.1511443,4862.1084,1105.1257,3511.5662,2490.4614,5079795,0.03457091,240069.14,140843,1.5035394
Geo11,1/23/23,590444,347977,580036,158000,-1.357952,-5.140671,6564.566,3978.6287,6926.926,1858.1759,2959703,0.034619525,240069.14,115413,1.3689965
Geo11,1/30/23,228940,276892,79522,175424,5.7576323,0.11599304,2545.3586,3165.8716,949.67035,2063.0928,6152010.5,0.034669347,240069.14,124790,1.4057536
Geo11,2/6/23,292590,198780,433510,153973,2.591409,-2.0796287,3253.0203,2272.7703,5177.0776,1810.816,4731889,0.03483184,240069.14,113689,1.3543351
Geo11,2/13/23,407796,677952,152316,171509,3.879582,-6.033637,4533.8823,7751.4297,1818.9933,2017.05,3772977.5,0.035027333,240069.14,122834,1.3962665
Geo11,2/20/23,210488,276531,447854,563618,0.9201858,4.662984,2340.209,3161.744,5348.3774,6628.49,6694830.5,0.034587655,240069.14,217125,2.5958226
Geo11,2/27/23,603635,553305,268102,294906,-1.5344363,-0.050726324,6711.2236,6326.266,3201.7368,3468.2737,5206751,0.03477027,240069.14,169951,1.7352413
Geo11,3/6/23,401617,556762,317668,518795,2.396174,-1.9931417,4465.184,6365.792,3793.6655,6101.344,5378044,0.034824904,240069.14,212085,2.4461656
Geo11,3/13/23,761197,398139,492424,37589,4.971453,-1.5380845,8463.001,4552.1606,5880.6426,442.06946,5347272,0.034995075,240069.14,34947,1.0756001
Geo11,3/20/23,465973,539951,212042,35979,4.910057,-2.9207988,5180.6953,6173.582,2532.2551,423.1349,4302858.5,0.034664895,240069.14,33653,1.0691172
Geo11,3/27/23,310917,137111,113031,309620,-0.35713857,0.84728265,3456.7803,1567.6719,1349.8427,3641.3193,4597995.5,0.03494267,240069.14,174497,1.7743572
Geo11,4/3/23,599629,314475,265279,89181,3.56083,3.1405556,6666.685,3595.5803,3168.024,1048.8228,6699014.5,0.035005555,240069.14,74531,1.1965625
Geo11,4/10/23,764742,115850,272281,0,-5.5346794,-2.9175973,8502.414,1324.5822,3251.6433,0,2603867,0.03533178,240069.14,0,0
Geo11,4/17/23,392993,157434,156548,170333,-1.326251,3.6167288,4369.3027,1800.0369,1869.5328,2003.2195,5719014.5,0.034807723,240069.14,122288,1.392884
Geo11,4/24/23,526859,384254,347386,127106,-1.8284515,0.75360006,5857.627,4393.4053,4148.565,1494.8438,4885557,0.034905627,240069.14,98637,1.2886239
Geo11,5/1/23,584482,400548,257006,207572,-3.4955134,3.1952834,6498.2803,4579.704,3069.2258,2441.1729,5303507.5,0.034704622,240069.14,138341,1.5004374
Geo11,5/8/23,421163,485922,593831,0,-9.830028,2.356308,4682.497,5555.8364,7091.6685,0,3562570,0.035079986,240069.14,0,0
Geo11,5/15/23,791498,312723,270697,372180,-0.6301905,-0.08634693,8799.888,3575.5486,3232.7268,4377.063,4180392.2,0.035259847,240069.14,189071,1.9684669
Geo11,5/22/23,378639,390180,462102,71757,0.09784466,-0.131565,4209.7144,4461.1606,5518.5303,843.9059,5151827,0.03543344,240069.14,62474,1.1485898
Geo11,5/29/23,475894,212587,408479,422017,-2.7715893,3.104674,5290.997,2430.634,4878.152,4963.1763,4927341,0.03470798,240069.14,198633,2.1246066
Geo11,6/5/23,465782,392651,372652,87233,3.7609906,-4.765605,5178.572,4489.413,4450.2974,1025.9131,4242195.5,0.034966312,240069.14,72929,1.196136
Geo11,6/12/23,398149,242949,338583,162227,-0.38502473,-4.3440905,4426.627,2777.781,4043.4373,1907.8881,2752741.8,0.03493879,240069.14,117413,1.3816783
Geo11,6/19/23,913352,159254,394577,158501,-1.2059441,3.486259,10154.662,1820.8461,4712.131,1864.068,5293297.5,0.035235956,240069.14,116269,1.3632267
Geo11,6/26/23,476592,562112,301933,175336,3.495315,-0.7840903,5298.758,6426.962,3605.7544,2062.0579,4457598.5,0.03468512,240069.14,124277,1.4108484
Geo11,7/3/23,456706,408923,492307,43596,-0.42346513,2.9164176,5077.6646,4675.4604,5879.245,512.71545,5191479.5,0.035122976,240069.14,40176,1.0851254
Geo11,7/10/23,526979,221984,263813,190372,-1.4457029,0.92539275,5858.961,2538.0754,3150.5166,2238.8904,4424010,0.034800097,240069.14,131276,1.4501661
Geo11,7/17/23,481387,324690,386182,188256,0.22529078,-3.7836485,5352.0684,3712.3745,4611.876,2214.005,3872782.5,0.034611445,240069.14,130297,1.4448222
Geo11,7/24/23,458333,316189,149292,356203,2.4891114,-4.633539,5095.754,3615.1775,1782.88,4189.1636,2966596.2,0.035114452,240069.14,185652,1.9186597
Geo11,7/31/23,448474,400286,255322,310751,-3.685775,3.4623013,4986.141,4576.7085,3049.115,3654.6206,5576929.5,0.03522083,240069.14,174464,1.7811755
Geo11,8/7/23,219553,444362,426088,0,4.1499014,0.051255934,2440.994,5080.656,5088.4424,0,5514367.5,0.035389964,240069.14,0,0
Geo11,8/14/23,557335,346038,273518,443052,3.8796272,1.5052768,6196.4595,3956.459,3266.416,5210.5605,5862177.5,0.03499067,240069.14,201903,2.1943805
Geo11,8/21/23,886438,560789,67506,346052,-5.1859283,-5.4799957,9855.432,6411.8354,806.1724,4069.7817,2318304.5,0.03507081,240069.14,183104,1.8899205
Geo11,8/28/23,425718,729578,283595,217954,4.003469,-0.38986528,4733.1396,8341.7,3386.7578,2563.2715,6090775.5,0.034590393,240069.14,143495,1.5188961
Geo11,9/4/23,388626,297246,250013,252428,-1.7156861,-0.70276743,4320.75,3398.5908,2985.7136,2968.7065,5051796.5,0.034689754,240069.14,156022,1.6179
Geo11,9/11/23,517545,177196,633695,135887,-4.107754,2.964867,5754.0737,2025.9875,7567.734,1598.1136,4413408,0.03493221,240069.14,103840,1.308619
Geo11,9/18/23,513564,124391,31755,455948,-4.513685,7.3178062,5709.813,1422.2366,379.22565,5362.2256,6290712,0.03492369,240069.14,203929,2.2358174
Geo11,9/25/23,681792,353036,422438,231427,4.4769163,-5.140123,7580.1743,4036.4712,5044.8535,2721.7222,5357826.5,0.035106987,240069.14,148541,1.5580008
Geo11,10/2/23,702465,378236,197746,382051,-5.003102,-1.5370388,7810.017,4324.5977,2361.529,4493.152,3697659.2,0.034723364,240069.14,191257,1.9975792
Geo11,10/9/23,623142,522441,233888,435327,-2.3576574,1.6408315,6928.103,5973.38,2793.1453,5119.71,5539153,0.03524199,240069.14,200803,2.1679308
Geo11,10/16/23,619072,651212,185673,505544,-0.6194708,-1.8082252,6882.8525,7445.6953,2217.3503,5945.5044,5215939.5,0.03466149,240069.14,210778,2.3984666
Geo11,10/23/23,632460,0,638274,284524,1.7124707,-1.5198008,7031.7007,0,7622.4175,3346.175,4962358,0.034777183,240069.14,166859,1.7051762
Geo11,10/30/23,559691,189695,299521,54263,1.8793368,-1.4297605,6222.654,2168.8962,3576.95,638.16583,5260932.5,0.034895442,240069.14,48761,1.1128361
Geo11,11/6/23,505741,345564,154500,200671,-3.2669613,-0.2869549,5622.8364,3951.0393,1845.0752,2360.013,3939505.2,0.03508965,240069.14,136258,1.4727283
Geo11,11/13/23,568243,374116,344494,415936,2.1112223,-1.5096984,6317.735,4277.4917,4114.028,4891.66,5345708,0.03472956,240069.14,197635,2.1045666
Geo11,11/20/23,556855,229451,300981,235537,-1.0790769,1.2913443,6191.123,2623.4502,3594.3855,2770.058,6024445.5,0.035113525,240069.14,149710,1.5732883
Geo11,11/27/23,463684,313141,205695,367603,-1.3651904,-3.6757193,5155.246,3580.328,2456.4578,4323.2344,3578366.5,0.034929916,240069.14,188039,1.9549296
Geo11,12/4/23,609381,585507,112914,106166,-0.6442068,-2.086981,6775.108,6694.4507,1348.4454,1248.5767,4641419,0.034922022,240069.14,85827,1.2369767
Geo11,12/11/23,413707,254329,0,212059,7.508033,0.71413755,4599.601,2907.8953,0,2493.9426,6413642,0.03456219,240069.14,141190,1.5019406
Geo11,12/18/23,603354,433851,74528,372565,-2.7969694,4.336804,6708.0996,4960.4775,890.0308,4381.591,6249168,0.035345007,240069.14,189084,1.9703677
Geo11,12/25/23,502478,183440,251090,336345,-3.4193134,0.23163235,5586.5586,2097.379,2998.5754,3955.6216,4156584.5,0.03520615,240069.14,180694,1.8614066
Geo11,1/1/24,545822,454449,106367,245096,-0.004237542,-3.6541352,6068.458,5195.987,1270.2596,2882.4778,4037984.8,0.03536019,240069.14,153760,1.5940167
Geo11,1/8/24,141428,72898,30082,153701,-3.357012,7.7880745,1572.3988,833.4863,359.24628,1807.6171,5019020.5,0.03510852,240069.14,113458,1.3546951
Geo11,1/15/24,629689,622177,271842,437866,-4.70671,-2.32719,7000.8926,7113.7207,3246.4006,5149.5703,2943768.5,0.035234354,240069.14,201486,2.1731832
Geo12,1/25/21,926441,41427,42759,0,-2.9146566,-1.3031242,10300.187,473.6596,510.63797,0,4372433,0.03453574,310435.72,0,0
Geo12,2/1/21,794270,480058,447318,380966,-2.1436791,3.162386,8830.707,5488.7896,5341.976,4480.3916,6199757,0.034627724,310435.72,219628,1.7345967
Geo12,2/8/21,1033997,555707,422753,391532,-0.22961806,2.7506576,11495.995,6353.7295,5048.615,4604.6543,7512160,0.034883283,310435.72,222888,1.7566311
Geo12,2/15/21,799022,225901,52040,106447,-0.079816446,0.014020734,8883.539,2582.8608,621.4739,1251.8813,5671517.5,0.03461961,310435.72,90046,1.1821402
Geo12,2/22/21,568622,395398,561369,306520,1.8967881,-1.3840469,6321.9487,4520.8213,6704,3604.8613,5862228.5,0.034615,310435.72,194878,1.5728815
Geo12,3/1/21,279466,491233,481455,198892,-0.41769165,1.9240186,3107.1074,5616.56,5749.6484,2339.0908,7081501,0.034802515,310435.72,147089,1.3521881
Geo12,3/8/21,593566,264145,861991,386308,-3.2916794,-3.4353526,6599.2764,3020.1274,10294.098,4543.217,4473682,0.035395697,310435.72,220609,1.7510982
Geo12,3/15/21,261074,251205,388479,297928,1.5397743,2.4473615,2902.625,2872.1768,4639.307,3503.8142,6835189,0.03478665,310435.72,192068,1.5511589
Geo12,3/22/21,918942,137021,706274,442675,-0.5940742,1.0489676,10216.8125,1566.6428,8434.489,5206.127,6259315,0.03495202,310435.72,235704,1.878097
Geo12,3/29/21,602901,478692,304951,499407,-3.3273005,1.8858607,6703.063,5473.1714,3641.7961,5873.3296,7280617.5,0.03492237,310435.72,248472,2.0099125
Geo12,4/5/21,1150845,163205,312958,201039,-0.84185004,-2.055272,12795.113,1866.0201,3737.4177,2364.3408,5265686,0.035311244,310435.72,147793,1.3602742
Geo12,4/12/21,762051,491185,721527,431691,-0.3976677,-2.1353655,8472.495,5616.011,8616.645,5076.948,5442752.5,0.034890246,310435.72,233338,1.8500673
Geo12,4/19/21,737833,292831,162237,62022,1.7428412,2.5177827,8203.239,3348.1116,1937.4722,729.4164,7016428,0.035473723,310435.72,56635,1.0951178
Geo12,4/26/21,472322,303307,420855,585165,-0.21991971,-4.1932054,5251.2837,3467.89,5025.9487,6881.896,4368065,0.035073448,310435.72,263224,2.2230685
Geo12,5/3/21,865498,705944,176006,0,0.68055326,2.209957,9622.621,8071.479,2101.9048,0,6182824,0.034758385,310435.72,0,0
Geo12,5/10/21,144888,259963,0,431022,1.3531504,1.1945525,1610.8672,2972.312,0,5069.0806,5886443.5,0.03485607,310435.72,233282,1.8476436
Geo12,5/17/21,557914,350944,747883,0,-3.1817265,2.108821,6202.897,4012.5522,8931.394,0,5999646.5,0.03504056,310435.72,0,0
Geo12,5/24/21,945250,488365,405085,490703,0.4305982,-3.7294564,10509.305,5583.7686,4837.6196,5770.9653,3630051.2,0.03509227,310435.72,247027,1.9864347
Geo12,5/31/21,399413,407724,452510,473664,-2.0275989,4.4821715,4440.68,4661.752,5403.9805,5570.576,7963093.5,0.0349219,310435.72,242790,1.9509206
Geo12,6/7/21,922653,297018,384881,634229,-1.7358334,4.165517,10258.071,3395.9841,4596.339,7458.9185,7772640,0.035474874,310435.72,270399,2.34553
Geo12,6/14/21,747927,453414,550495,393074,1.7458152,1.1736872,8315.465,5184.153,6574.14,4622.789,7664352,0.034592748,310435.72,222784,1.7643727
Geo12,6/21/21,595984,304318,208288,0,2.0266197,-5.936491,6626.1597,3479.4492,2487.424,0,3985729.5,0.03461301,310435.72,0,0
Geo12,6/28/21,467352,602492,326751,445064,0.9533999,-0.3353327,5196.0273,6888.6504,3902.137,5234.223,5649784.5,0.035027698,310435.72,236417,1.8825381
Geo12,7/5/21,586941,630219,462811,757312,-1.9645247,0.77781487,6525.6196,7205.67,5526.997,8906.449,6080024,0.035241403,310435.72,283281,2.6733596
Geo12,7/12/21,796459,201063,550804,239556,0.08814591,-1.8936135,8855.044,2298.8733,6577.83,2817.324,5252115.5,0.03455517,310435.72,166953,1.4348708
Geo12,7/19/21,699173,504845,223494,369524,-4.281845,1.531222,7773.4165,5772.1943,2669.0176,4345.8267,4258555.5,0.03464757,310435.72,215310,1.7162417
Geo12,7/26/21,318561,413883,338941,349530,2.0124195,3.0831513,3541.7664,4732.1714,4047.7126,4110.685,7888415.5,0.035123155,310435.72,210429,1.6610353
Geo12,8/2/21,637231,203010,690478,382748,3.0739307,0.1140196,7084.7446,2321.1345,8245.85,4501.349,7936890.5,0.035180602,310435.72,219932,1.7403015
Geo12,8/9/21,845622,430194,531834,354095,-4.051994,2.742916,9401.639,4918.6646,6351.286,4164.372,7106680,0.035053156,310435.72,211218,1.6764433
Geo12,8/16/21,941735,336610,547618,361238,0.58781874,0.7631521,10470.225,3848.663,6539.782,4248.3784,5760407,0.035477914,310435.72,213842,1.6892753
Geo12,8/23/21,644168,239811,171045,0,0.35976037,-0.8216579,7161.87,2741.9023,2042.6594,0,4642035.5,0.034844857,310435.72,0,0
Geo12,8/30/21,974335,217652,281196,0,-4.4588203,2.9576418,10832.672,2488.5452,3358.1084,0,6404030,0.03540844,310435.72,0,0
Geo12,9/6/21,463472,888727,0,362051,0.7098241,-2.1461086,5152.889,10161.346,0,4257.9395,5112360,0.03488725,310435.72,213518,1.6956463
Geo12,9/13/21,772717,357038,839052,410203,-1.718463,-1.8523371,8591.08,4082.2285,10020.155,4824.2363,5244841,0.035100557,310435.72,227446,1.8035182
Geo12,9/20/21,338731,617030,166943,344976,-4.8472733,-1.5548869,3766.0168,7054.872,1993.6724,4057.1272,4634861.5,0.03530278,310435.72,208316,1.6560225
Geo12,9/27/21,977969,631729,353326,151412,3.0840173,-0.20565297,10873.075,7222.9346,4219.502,1780.697,6106484,0.034516115,310435.72,119525,1.266781
Geo12,10/4/21,271013,235491,201409,375427,-1.2787341,0.23973203,3013.127,2692.509,2405.2734,4415.2495,5072361,0.03503265,310435.72,217852,1.7233121
Geo12,10/11/21,1045350,397916,472564,370337,0.27873296,2.9831247,11622.218,4549.611,5643.4697,4355.388,8084814,0.03533712,310435.72,216315,1.7120265
Geo12,10/18/21,813780,134691,502983,248682,-0.051525585,-1.7440925,9047.619,1540.0026,6006.7407,2924.6514,5693378.5,0.034880776,310435.72,171250,1.4521576
Geo12,10/25/21,894752,849086,269470,103860,-1.4517318,0.090496674,9947.867,9708.106,3218.0737,1221.4567,7074328,0.0346892,310435.72,88244,1.1769639
Geo12,11/1/21,608152,345665,107754,199388,2.8299375,-3.6498442,6761.444,3952.194,1286.8235,2344.924,4507689.5,0.034587614,310435.72,147174,1.3547773
Geo12,11/8/21,758478,691114,778636,223796,3.4792638,3.6867077,8432.7705,7901.919,9298.653,2631.9768,8884565,0.034708887,310435.72,159423,1.4037874
Geo12,11/15/21,614823,470197,106921,237346,-6.6321487,0.6006341,6835.6123,5376.043,1276.8756,2791.333,4662148.5,0.035370737,310435.72,165857,1.4310279
Geo12,11/22/21,599132,474759,69299,10765,4.78681,3.3109298,6661.159,5428.203,827.58484,126.602936,8679847,0.035459585,310435.72,10600,1.015566
Geo12,11/29/21,951471,529578,290345,372701,-2.7519073,-5.288247,10578.47,6054.9814,3467.368,4383.19,3130681,0.03470107,310435.72,217078,1.716899
Geo12,12/6/21,659168,442019,515200,475311,-1.24423,-0.6916189,7328.6406,5053.867,6152.6387,5589.9463,6411037,0.03533077,310435.72,243234,1.9541306
Geo12,12/13/21,706316,542799,228606,0,-0.77837276,-4.206543,7852.8325,6206.145,2730.0664,0,3279448,0.034745872,310435.72,0,0
Geo12,12/20/21,508000,578752,803924,197762,0.8885968,-5.047703,5647.952,6617.217,9600.648,2325.8013,4445338,0.035146054,310435.72,146464,1.3502431
Geo12,12/27/21,447667,697356,339158,160354,-1.515216,-3.6996746,4977.169,7973.287,4050.3042,1885.8605,3566957.8,0.03496609,310435.72,125138,1.2814174
Geo12,1/3/22,626655,406766,540429,252161,3.2250717,-1.7029102,6967.1606,4650.7983,6453.9297,2965.5664,7089598.5,0.035473827,310435.72,172589,1.4610491
Geo12,1/10/22,1073353,636636,375426,76198,0.44871962,4.8346457,11933.556,7279.039,4483.4253,896.13477,9282791,0.03457606,310435.72,67533,1.1283077
Geo12,1/17/22,686402,175434,311282,259940,2.1579173,-3.0836687,7631.4287,2005.8416,3717.4023,3057.0522,6164704,0.035058893,310435.72,176325,1.4742095
Geo12,1/24/22,1039498,459651,275116,212103,0.8716968,-1.4490117,11557.155,5255.4644,3285.4995,2494.4602,5314210.5,0.0354908,310435.72,153724,1.379765
Geo12,1/31/22,371789,583357,812834,356910,-0.89172417,-3.1566334,4133.556,6669.8687,9707.054,4197.4785,5595219.5,0.03521386,310435.72,212162,1.6822523
Geo12,2/7/22,510482,360030,185140,511002,-0.86849606,-1.0564911,5675.5474,4116.438,2210.985,6009.694,5591712,0.035422627,310435.72,250275,2.041762
Geo12,2/14/22,560040,149357,383158,227079,-1.0252267,-2.1855567,6226.5337,1707.6877,4575.7627,2670.587,5057916.5,0.034707066,310435.72,161407,1.406872
Geo12,2/21/22,846976,352090,313652,175993,-2.000831,5.102483,9416.693,4025.655,3745.7056,2069.7847,6532381.5,0.03478043,310435.72,134114,1.3122642
Geo12,2/28/22,491584,193584,612536,245240,-2.1509268,3.0691216,5465.439,2213.3613,7315.0483,2884.1714,6367060.5,0.034564253,310435.72,169207,1.449349
Geo12,3/7/22,1068332,199238,356765,56514,4.5739207,2.4048471,11877.732,2278.0068,4260.5713,664.639,7984282,0.035495996,310435.72,51410,1.0992802
Geo12,3/14/22,889294,275257,248837,173340,3.1135063,-2.6778877,9887.186,3147.1775,2971.6697,2038.5837,5283838,0.03512348,310435.72,132505,1.308177
Geo12,3/21/22,632709,758146,710636,202180,6.37076,-0.108286165,7034.4688,8668.336,8486.581,2377.7595,7102186,0.034558482,310435.72,148392,1.3624724
Geo12,3/28/22,544012,399331,341238,373835,0.7831329,-0.4767005,6048.3345,4565.7896,4075.144,4396.527,4633543,0.035182625,310435.72,216978,1.7229166
Geo12,4/4/22,683334,592539,433694,229317,-0.7344869,5.8702087,7597.3184,6774.852,5179.2754,2696.9072,7964527,0.035193335,310435.72,162255,1.4133124
Geo12,4/11/22,794338,610318,357981,188174,-0.9497829,-1.1021668,8831.463,6978.13,4275.093,2213.0405,5950945.5,0.03475462,310435.72,140882,1.3356851
Geo12,4/18/22,1117733,183400,149492,267231,1.3429322,0.64859635,12426.974,2096.9216,1785.2684,3142.7988,6364792,0.034743104,310435.72,178788,1.4946809
Geo12,4/25/22,471989,761456,281283,587441,-0.25730404,0.81261957,5247.5815,8706.181,3359.1475,6908.663,7031736.5,0.035442702,310435.72,263540,2.2290392
Geo12,5/2/22,507246,359342,351836,485365,2.8396187,7.5975866,5639.5693,4108.5713,4201.708,5708.187,9493528,0.035129853,310435.72,245846,1.9742644
Geo12,5/9/22,226351,709854,322630,197225,-3.779848,-0.9904846,2516.574,8116.1846,3852.9229,2319.4858,4047188.5,0.035400234,310435.72,146059,1.3503104
Geo12,5/16/22,629616,363624,352099,398573,0.6803479,-2.140594,7000.081,4157.5303,4204.8486,4687.4604,5871440,0.034912053,310435.72,224865,1.7724991
Geo12,5/23/22,278610,692856,307750,318465,3.8859181,1.3746905,3097.5906,7921.836,3675.2224,3745.3418,8262579,0.034841858,310435.72,199078,1.5996996
Geo12,5/30/22,751480,486093,0,270171,3.5157256,-2.1243577,8354.967,5557.7915,0,3177.375,5440795,0.03454691,310435.72,180263,1.4987601
Geo12,6/6/22,627504,641276,219434,0,3.2570622,1.0988708,6976.5996,7332.0913,2620.5322,0,6336839,0.035128526,310435.72,0,0
Geo12,6/13/22,453730,320270,212171,461684,2.4142613,-0.43500286,5044.5776,3661.8381,2533.7957,5429.684,6069252,0.035095252,310435.72,240564,1.9191732
Geo12,6/20/22,518135,349622,217481,308907,-3.6161566,2.490251,5760.6333,3997.437,2597.209,3632.9338,5814905,0.035174154,310435.72,194924,1.5847561
Geo12,6/27/22,656409,196761,563029,356792,-5.476251,1.6945443,7297.966,2249.686,6723.824,4196.091,3822781,0.035475954,310435.72,212356,1.6801597
Geo12,7/4/22,841715,823528,360955,289590,-3.5254374,4.016079,9358.201,9415.887,4310.609,3405.7544,6471817.5,0.034915112,310435.72,188228,1.5385065
Geo12,7/11/22,778404,521322,362907,876163,0.68245304,-5.123408,8654.309,5960.5854,4333.9204,10304.209,4103127.8,0.034843963,310435.72,292083,2.9997056
Geo12,7/18/22,886753,615042,191217,210874,-1.6211326,3.4306483,9858.935,7032.142,2283.558,2480.0063,7585029,0.034813788,310435.72,153331,1.3752861
Geo12,7/25/22,584448,127056,325448,575351,-3.6319134,-0.4475317,6497.9023,1452.707,3886.5762,6766.477,4149324.2,0.03455315,310435.72,262051,2.1955688
Geo12,8/1/22,735134,67947,370723,405662,-2.7790656,1.6959145,8173.232,776.8786,4427.2607,4770.8315,5468029.5,0.035088513,310435.72,226022,1.7947899
Geo12,8/8/22,1087500,862768,297748,558880,-2.7505898,0.12057799,12090.843,9864.541,3555.7764,6572.768,5961376,0.034638092,310435.72,259282,2.1554909
Geo12,8/15/22,708409,634241,863568,156155,-0.6521738,-1.2010235,7876.1025,7251.656,10312.931,1836.4777,6053837,0.03521031,310435.72,122945,1.2701207
Geo12,8/22/22,765014,326649,943925,458310,1.032543,-2.340174,8505.438,3734.773,11272.573,5390.004,6229164,0.035442032,310435.72,239049,1.917222
Geo12,8/29/22,572340,672795,391184,184614,0.75862706,3.9867632,6363.285,7692.467,4671.611,2171.1729,7515582,0.03535559,310435.72,138776,1.3303021
Geo12,9/5/22,477359,461616,104773,579455,-2.841811,1.7050812,5307.285,5277.931,1251.2236,6814.7427,5407847.5,0.034708444,310435.72,262408,2.2082214
Geo12,9/12/22,952326,222809,893904,301316,3.5399516,-4.567222,10587.976,2547.5083,10675.211,3543.6592,5132851,0.034680247,310435.72,193099,1.5604224
Geo12,9/19/22,758051,652966,320795,452330,3.4636195,-3.7089121,8428.023,7465.75,3831.009,5319.6753,6959562,0.034551885,310435.72,238243,1.8986077
Geo12,9/26/22,552182,367390,388121,317059,-0.4647292,1.4726888,6139.1685,4200.589,4635.0317,3728.8064,7560926.5,0.034535766,310435.72,198246,1.599321
Geo12,10/3/22,880982,856506,543147,641531,-1.5091757,1.1264441,9794.772,9792.944,6486.3887,7544.7944,6536303.5,0.034774188,310435.72,271261,2.3649952
Geo12,10/10/22,212322,282330,50808,83493,0.40298152,-0.8491432,2360.5994,3228.0474,606.76105,981.9284,4389434,0.034546785,310435.72,73494,1.1360519
Geo12,10/17/22,752066,484556,213422,638155,8.189585,1.2319613,8361.482,5540.218,2548.7354,7505.0903,8302054.5,0.035300676,310435.72,270652,2.3578434
Geo12,10/24/22,857485,157481,438366,550870,1.0598986,2.1806662,9533.532,1800.5742,5235.0693,6478.566,7912454,0.03528532,310435.72,258271,2.1329145
Geo12,10/31/22,437133,890532,549427,135531,1.9689765,0.27821136,4860.052,10181.983,6561.3857,1593.9269,6261658.5,0.03519861,310435.72,110079,1.2312157
Geo12,11/7/22,915964,650795,248000,385034,-1.4506623,-2.4944725,10183.702,7440.9277,2961.674,4528.234,6001329.5,0.035160627,310435.72,220738,1.7443032
Geo12,11/14/22,969954,612506,0,527944,-1.68696,1.9591715,10783.964,7003.1465,0,6208.942,6025674,0.03517059,310435.72,253693,2.081035
Geo12,11/21/22,640018,287380,822307,748356,-5.4786057,4.9770427,7115.7305,3285.787,9820.183,8801.121,7753574.5,0.035490423,310435.72,282609,2.648026
Geo12,11/28/22,1010707,654038,0,69834,-5.2122145,1.3333508,11237.057,7478.007,0,821.2903,4583617,0.03461324,310435.72,63251,1.1040775
Geo12,12/5/22,757710,330697,636661,222307,-0.89286864,5.849975,8424.232,3781.0562,7603.155,2614.4653,8687193,0.03475973,310435.72,159078,1.3974717
Geo12,12/12/22,521759,816953,474621,0,-5.658116,-2.5629709,5800.925,9340.711,5668.035,0,4247909.5,0.035232406,310435.72,0,0
Geo12,12/19/22,924366,484763,545981,326312,-2.3560538,-0.5116849,10277.116,5542.5845,6520.233,3837.6272,5788712.5,0.035008464,310435.72,201570,1.618852
Geo12,12/26/22,585471,741494,167287,666373,-1.5898644,-1.4680483,6509.276,8477.943,1997.7805,7836.951,4869555,0.035144776,310435.72,274387,2.4285882
Geo12,1/2/23,867837,376313,348693,470468,-5.052148,2.3901553,9648.626,4302.611,4164.1733,5532.9893,6265282,0.035474144,310435.72,241923,1.9447014
Geo12,1/9/23,599057,438569,406614,644370,-3.3542976,-2.9168115,6660.325,5014.421,4855.8794,7578.1826,3937823,0.034688465,310435.72,271562,2.3728282
Geo12,1/16/23,366781,10060,493278,340224,-0.538973,0.5925212,4077.8772,115.02198,5890.8413,4001.241,6963985.5,0.035487365,310435.72,206368,1.6486276
Geo12,1/23/23,780809,312712,401010,0,2.7826784,-5.564365,8681.047,3575.4229,4788.955,0,3763484.8,0.03450599,310435.72,0,0
Geo12,1/30/23,434073,446503,469371,436421,2.5952144,2.5013945,4826.031,5105.1353,5605.3384,5132.576,8115802,0.034503534,310435.72,234124,1.8640592
Geo12,2/6/23,376341,496560,479849,399914,-3.402351,4.605625,4184.1655,5677.467,5730.4688,4703.2314,7277264,0.0351431,310435.72,224550,1.7809575
Geo12,2/13/23,226159,581947,216766,465007,-2.4157212,-2.2069333,2514.4395,6653.747,2588.6702,5468.7646,4813558,0.035470735,310435.72,240624,1.9325047
Geo12,2/20/23,957009,477659,558617,775874,-3.7095833,0.026977148,10640.042,5461.3604,6671.135,9124.749,5982109.5,0.03523902,310435.72,284812,2.7241619
Geo12,2/27/23,654018,237436,326509,298685,2.8835728,-1.2497454,7271.383,2714.7476,3899.2468,3512.717,6973039,0.034651063,310435.72,191698,1.5581018
Geo12,3/6/23,719356,930610,302858,498532,-5.3509035,0.4676209,7997.8115,10640.22,3616.801,5863.039,5676973.5,0.03503993,310435.72,247643,2.0131075
Geo12,3/13/23,868446,514798,620681,0,-3.9994948,4.6254396,9655.396,5885.9927,7412.318,0,6659017,0.035246637,310435.72,0,0
Geo12,3/20/23,270913,663928,440734,193880,0.1313617,-1.9799491,3012.0151,7591.085,5263.3486,2280.1465,4313875.5,0.035047416,310435.72,144141,1.3450718
Geo12,3/27/23,311839,421174,508746,140592,3.3379154,-2.9558005,3467.031,4815.5337,6075.564,1653.4473,4950930.5,0.03540131,310435.72,113294,1.2409483
Geo12,4/3/23,542259,650700,674994,349480,-1.073008,0.86637694,6028.844,7439.8413,8060.936,4110.097,6666716.5,0.035051044,310435.72,209557,1.6677085
Geo12,4/10/23,641721,273475,339336,0,1.5989916,0.09276497,7134.6646,3126.803,4052.43,0,6176910.5,0.034938022,310435.72,0,0
Geo12,4/17/23,924310,677661,153555,282356,-0.7549315,5.668338,10276.493,7748.1025,1833.7897,3320.678,9014429,0.03526981,310435.72,186128,1.516999
Geo12,4/24/23,500357,432080,259781,243714,-3.6401882,-1.6285254,5562.977,4940.2285,3102.3655,2866.2246,4730626,0.034982778,310435.72,168879,1.4431279
Geo12,5/1/23,887644,657992,617249,434515,2.567104,2.5753548,9868.841,7523.2153,7371.332,5110.16,8247823.5,0.03467206,310435.72,233752,1.8588718
Geo12,5/8/23,742854,372812,277292,163881,-1.8993907,-4.1704836,8259.0625,4262.582,3311.4858,1927.3401,3752413,0.03517068,310435.72,127571,1.2846258
Geo12,5/15/23,898506,410275,496458,493988,-0.3039444,-0.31596297,9989.6045,4690.919,5928.8174,5809.599,5078707,0.035125732,310435.72,247554,1.9954758
Geo12,5/22/23,632871,520234,566586,435011,2.913879,-1.5918893,7036.27,5948.146,6766.3027,5115.9937,6536757,0.035458207,310435.72,233783,1.860747
Geo12,5/29/23,544197,284628,472346,257620,4.744187,-3.8241735,6050.391,3254.3218,5640.866,3029.7676,4839196,0.034713097,310435.72,175449,1.468347
Geo12,6/5/23,586671,778854,376157,492164,-0.1408689,-5.1371403,6522.6177,8905.103,4492.155,5788.1475,4025169.8,0.034669604,310435.72,246952,1.9929541
Geo12,6/12/23,526009,475124,703331,258795,0.82081807,-2.1251798,5848.177,5432.376,8399.344,3043.5864,4581722.5,0.034980815,310435.72,175441,1.4751112
Geo12,6/19/23,1123102,170858,641325,367476,-0.17754376,-6.436053,12486.666,1953.5215,7658.853,4321.7407,3089521.2,0.035222158,310435.72,215154,1.7079673
Geo12,6/26/23,886873,634711,280148,229686,-3.347639,-5.2200127,9860.269,7257.03,3345.593,2701.2468,2267137,0.0346695,310435.72,162451,1.4138787
Geo12,7/3/23,593785,521915,225847,59505,4.9271984,0.4067691,6601.7114,5967.3657,2697.1177,699.81494,7020512.5,0.035310786,310435.72,53684,1.1084309
Geo12,7/10/23,610728,6740,533282,465992,-1.5764987,-2.2000492,6790.084,77.06244,6368.5786,5480.349,4396435.5,0.035115298,310435.72,241347,1.9307967
Geo12,7/17/23,970489,386595,126733,550301,2.0084713,-2.6725485,10789.912,4420.1714,1513.4751,6471.874,5615105,0.034535367,310435.72,257576,2.1364608
Geo12,7/24/23,415469,12558,368796,792571,-1.9710352,-1.2565078,4619.191,143.58311,4404.248,9321.116,3486550.5,0.034786206,310435.72,286366,2.7676854
Geo12,7/31/23,523447,489367,219974,534727,-0.8965856,-3.2802272,5819.6924,5595.225,2626.981,6288.7144,5279679,0.03493116,310435.72,254877,2.0979805
Geo12,8/7/23,738476,857267,705721,0,-3.196826,3.2600133,8210.388,9801.6455,8427.885,0,6768172.5,0.034836255,310435.72,0,0
Geo12,8/14/23,660706,643116,394294,540446,0.1947163,1.5329459,7345.74,7353.129,4708.751,6355.973,6605397.5,0.03451574,310435.72,256081,2.1104493
Geo12,8/21/23,991031,373423,429058,545214,-3.2222795,-1.3414719,11018.299,4269.568,5123.911,6412.048,4758931.5,0.03542514,310435.72,256835,2.1228182
Geo12,8/28/23,649813,765663,442216,28861,-0.6259112,4.146111,7224.6313,8754.282,5281.047,339.42288,7771730,0.03539452,310435.72,27367,1.0545913
Geo12,9/4/23,716529,381954,516302,717127,2.8122318,0.6564608,7966.381,4367.108,6165.7993,8433.849,7912826,0.034988616,310435.72,279780,2.5631819
Geo12,9/11/23,536910,450355,853802,315603,0.45764256,-0.27714798,5969.374,5149.1772,10196.303,3711.6829,5757854.5,0.035165768,310435.72,197709,1.5963006
Geo12,9/18/23,936140,109037,319707,408157,-0.33923465,4.8413124,10408.02,1246.685,3818.0159,4800.1743,8778344,0.035181705,310435.72,226876,1.7990311
Geo12,9/25/23,539578,379976,563623,306812,-0.7613981,-1.8232695,5999.037,4344.492,6730.9175,3608.2954,6241358.5,0.03451064,310435.72,194146,1.5803158
Geo12,10/2/23,783890,691317,38236,459806,2.8508263,-0.6457099,8715.302,7904.2397,456.62326,5407.5977,6491027.5,0.03542856,310435.72,239913,1.9165531
Geo12,10/9/23,568283,449161,321150,466748,-2.6686077,1.0715245,6318.1797,5135.526,3835.2485,5489.2397,6744829.5,0.03518041,310435.72,241099,1.9359185
Geo12,10/16/23,1143124,364859,107993,298170,4.694393,-0.15508467,12709.271,4171.651,1289.6776,3506.6604,7592530.5,0.03454356,310435.72,191655,1.5557643
Geo12,10/23/23,895317,27858,352914,611950,-2.9514863,0.4119181,9954.148,318.51715,4214.5815,7196.904,5569357.5,0.03464918,310435.72,267656,2.2863302
Geo12,10/30/23,1071596,500176,455950,0,1.553339,-2.827568,11914.021,5718.8105,5445.0615,0,5632366,0.034966145,310435.72,0,0
Geo12,11/6/23,638453,407561,415693,421339,2.3214068,1.7499694,7098.3306,4659.888,4964.303,4955.2026,7571755.5,0.03478046,310435.72,230788,1.8256538
Geo12,11/13/23,368170,513342,600504,401031,-1.8752571,1.7303907,4093.32,5869.345,7171.3594,4716.368,6692315.5,0.03535829,310435.72,225369,1.7794417
Geo12,11/20/23,650965,316137,426824,355310,2.772706,1.7904241,7237.4395,3614.583,5097.232,4178.6616,8594528,0.034826458,310435.72,211540,1.679635
Geo12,11/27/23,521484,73672,535429,492180,0.4740285,3.7064567,5797.8677,842.33594,6394.2183,5788.336,7343742.5,0.03486094,310435.72,246884,1.9935678
Geo12,12/4/23,811180,145709,402806,231385,3.0800462,1.5586522,9018.712,1665.9779,4810.4033,2721.228,7795986,0.03470413,310435.72,162802,1.4212663
Geo12,12/11/23,777560,234455,35140,331918,2.87313,2.2431376,8644.925,2680.6638,419.6501,3903.5574,7612047.5,0.0351513,310435.72,204112,1.6261562
Geo12,12/18/23,1323730,620082,163514,622386,-4.066679,-3.464787,14717.252,7089.7676,1952.7224,7319.637,5297628.5,0.035368875,310435.72,268626,2.3169239
Geo12,12/25/23,828308,575205,423176,118412,-3.5650444,4.3331733,9209.142,6576.662,5053.667,1392.597,6802433,0.034620356,310435.72,98630,1.2005677
Geo12,1/1/24,387645,610878,301684,2763,3.1399019,-5.2824507,4309.8433,6984.5327,3602.781,32.494556,4420728.5,0.035155848,310435.72,2708,1.0203102
Geo12,1/8/24,617681,134562,425140,573392,2.7903664,-6.640061,6867.387,1538.5276,5077.121,6743.438,3184342.8,0.035244327,310435.72,261258,2.1947348
Geo12,1/15/24,957803,662065,259769,665591,4.3495336,0.5594355,10648.869,7569.784,3102.2222,7827.7544,6889674,0.035251874,310435.72,274112,2.4281716
Geo13,1/25/21,1973642,91373,607916,465986,-2.0065372,0.5150943,21942.984,1044.722,7259.875,5480.2783,12867653,0.034540575,642480.2,330961,1.4079785
Geo13,2/1/21,1856241,635322,1116254,254286,-1.7156621,1.2251277,20637.717,7264.0156,13330.566,2990.5579,10606691,0.03504721,642480.2,209890,1.2115203
Geo13,2/8/21,2202370,1447428,1627364,749328,-0.029771697,1.6775806,24485.984,16549.309,19434.361,8812.553,14573956,0.035360657,642480.2,442221,1.694465
Geo13,2/15/21,1580089,607639,393373,765477,-6.8976107,4.7297554,17567.455,6947.4995,4697.7524,9002.475,13778299,0.03548928,642480.2,446940,1.7127064
Geo13,2/22/21,1825615,712493,1562250,810857,4.5006704,0.6549174,20297.217,8146.3574,18656.756,9536.171,16709615,0.035408076,642480.2,460996,1.7589241
Geo13,3/1/21,1142998,947251,1722461,647796,-2.0123286,2.811801,12707.87,10830.486,20570.031,7618.4746,16168182,0.03484858,642480.2,407708,1.5888724
Geo13,3/8/21,1658156,736697,1132055,408393,2.850481,-2.637556,18435.406,8423.097,13519.266,4802.9497,13764566,0.035308093,642480.2,301794,1.3532177
Geo13,3/15/21,0,392191,1144054,70674,2.4680555,4.696062,0,4484.154,13662.561,831.1692,16492191,0.035363704,642480.2,66735,1.0590245
Geo13,3/22/21,1250581,379038,1193102,875418,-2.7875087,2.3260994,13903.9795,4333.7676,14248.303,10295.447,12379498,0.035257753,642480.2,478320,1.8301932
Geo13,3/29/21,1307902,599425,1007389,430169,-2.5833888,1.6149747,14541.275,6853.5835,12030.475,5059.049,13559588,0.034545068,642480.2,313440,1.3724126
Geo13,4/5/21,1802696,364106,0,667111,-1.1721842,-0.7167353,20042.404,4163.041,0,7845.6304,11904089,0.03532904,642480.2,414042,1.6112158
Geo13,4/12/21,1479841,1316438,895223,1153314,-5.7662497,3.0388963,16452.896,15051.621,10690.963,13563.673,13135953,0.0347789,642480.2,535806,2.1524842
Geo13,4/19/21,1590150,192716,834459,369123,-0.7369766,1.0562189,17679.312,2203.437,9965.305,4341.111,12606897,0.03486695,642480.2,281499,1.3112764
Geo13,4/26/21,1616917,815915,1222249,622350,-4.763501,-2.8324099,17976.91,9328.843,14596.384,7319.214,7818300,0.035271987,642480.2,398895,1.560185
Geo13,5/3/21,1142278,1215142,588878,472250,-4.653788,-4.2903194,12699.865,13893.443,7032.519,5553.947,6103547,0.034523766,642480.2,334161,1.4132409
Geo13,5/10/21,809957,1307187,163254,981386,0.8901863,2.0868218,9005.115,14945.849,1949.6174,11541.695,13792869,0.035411213,642480.2,503277,1.9499917
Geo13,5/17/21,2043717,933547,243275,490499,0.73892754,-2.275853,22722.078,10673.8,2905.247,5768.566,11121721,0.03470248,642480.2,342618,1.4316206
Geo13,5/24/21,2559462,1731345,777177,527054,1.5891745,1.5028048,28456.14,19795.5,9281.2295,6198.475,12207697,0.034907434,642480.2,359469,1.4662015
Geo13,5/31/21,1366120,460402,1000200,1136372,0.59217626,-1.8319511,15188.544,5264.051,11944.622,13364.425,11945538,0.03503383,642480.2,533097,2.131642
Geo13,6/7/21,1226398,687911,1133204,900254,3.2024508,-3.649553,13635.113,7865.297,13532.987,10587.534,11707654,0.03499561,642480.2,484641,1.8575687
Geo13,6/14/21,1505817,274322,1474760,156840,-2.1239696,3.2379956,16741.697,3136.487,17611.93,1844.5337,14247895,0.03483972,642480.2,139898,1.1211026
Geo13,6/21/21,1340604,448599,352833,370029,-1.4440136,-2.978476,14904.857,5129.1,4213.6143,4351.7656,9329563,0.035009645,642480.2,281228,1.3157616
Geo13,6/28/21,1919879,960790,0,895061,4.4069614,-7.8766613,21345.246,10985.285,0,10526.461,6227546.5,0.035024658,642480.2,483049,1.8529404
Geo13,7/5/21,726946,1315502,368317,1431388,-0.114197746,-0.15906487,8082.1973,15040.919,4398.528,16833.992,11703696,0.035282288,642480.2,573147,2.4974186
Geo13,7/12/21,1521753,746962,1295342,373589,1.5869769,1.2262102,16918.875,8540.462,15469.277,4393.6333,14584627,0.034906533,642480.2,283641,1.3171191
Geo13,7/19/21,1680899,843790,353335,211292,2.394556,4.866521,18688.262,9647.555,4219.6094,2484.9224,15086430,0.0345805,642480.2,179691,1.175863
Geo13,7/26/21,238266,299114,854388,1232064,-0.68394923,2.137936,2649.0452,3419.9487,10203.302,14489.821,14237525,0.03494215,642480.2,548340,2.246898
Geo13,8/2/21,1075984,933530,1191576,538869,3.1653347,-4.116553,11962.808,10673.605,14230.079,6337.427,13043617,0.03502029,642480.2,365226,1.4754399
Geo13,8/9/21,2022129,1627021,990000,261470,-0.31996053,4.1675425,22482.062,18602.701,11822.812,3075.046,18007532,0.035360336,642480.2,214077,1.221383
Geo13,8/16/21,1699855,839832,1048578,679775,-1.275141,-2.243586,18899.016,9602.301,12522.363,7994.567,9251288,0.035111602,642480.2,419236,1.6214614
Geo13,8/23/21,1487687,405148,228097,79270,3.1256704,6.2474985,16540.129,4632.299,2723.9878,932.26337,17731518,0.035209693,642480.2,74815,1.0595468
Geo13,8/30/21,1316707,1248577,912323,1008702,-3.2819076,2.5853128,14639.17,14275.726,10895.175,11862.948,14346223,0.03480619,642480.2,509110,1.9813046
Geo13,9/6/21,868365,525893,0,0,-2.9593935,1.6992843,9654.496,6012.8486,0,0,11277562,0.03453292,642480.2,0,0
Geo13,9/13/21,983172,673219,1201015,978099,1.7122378,-4.2406187,10930.922,7697.3145,14342.802,11503.038,9851064,0.035222944,642480.2,502084,1.9480784
Geo13,9/20/21,1198216,1759340,723250,831245,1.4008021,-2.2689195,13321.785,20115.584,8637.221,9775.946,12839634,0.035146013,642480.2,466446,1.782082
Geo13,9/27/21,1339539,1482414,384131,0,-1.0086956,1.723197,14893.017,16949.324,4587.3823,0,11964413,0.034770064,642480.2,0,0
Geo13,10/4/21,2008001,1158324,920702,1569584,-2.8988404,-1.3926277,22324.988,13243.81,10995.238,18459.262,10150409,0.0345277,642480.2,586903,2.67435
Geo13,10/11/21,1548290,685315,302867,1155541,0.21271673,-0.33951935,17213.914,7835.615,3616.9084,13589.864,13821047,0.035434026,642480.2,536230,2.1549354
Geo13,10/18/21,1686921,750326,811578,281357,1.3302077,-0.28112528,18755.215,8578.925,9692.055,3308.9292,14312816,0.034581963,642480.2,227134,1.238727
Geo13,10/25/21,2063004,1495642,591726,368618,2.283112,-0.21281248,22936.512,17100.568,7066.5303,4335.1714,17214796,0.034569804,642480.2,280254,1.3152997
Geo13,11/1/21,2061164,825585,338604,131921,-1.4817308,4.0160203,22916.055,9439.406,4043.6882,1551.4711,14422195,0.034925938,642480.2,119452,1.104385
Geo13,11/8/21,1283026,946491,877622,843502,0.2083587,2.4882097,14264.704,10821.797,10480.768,9920.096,15366799,0.03479328,642480.2,469380,1.7970557
Geo13,11/15/21,1387547,861631,494320,194688,-3.9975624,-2.0880048,15426.7705,9851.541,5903.285,2289.6492,7590282.5,0.034854103,642480.2,168295,1.1568258
Geo13,11/22/21,1631420,402452,704272,1230,1.5153103,0.434604,18138.154,4601.4736,8410.581,14.465547,14411740,0.035124194,642480.2,1257,0.9785203
Geo13,11/29/21,1047068,1325641,321384,860805,0.3826349,-0.8206053,11641.319,15156.845,3838.043,10123.59,11360806,0.03507577,642480.2,474867,1.8127286
Geo13,12/6/21,1685436,525230,1259812,794455,-4.422612,2.8542817,18738.705,6005.268,15044.97,9343.273,13919308,0.03484741,642480.2,456316,1.7410194
Geo13,12/13/21,1068672,618518,851923,353871,0.32612866,4.237319,11881.513,7071.8853,10173.863,4161.738,15279244,0.03466104,642480.2,272029,1.3008577
Geo13,12/20/21,1094911,1423387,1676940,781405,-3.3305492,-0.52191305,12173.238,16274.433,20026.41,9189.798,11953069,0.03487131,642480.2,452126,1.7282903
Geo13,12/27/21,1938606,980399,461453,398203,3.3148003,1.0317366,21553.453,11209.486,5510.78,4683.1094,14294959,0.03475415,642480.2,296527,1.3428895
Geo13,1/3/22,1620556,964274,0,814215,-1.262231,-3.103251,18017.367,11025.12,0,9575.663,11587865,0.034695864,642480.2,461364,1.7647996
Geo13,1/10/22,2709745,612031,844640,535779,4.0332737,3.4283562,30126.988,6997.716,10086.889,6301.0864,19936578,0.035059493,642480.2,363567,1.4736733
Geo13,1/17/22,1298656,1005047,453688,681838,1.2008665,-5.4749894,14438.479,11491.302,5418.0483,8018.829,10959826,0.034695737,642480.2,420268,1.6223886
Geo13,1/24/22,1310066,941048,691614,597350,-3.6432147,-3.900712,14565.335,10759.563,8259.416,7025.1987,7021283.5,0.03529648,642480.2,388500,1.5375805
Geo13,1/31/22,1089372,1003260,636459,466434,0.08391581,2.2622972,12111.655,11470.87,7600.742,5485.5474,15949517,0.03456331,642480.2,331899,1.4053493
Geo13,2/7/22,1118990,262770,1030513,1226861,5.391628,1.0896846,12440.949,3004.4062,12306.627,14428.631,17528848,0.035222143,642480.2,547431,2.2411244
Geo13,2/14/22,1113765,1110592,1192720,966546,7.464224,1.8611965,12382.857,12698.062,14243.741,11367.168,19455370,0.035007212,642480.2,499659,1.9344113
Geo13,2/21/22,1538978,1135950,515145,246410,-0.74717766,-4.5439577,17110.383,12987.994,6151.982,2897.9312,5955914,0.034796607,642480.2,204911,1.202522
Geo13,2/28/22,1557038,52019,278251,652229,-1.9640751,0.76353997,17311.174,594.7643,3322.9385,7670.6094,11053919,0.03544738,642480.2,409885,1.5912488
Geo13,3/7/22,1737601,341669,914039,335462,0.37506753,1.6400225,19318.676,3906.5056,10915.668,3945.2368,14224821,0.034767143,642480.2,261594,1.2823765
Geo13,3/14/22,1666012,915240,518075,219955,-1.0260197,-2.7231205,18522.748,10464.485,6186.9727,2586.8044,8447494,0.035250373,642480.2,186155,1.1815691
Geo13,3/21/22,987561,1487721,945586,168942,-0.18263125,1.0651386,10979.719,17010.002,11292.409,1986.8605,11598675,0.03460104,642480.2,148977,1.134014
Geo13,3/28/22,1633370,557913,624358,975589,-3.79745,-7.473489,18159.834,6378.952,7456.2295,11473.52,3583800.2,0.034734413,642480.2,502095,1.9430367
Geo13,4/4/22,1965485,1473285,984818,428440,2.6136088,-3.1635997,21852.295,16844.947,11760.927,5038.715,9883002,0.034954164,642480.2,313116,1.3683108
Geo13,4/11/22,1991082,899220,360866,739975,1.4443865,-2.7774103,22136.883,10281.318,4309.5464,8702.556,12246894,0.03477399,642480.2,439167,1.6849513
Geo13,4/18/22,1751122,318189,1414411,370235,0.7769468,0.05402548,19469.002,3638.0447,16891.227,4354.1885,13255431,0.03492775,642480.2,280633,1.3192853
Geo13,4/25/22,1476477,1939481,1106593,642010,-1.830352,-0.26577604,16415.496,22175.244,13215.192,7550.4277,12339065,0.034823757,642480.2,405220,1.5843493
Geo13,5/2/22,1386844,1083150,1259098,1582508,-6.547923,1.4034333,15418.954,12384.3,15036.442,18611.256,11489412,0.034702376,642480.2,587571,2.6933053
Geo13,5/9/22,856358,930915,829094,523158,-1.3813063,2.0318127,9521.002,10643.707,9901.234,6152.656,12747488,0.03545918,642480.2,358449,1.4595047
Geo13,5/16/22,1565529,1509233,758584,536118,1.9187461,5.268235,17405.576,17255.96,9059.1875,6305.073,20510124,0.034660988,642480.2,363682,1.4741395
Geo13,5/23/22,1036679,904898,867855,647525,2.658743,-5.863618,11525.813,10346.239,10364.127,7615.287,10675380,0.03545006,642480.2,408146,1.5865034
Geo13,5/30/22,1383184,457461,241377,633446,5.3472877,3.4506605,15378.262,5230.425,2882.5806,7449.7095,17649546,0.035029627,642480.2,402843,1.5724388
Geo13,6/6/22,1757919,1239291,129840,234709,3.4513516,6.8130693,19544.572,14169.554,1550.5796,2760.3203,18716314,0.03531006,642480.2,196318,1.1955552
Geo13,6/13/22,1108769,615872,450545,775641,-5.3721604,1.4793324,12327.312,7041.6323,5380.5137,9122.009,10435776,0.034799647,642480.2,450383,1.7221808
Geo13,6/20/22,1441907,832775,740045,783833,5.1007285,1.5019455,16031.1455,9521.613,8837.79,9218.353,16175480,0.034892943,642480.2,452818,1.7310112
Geo13,6/27/22,1125785,530522,634301,490018,2.484222,8.121165,12516.496,6065.7744,7574.9707,5762.909,17432212,0.03478092,642480.2,342239,1.4318006
Geo13,7/4/22,1863058,1679472,822919,1051214,-1.3961496,1.5298727,20713.51,19202.406,9827.491,12362.915,13444640,0.034735918,642480.2,516982,2.0333667
Geo13,7/11/22,1352579,837091,887305,500912,-2.6471193,-2.915687,15037.995,9570.961,10596.404,5891.0293,8007971.5,0.035484087,642480.2,347586,1.4411167
Geo13,7/18/22,1334334,1021882,328074,270644,4.1649017,3.091959,14835.147,11683.787,3917.9365,3182.9377,18269236,0.03464701,642480.2,221094,1.2241129
Geo13,7/25/22,2186542,485149,1476125,1165815,1.5845171,4.3342214,24310.01,5546.998,17628.23,13710.692,15543194,0.035471514,642480.2,537746,2.167966
Geo13,8/1/22,1367462,0,506218,769684,0.24493572,-1.0765706,15203.465,0,6045.3735,9051.951,9514057,0.035448037,642480.2,447840,1.7186584
Geo13,8/8/22,1056671,1349184,759804,1622874,0.38028708,0.18709499,11748.085,15426.025,9073.757,19085.984,14054476,0.03471107,642480.2,591183,2.7451296
Geo13,8/15/22,803650,877302,796422,0,2.8531244,0.17369823,8934.994,10030.717,9511.058,0,14947747,0.03542193,642480.2,0,0
Geo13,8/22/22,1149791,1960430,1947996,432016,2.395825,-2.0284307,12783.395,22414.766,23263.424,5080.7705,13319192,0.034575567,642480.2,314255,1.3747307
Geo13,8/29/22,1206748,1156726,386237,10401,2.9859848,0.070121855,13416.644,13225.539,4612.5327,122.322075,12548277,0.035153717,642480.2,10543,0.9865314
Geo13,9/5/22,1046307,988725,231237,1239733,1.2141025,-4.787155,11632.858,11304.683,2761.4863,14580.013,7573377,0.035476763,642480.2,549539,2.255951
Geo13,9/12/22,1703064,986400,1520329,654815,-3.687479,-1.7512693,18934.693,11278.1,18156.125,7701.022,8667994,0.03530044,642480.2,411001,1.59322
Geo13,9/19/22,1586198,1152083,1037816,1331040,3.6741705,-3.1408818,17635.375,13172.452,12393.842,15653.839,15285460,0.035312794,642480.2,561909,2.368782
Geo13,9/26/22,1109604,792918,908848,34322,-3.4982057,3.137702,12336.596,9065.904,10853.676,403.64755,15251684,0.034516227,642480.2,33580,1.0220965
Geo13,10/3/22,1780257,1228852,1847518,1424582,-8.267039,1.5502821,19792.926,14050.198,22063.492,16753.95,10096671,0.03532623,642480.2,572627,2.487801
Geo13,10/10/22,1254524,482198,0,345468,2.805492,-3.2755356,13947.818,5513.2573,0,4062.9136,8106486,0.034767408,642480.2,266528,1.296179
Geo13,10/17/22,1377411,863342,0,290273,-3.328113,4.17772,15314.078,9871.1045,0,3413.7869,12022713,0.035187274,642480.2,233472,1.2432883
Geo13,10/24/22,1963329,1086875,1095788,840762,-1.3798676,-2.198989,21828.324,12426.891,13086.156,9887.872,11096941,0.035442982,642480.2,469196,1.7919207
Geo13,10/31/22,1749050,1685663,931784,0,3.029372,-1.9310296,19445.967,19273.191,11127.582,0,11024803,0.03544015,642480.2,0,0
Geo13,11/7/22,1680759,939702,1415865,1296342,-2.2640843,0.8812845,18686.705,10744.174,16908.592,15245.77,15661682,0.03507116,642480.2,557231,2.3263996
Geo13,11/14/22,1746409,1128772,0,1634904,-0.965732,-1.2122098,19416.604,12905.924,0,19227.465,10939847,0.035005484,642480.2,592153,2.7609487
Geo13,11/21/22,1161901,521256,1278794,1431262,-2.3858232,6.281449,12918.034,5959.831,15271.657,16832.51,18978976,0.034576938,642480.2,573332,2.496393
Geo13,11/28/22,1057805,1885775,0,0,-7.833219,1.3723235,11760.693,21561.191,0,0,8738795,0.035099976,642480.2,0,0
Geo13,12/5/22,2228510,1137060,1520087,268932,4.109974,4.942762,24776.61,13000.686,18153.234,3162.8037,19981648,0.034876045,642480.2,219590,1.2247006
Geo13,12/12/22,1200764,795923,703972,742274,4.3020697,-1.9771359,13350.113,9100.263,8406.998,8729.593,14490386,0.03490333,642480.2,440678,1.6843909
Geo13,12/19/22,1687882,1321493,250950,1095564,2.5098228,-2.3505356,18765.9,15109.418,2996.9036,12884.498,13143671,0.034516513,642480.2,526193,2.0820572
Geo13,12/26/22,737989,1393995,309013,1064850,0.5734714,-1.4598467,8204.974,15938.377,3690.3054,12523.283,11109891,0.035194837,642480.2,520582,2.045499
Geo13,1/2/23,1812512,662858,874500,1162330,1.1429119,3.5014021,20151.537,7578.851,10443.483,13669.707,17853666,0.034648765,642480.2,537933,2.1607337
Geo13,1/9/23,1182876,957056,584629,929888,-1.6086221,-2.0550654,13151.234,10942.593,6981.7764,10936.048,10263596,0.035404377,642480.2,491668,1.8912925
Geo13,1/16/23,1244060,0,755735,965829,2.0009797,-0.6084374,13831.4795,0,9025.164,11358.735,14356157,0.03536752,642480.2,499362,1.9341259
Geo13,1/23/23,895850,151838,808368,56751,-2.5732794,0.06399794,9960.075,1736.0544,9653.72,667.4262,9245003,0.035173602,642480.2,54524,1.0408444
Geo13,1/30/23,1090757,1225190,0,849946,-0.06461671,-2.7601838,12127.054,14008.328,0,9995.881,11101300,0.035361785,642480.2,471642,1.8021
Geo13,2/6/23,1409056,613881,1568566,838640,-2.6258216,8.802943,15665.907,7018.8677,18732.182,9862.916,18812290,0.034998186,642480.2,468316,1.7907567
Geo13,2/13/23,775462,2077830,394021,906805,-0.42692453,3.0992231,8621.599,23757.07,4705.4907,10664.577,15528863,0.034514353,642480.2,485966,1.8659844
Geo13,2/20/23,1278457,551175,512547,508508,-1.668632,-1.3753235,14213.905,6301.9126,6120.956,5980.363,11596105,0.03455293,642480.2,351222,1.4478251
Geo13,2/27/23,1510170,368739,681620,699365,-1.3146763,-1.5640984,16790.094,4216.013,8140.0654,8224.957,11178838,0.035464402,642480.2,425872,1.6421953
Geo13,3/6/23,1829140,960462,171406,1218909,-4.451764,-3.3627944,20336.408,10981.535,2046.9706,14335.11,8571196,0.034683473,642480.2,545874,2.2329493
Geo13,3/13/23,2106064,559993,886160,0,0.09745384,2.9934816,23415.254,6402.734,10582.73,0,14270923,0.035090715,642480.2,0,0
Geo13,3/20/23,567589,498957,1204051,0,3.2992983,2.2994158,6310.464,5704.873,14379.059,0,13779278,0.034983695,642480.2,0,0
Geo13,3/27/23,1233408,1001834,626950,614124,-5.226025,-0.78706443,13713.05,11454.566,7487.1836,7222.471,7902844,0.03488371,642480.2,395715,1.5519351
Geo13,4/3/23,2018094,1015633,812711,578976,-0.6341864,1.9544668,22437.201,11612.338,9705.585,6809.1094,14806016,0.035469778,642480.2,381824,1.5163426
Geo13,4/10/23,1252993,764397,1088685,242426,0.085341096,2.4101734,13930.797,8739.807,13001.331,2851.077,14653559,0.034753926,642480.2,201930,1.2005447
Geo13,4/17/23,1001173,861417,242029,337695,1.2860975,0.14853016,11131.058,9849.095,2890.367,3971.4983,14005688,0.034869183,642480.2,263242,1.282831
Geo13,4/24/23,1493672,804219,764423,247010,0.44495386,-1.142094,16606.67,9195.116,9128.918,2904.9875,11930894,0.034505673,642480.2,205302,1.2031543
Geo13,5/1/23,1821158,1016819,818071,345058,-0.13840517,-2.349599,20247.664,11625.898,9769.596,4058.0916,10714697,0.034761418,642480.2,267420,1.2903223
Geo13,5/8/23,1765241,1686777,743628,629842,-2.0007756,-4.3150043,19625.979,19285.928,8880.579,7407.324,8041177,0.035189703,642480.2,400718,1.5717837
Geo13,5/15/23,1859245,669242,1221838,735931,1.6727402,-2.7178295,20671.115,7651.8433,14591.476,8654.995,10140929,0.035258684,642480.2,438179,1.6795214
Geo13,5/22/23,975081,694173,1266226,725195,4.8273544,-4.6452093,10840.967,7936.894,15121.567,8528.733,11990695,0.034920108,642480.2,434543,1.6688682
Geo13,5/29/23,1615609,1427269,1582385,1534462,-3.0564656,2.8133585,17962.367,16318.818,18897.21,18046.205,13285682,0.035244886,642480.2,583533,2.6296062
Geo13,6/5/23,1624075,1242196,1250284,367006,-1.5632046,-2.581938,18056.492,14202.769,14931.184,4316.2134,9929366,0.034623407,642480.2,279852,1.3114289
Geo13,6/12/23,1256861,721134,441826,197961,0.75937784,0.13965204,13973.801,8245.155,5276.3896,2328.1416,10133897,0.034920648,642480.2,170425,1.1615726
Geo13,6/19/23,2184556,99313,1020770,1217702,0.97157353,8.0643835,24287.93,1135.5048,12190.274,14320.915,19240434,0.035000846,642480.2,545682,2.231523
Geo13,6/26/23,1116628,877896,594390,0,-0.2896067,-1.9399409,12414.688,10037.509,7098.344,0,8022341.5,0.034591917,642480.2,0,0
Geo13,7/3/23,806844,433425,940576,425274,2.7199333,3.368576,8970.505,4955.6064,11232.578,5001.4805,15351953,0.034646988,642480.2,310781,1.3684042
Geo13,7/10/23,1687556,20833,1323178,1072013,-3.8484082,4.058166,18762.275,238.19612,15801.701,12607.524,13165936,0.035458885,642480.2,521416,2.055965
Geo13,7/17/23,1375346,1188241,761181,457302,2.8083582,-6.6276274,15291.119,13585.868,9090.201,5378.1494,8467547,0.035138927,642480.2,326858,1.3990846
Geo13,7/24/23,977586,873190,1269063,1296445,-3.62616,-2.1126647,10868.817,9983.702,15155.447,15246.98,5991815.5,0.03547026,642480.2,557488,2.325512
Geo13,7/31/23,647255,1519746,1472361,676297,2.757426,0.953447,7196.1914,17376.162,17583.28,7953.6636,16778662,0.035121106,642480.2,418178,1.6172467
Geo13,8/7/23,1631341,1558159,677857,141685,0.7665154,-0.54342955,18137.275,17815.361,8095.127,1666.3016,12988161,0.035268944,642480.2,127841,1.1082908
Geo13,8/14/23,921652,654772,758120,901535,-7.4343576,-0.771047,10246.941,7486.399,9053.646,10602.6,7389586.5,0.034781042,642480.2,484782,1.859671
Geo13,8/21/23,2099298,1122547,98747,1603985,1.1464844,-0.5099177,23340.03,12834.75,1179.2598,18863.838,12769474,0.035218433,642480.2,589432,2.7212384
Geo13,8/28/23,1705576,1657419,351442,548698,3.147844,-1.3875027,18962.621,18950.26,4197.0024,6453.022,13801312,0.035094187,642480.2,369172,1.4862937
Geo13,9/4/23,965671,794712,696624,1326406,-0.42094624,0.18682283,10736.346,9086.417,8319.247,15599.34,14401434,0.03458111,642480.2,561202,2.363509
Geo13,9/11/23,1189630,682752,1530780,288771,0.21688713,0.15006116,13226.325,7806.311,18280.934,3396.1223,11503114,0.035200745,642480.2,232324,1.2429668
Geo13,9/18/23,1761650,1653,301399,340904,0.69795644,4.5361156,19586.053,18.899734,3599.3774,4009.238,17648506,0.035418436,642480.2,264730,1.2877423
Geo13,9/25/23,1116273,785418,934375,742855,-1.9487554,0.30609873,12410.741,8980.152,11158.524,8736.426,13929103,0.034861054,642480.2,441115,1.6840394
Geo13,10/2/23,2165742,912337,731199,1377439,-0.23020434,-5.232612,24078.754,10431.293,8732.149,16199.52,8682496,0.034998316,642480.2,567120,2.4288316
Geo13,10/9/23,1989792,1024455,412979,886369,-1.9494921,-4.901864,22122.54,11713.205,4931.8916,10424.237,9441526,0.035339657,642480.2,480669,1.8440319
Geo13,10/16/23,1618695,1389536,582767,854435,-0.35325846,-0.64394486,17996.678,15887.395,6959.54,10048.675,13952367,0.03525707,642480.2,472295,1.8091129
Geo13,10/23/23,1923414,399417,691564,711136,-3.0538282,-1.1132674,21384.549,4566.773,8258.819,8363.392,10169865,0.03475695,642480.2,431103,1.6495733
Geo13,10/30/23,2045520,1133064,1903761,245828,-0.001849041,-4.890092,22742.125,12954.997,22735.158,2891.0867,9337207,0.03529351,642480.2,203839,1.205991
Geo13,11/6/23,859885,1200071,575564,949389,1.318986,0.3329413,9560.216,13721.128,6873.52,11165.392,13574281,0.035441566,642480.2,496050,1.9138978
Geo13,11/13/23,1638738,763031,707955,906227,-0.42648166,2.3375247,18219.516,8724.188,8454.564,10657.78,15338592,0.035182025,642480.2,485567,1.8663274
Geo13,11/20/23,1162337,1136205,1168676,1248393,3.7775917,0.15001519,12922.882,12990.91,13956.603,14681.86,17843912,0.03485251,642480.2,550432,2.268024
Geo13,11/27/23,1320275,481425,754563,1302262,-0.66343915,6.9035892,14678.839,5504.4194,9011.168,15315.392,18041032,0.034742467,642480.2,557486,2.3359547
Geo13,12/4/23,921001,1045088,514806,1146512,4.0069785,-2.3489504,10239.704,11949.114,6147.9336,13483.678,15166904,0.035332218,642480.2,534196,2.1462386
Geo13,12/11/23,1850724,995210,0,821110,3.715358,-1.2703234,20576.379,11378.83,0,9656.752,13876097,0.03530124,642480.2,463721,1.7706983
Geo13,12/18/23,2687029,985221,948702,1463334,-4.0093055,2.5837386,29874.432,11264.619,11329.621,17209.697,17064562,0.034844138,642480.2,576667,2.537572
Geo13,12/25/23,1057804,789440,1115257,173041,0.007443065,0.85567033,11760.682,9026.139,13318.66,2035.0673,12829867,0.03480684,642480.2,151813,1.1398299
Geo13,1/1/24,1355168,1290717,640426,331033,0.25983205,2.1021008,15066.78,14757.538,7648.117,3893.1492,15629808,0.034972303,642480.2,258996,1.2781395
Geo13,1/8/24,1042137,386146,886622,994217,-1.4930124,0.69340134,11586.496,4415.0376,10588.247,11692.596,10712748,0.03453473,642480.2,505325,1.9674803
Geo13,1/15/24,1332130,1836605,584803,1105661,-3.216106,-0.026388053,14810.643,20999,6983.854,13003.245,9593512,0.034578547,642480.2,527456,2.0962148
Geo14,1/25/21,2819017,1537114,690769,0,-0.6854769,-0.32090527,31341.877,17574.742,8249.325,0,19470040,0.034539413,949706.9,0,0
Geo14,2/1/21,2191691,1148777,1188862,0,-3.807229,-6.06409,24367.256,13134.653,14197.668,0,4829797,0.03527372,949706.9,0,0
Geo14,2/8/21,3018102,1549507,1496945,1945917,0.59968436,3.4866014,33555.31,17716.438,17876.867,22885.166,25097184,0.03489203,949706.9,828011,2.35011
Geo14,2/15/21,2042486,268528,712147,82279,4.130085,-3.6675296,22708.393,3070.241,8504.626,967.651,16815344,0.035456896,949706.9,78801,1.0441365
Geo14,2/22/21,3028208,1237137,1152990,1547137,-4.053614,-1.8034126,33667.664,14144.926,13769.276,18195.271,13915500,0.035042655,949706.9,763422,2.0265815
Geo14,3/1/21,1189707,1696185,1395942,921757,-5.262534,-2.7944877,13227.182,19393.496,16670.666,10840.422,13585771,0.035274155,949706.9,590091,1.562059
Geo14,3/8/21,1786917,1587242,2012573,1718435,0.35427466,3.0981023,19866.973,18147.885,24034.617,20209.84,28303094,0.035298195,949706.9,794521,2.1628566
Geo14,3/15/21,1140489,336063,1572605,0,-0.46483308,-7.5778785,12679.976,3842.409,18780.416,0,6952398,0.035438225,949706.9,0,0
Geo14,3/22/21,2202000,892336,1434495,1272452,-2.8713043,-6.9294705,24481.871,10202.61,17131.074,14964.809,6889349.5,0.034769,949706.9,700881,1.8155036
Geo14,3/29/21,1796042,1278527,998033,1011844,-1.097015,2.2876904,19968.424,14618.162,11918.743,11899.9,23832830,0.034574155,949706.9,622250,1.6261053
Geo14,4/5/21,2317460,104816,256475,884015,0.0675981,-1.3281689,25765.559,1198.4238,3062.8845,10396.554,17569176,0.035285782,949706.9,575285,1.5366558
Geo14,4/12/21,1655516,2121873,1379106,2041435,1.6072351,3.9436648,18406.055,24260.64,16469.605,24008.516,26569550,0.035196908,949706.9,839166,2.4326952
Geo14,4/19/21,2550521,1194225,854499,1198103,3.4389048,-8.504215,28356.734,13654.287,10204.627,14090.419,9740026,0.03547513,949706.9,681512,1.7580072
Geo14,4/26/21,1201747,1747564,768314,1038872,-4.6353774,-0.17608176,13361.043,19980.941,9175.386,12217.766,14908124,0.0354666,949706.9,631875,1.64411
Geo14,5/3/21,1829312,1126779,1395710,0,-2.2371397,-3.0118155,20338.32,12883.137,16667.895,0,12371242,0.035193954,949706.9,0,0
Geo14,5/10/21,1434584,1483578,0,968484,-0.8685931,0.24127859,15949.729,16962.633,0,11389.96,15222617,0.03529562,949706.9,608199,1.5923802
Geo14,5/17/21,1643650,947817,662642,0,3.8220053,-0.9855618,18274.127,10836.957,7913.426,0,19205180,0.034619227,949706.9,0,0
Geo14,5/24/21,3226090,2907436,537034,1068000,2.7321513,-2.0160322,35867.723,33242.45,6413.3857,12560.329,15080458,0.035495106,949706.9,641450,1.6649778
Geo14,5/31/21,1433526,1418035,1023079,1645371,-5.221324,1.9747357,15937.965,16213.24,12217.849,19350.562,19485554,0.034948133,949706.9,781777,2.1046553
Geo14,6/7/21,2324192,671379,759907,994622,-0.4296956,3.035295,25840.404,7676.277,9074.987,11697.358,22762178,0.03508776,949706.9,616069,1.6144652
Geo14,6/14/21,2140510,1084035,1755102,1398776,0.6282697,-0.03741392,23798.225,12394.419,20959.838,16450.455,20357196,0.035046622,949706.9,731952,1.9110215
Geo14,6/21/21,2088281,303060,494346,255850,-0.38267174,2.0104716,23217.543,3465.066,5903.5957,3008.9514,22011542,0.03546067,949706.9,223654,1.1439545
Geo14,6/28/21,2051571,921020,529111,1261715,1.26279,2.9590585,22809.4,10530.571,6318.767,14838.535,22725888,0.035102554,949706.9,698742,1.805695
Geo14,7/5/21,2358612,1858318,557371,2050644,-2.6408281,4.0261235,26223.086,21247.258,6656.255,24116.818,22578844,0.03505496,949706.9,840423,2.4400141
Geo14,7/12/21,2581970,503128,814449,509611,4.462722,-0.6593629,28706.385,5752.5625,9726.341,5993.335,19704956,0.03464108,949706.9,394563,1.2915833
Geo14,7/19/21,2002698,2040932,1735958,434161,-3.8955288,-3.420167,22266.03,23335.193,20731.217,5105.997,8106516,0.03514058,949706.9,348458,1.2459493
Geo14,7/26/21,979081,1106068,1423465,354083,-2.8411863,1.779628,10885.438,12646.336,16999.352,4164.231,18620068,0.035212018,949706.9,295472,1.198364
Geo14,8/2/21,1639859,1827084,1257032,358883,-5.0339503,-3.4386096,18231.979,20890.143,15011.7705,4220.682,12981916,0.03527967,949706.9,299496,1.1982898
Geo14,8/9/21,2383184,2398399,1880102,227036,1.2864084,3.074905,26496.28,27422.326,22452.617,2670.0813,26157042,0.03500316,949706.9,201718,1.1255119
Geo14,8/16/21,2418598,1925071,1324202,523112,1.3023503,-1.0565298,26890.012,22010.486,15813.93,6152.1147,15841582,0.034992512,949706.9,402132,1.3008465
Geo14,8/23/21,2299394,984658,667210,0,0.121380486,1.3677431,25564.7,11258.183,7967.978,0,18111824,0.034510463,949706.9,0,0
Geo14,8/30/21,2906052,1195697,1149323,878004,8.162138,-3.8986278,32309.533,13671.117,13725.484,10325.86,20552232,0.034961198,949706.9,572878,1.5326195
Geo14,9/6/21,1581558,1995984,0,0,7.019967,-0.03833671,17583.787,22821.275,0,0,22055630,0.03486041,949706.9,0,0
Geo14,9/13/21,1206998,1306686,2671699,552955,4.829349,6.1428432,13419.423,14940.121,31906.055,6503.0864,30861134,0.03526849,949706.9,418670,1.3207419
Geo14,9/20/21,802921,1832967,1259561,946194,0.11630486,-3.063057,8926.889,20957.406,15041.972,11127.816,16905152,0.03472614,949706.9,599172,1.5791693
Geo14,9/27/21,2170137,1879450,896284,408944,2.1815317,1.9195535,24127.62,21488.873,10703.633,4809.4297,21713838,0.034694497,949706.9,331613,1.2331965
Geo14,10/4/21,1616733,2000004,464625,414463,-1.6976743,2.3015306,17974.863,22867.238,5548.6606,4874.3364,18662248,0.03547159,949706.9,337053,1.2296672
Geo14,10/11/21,2558189,1086074,1042338,689482,2.8441598,-2.726553,28441.986,12417.732,12447.844,8108.727,19073240,0.035369605,949706.9,490423,1.4058925
Geo14,10/18/21,1797420,1629055,676590,569946,2.2476141,0.84162545,19983.744,18625.957,8079.996,6702.911,23429048,0.034564584,949706.9,428804,1.3291527
Geo14,10/25/21,2813889,1904520,281234,281497,1.7230637,3.9572675,31284.863,21775.514,3358.5623,3310.5757,29549998,0.035247866,949706.9,244160,1.1529202
Geo14,11/1/21,3087306,1023795,356134,1561993,-3.4388185,-0.7713788,34324.72,11705.659,4253.0356,18369.986,14789073,0.034574777,949706.9,766386,2.0381284
Geo14,11/8/21,1420353,2027634,1247385,1330815,-4.2360973,-1.4504361,15791.508,23183.15,14896.563,15651.192,16857474,0.035390645,949706.9,715422,1.8601818
Geo14,11/15/21,2086900,413908,1287733,93480,0.26770934,0.68877214,23202.188,4732.457,15378.408,1099.3816,19087662,0.035049982,949706.9,89272,1.0471368
Geo14,11/22/21,2650908,0,942501,613360,1.9106383,-2.6204164,29472.838,0,11255.567,7213.4863,17908644,0.035435896,949706.9,452040,1.3568711
Geo14,11/29/21,2479044,805382,0,1219064,2.9123373,0.32534617,27562.05,9208.413,0,14336.933,19534214,0.03521055,949706.9,686957,1.7745856
Geo14,12/6/21,2573143,1354503,1970540,1317254,-0.5524337,0.13984762,28608.246,15486.841,23532.65,15491.707,21362300,0.035150528,949706.9,712087,1.8498498
Geo14,12/13/21,1528013,2331590,1645986,602794,3.339192,-3.0680902,16988.473,26658.459,19656.75,7089.2236,16832552,0.035339303,949706.9,446679,1.3495015
Geo14,12/20/21,1119973,1498082,2038274,1571142,0.37294358,-2.7394292,12451.878,17128.465,24341.545,18477.584,17149196,0.03505019,949706.9,768325,2.0448925
Geo14,12/27/21,2075522,1312510,192873,0,3.7972262,6.560769,23075.688,15006.71,2303.3345,0,29673920,0.035481647,949706.9,0,0
Geo14,1/3/22,2040384,2467088,363777,1715708,0.7412187,-1.568759,22685.021,28207.69,4344.31,20177.768,21099696,0.035343204,949706.9,793536,2.1621048
Geo14,1/10/22,2787942,1418396,1449017,0,-2.372274,2.0558233,30996.385,16217.368,17304.5,0,24155918,0.03539394,949706.9,0,0
Geo14,1/17/22,1884560,878717,340526,53518,-0.8816119,-1.3247485,20952.568,10046.8955,4066.641,629.4042,19189240,0.034916677,949706.9,51883,1.0315132
Geo14,1/24/22,2603226,1748047,994322,889965,3.9579673,2.0128493,28942.709,19986.465,11874.426,10466.529,23780484,0.035374,949706.9,577621,1.5407422
Geo14,1/31/22,1640126,166017,173709,663182,1.9115386,-3.1812053,18234.947,1898.1714,2074.4734,7799.4233,16646732,0.034766734,949706.9,477638,1.3884616
Geo14,2/7/22,2651383,930131,801999,1844172,-5.5358744,-2.7456203,29478.12,10634.743,9577.659,21688.582,12212217,0.03513292,949706.9,813731,2.2663164
Geo14,2/14/22,1224805,343451,1772096,499778,-0.060442813,6.948657,13617.401,3926.8801,21162.785,5877.693,28585158,0.034717944,949706.9,387426,1.289996
Geo14,2/21/22,1848098,868898,1619856,0,-1.6661518,6.2839603,20547.184,9934.629,19344.7,0,21615490,0.03545455,949706.9,0,0
Geo14,2/28/22,1606942,686197,931557,827246,4.08486,3.3702817,17866.008,7845.6997,11124.871,9728.915,25490006,0.03456982,949706.9,551544,1.499873
Geo14,3/7/22,1999723,758219,1533258,1417535,-2.7190042,-0.5821317,22232.953,8669.17,18310.525,16671.072,17842828,0.034918763,949706.9,735996,1.926009
Geo14,3/14/22,1842429,913546,520956,494588,-0.3131533,0.7265157,20484.156,10445.116,6221.3784,5816.6553,19411602,0.034956813,949706.9,385871,1.2817444
Geo14,3/21/22,1805653,1442064,1799758,1064660,1.7410562,-3.222633,20075.28,16487.979,21493.13,12521.048,15073474,0.03535173,949706.9,640995,1.660949
Geo14,3/28/22,2711490,0,1414535,55473,0.6272153,-4.593937,30146.39,0,16892.707,652.3962,7842671.5,0.034726307,949706.9,53677,1.0334594
Geo14,4/4/22,1916207,2395461,1206985,433893,5.686724,-2.8113723,21304.42,27388.734,14414.098,5102.845,16463450,0.035333004,949706.9,349001,1.2432429
Geo14,4/11/22,2373482,1548365,974729,1721890,4.20473,-2.24891,26388.412,17703.38,11640.441,20250.473,21522980,0.03534814,949706.9,794677,2.1667798
Geo14,4/18/22,2171026,299668,676397,993160,-1.9363028,-10.216845,24137.502,3426.283,8077.6914,11680.165,4758382,0.035301775,949706.9,616100,1.6120111
Geo14,4/25/22,2062275,2296717,1108467,103748,3.37363,-1.3120028,22928.406,26259.736,13237.572,1220.1395,19553116,0.03451922,949706.9,97715,1.0617408
Geo14,5/2/22,2523512,922550,2270488,1129538,-1.8903396,3.7291522,28056.447,10548.064,27114.7,13284.053,21914570,0.03508628,949706.9,659941,1.7115742
Geo14,5/9/22,1079104,2262732,317510,1196458,-0.25101316,2.9525018,11997.496,25871.166,3791.7786,14071.073,20519242,0.03525364,949706.9,679959,1.7596031
Geo14,5/16/22,2989542,1521561,505174,2411660,6.7078114,1.4255307,33237.777,17396.914,6032.9062,28362.586,29467568,0.03506025,949706.9,874561,2.7575665
Geo14,5/23/22,1901081,670201,517666,1155277,4.2503676,2.1143763,21136.25,7662.808,6182.0884,13586.759,26809252,0.03502445,949706.9,668827,1.7273182
Geo14,5/30/22,2217635,1155483,0,1014351,-2.0448682,-1.8960754,24655.701,13211.326,0,11929.384,13193628,0.03538523,949706.9,623171,1.627725
Geo14,6/6/22,2216946,1003362,127870,0,5.1787243,-3.9104805,24648.041,11472.036,1527.0535,0,15206142,0.034594346,949706.9,0,0
Geo14,6/13/22,2137138,1138034,1048395,500598,-2.7122245,-4.0184875,23760.734,13011.822,12520.179,5887.3364,10283117,0.03546634,949706.9,389482,1.2852918
Geo14,6/20/22,2184286,931132,412607,759322,-2.7102265,0.2950729,24284.928,10646.1875,4927.449,8930.088,16631864,0.034630258,949706.9,522578,1.453031
Geo14,6/27/22,3081093,441884,1618217,1540358,0.6261045,-3.4594784,34255.64,5052.323,19325.125,18115.545,12326240,0.035280257,949706.9,762133,2.0211143
Geo14,7/4/22,1920170,1783317,2253277,709408,-3.1723688,-1.5783725,21348.48,20389.727,26909.16,8343.069,15738664,0.035357848,949706.9,499364,1.4206231
Geo14,7/11/22,3702186,234638,530284,1012346,1.3356726,0.44217333,41160.965,2682.7563,6332.7754,11905.804,19242752,0.035321206,949706.9,622791,1.6254988
Geo14,7/18/22,3014749,1553386,1719780,307810,4.6465616,0.16298848,33518.027,17760.79,20538.016,3620.0325,24352914,0.03519323,949706.9,262593,1.1721942
Geo14,7/25/22,2658777,236240,1056652,1475024,4.5368376,-0.10442656,29560.326,2701.073,12618.785,17347.178,19326168,0.03493109,949706.9,749028,1.9692508
Geo14,8/1/22,2629848,994469,485699,831571,3.1862025,-0.6674427,29238.693,11370.357,5800.331,9779.78,18023916,0.035416376,949706.9,553854,1.5014263
Geo14,8/8/22,3142452,2241004,1337077,1376244,-1.9023731,0.8018015,34937.832,25622.736,15967.687,16185.465,21326344,0.034502316,949706.9,726264,1.8949639
Geo14,8/15/22,2424330,2118484,613678,818502,-1.9991863,1.9149697,26953.74,24221.893,7328.686,9626.081,22698448,0.034892943,949706.9,548205,1.4930582
Geo14,8/22/22,1922952,2028208,2976959,473262,1.9020295,-1.2318616,21379.412,23189.713,35551.54,5565.8486,21663370,0.034661815,949706.9,372370,1.2709455
Geo14,8/29/22,3151434,2237132,901493,640299,-3.620704,-5.9646053,35037.695,25578.465,10765.84,7530.305,8450002,0.03512516,949706.9,465637,1.3751034
Geo14,9/5/22,2681007,1715256,610053,2003320,1.5833211,1.5573733,29807.479,19611.545,7285.3955,23560.26,21376726,0.034920562,949706.9,834421,2.4008503
Geo14,9/12/22,2425032,431184,1709718,282139,4.9231124,0.16696301,26961.545,4929.984,20417.852,3318.126,21044786,0.034660265,949706.9,243784,1.157332
Geo14,9/19/22,2096698,1751684,954537,1349596,0.53873765,-1.5195612,23311.123,20028.049,11399.304,15872.068,20185026,0.03507359,949706.9,720535,1.8730471
Geo14,9/26/22,1509057,1599477,2061222,1085181,5.5129704,0.85592306,16777.72,18287.775,24615.596,12762.388,28740286,0.035231028,949706.9,646240,1.679223
Geo14,10/3/22,2037140,2284914,1907587,617496,2.9249718,-5.995691,22648.955,26124.785,22780.85,7262.128,12288232,0.035002317,949706.9,454464,1.3587347
Geo14,10/10/22,1364861,893744,537108,1323839,0.015423989,3.0461636,15174.547,10218.708,6414.2695,15569.15,20303394,0.035203595,949706.9,714477,1.8528785
Geo14,10/17/22,1272911,1270719,462164,408297,1.653543,0.09827492,14152.245,14528.889,5519.2705,4801.821,17727860,0.035420507,949706.9,331787,1.2305998
Geo14,10/24/22,2896429,796733,1163356,2662755,-2.2288094,0.3696153,32202.545,9109.523,13893.069,31315.615,19675916,0.0350015,949706.9,892210,2.9844487
Geo14,10/31/22,1213034,2745113,702273,234106,5.2450943,4.990712,13486.531,31386.516,8386.708,2753.2288,27523848,0.034955774,949706.9,207194,1.1298879
Geo14,11/7/22,1921787,1178587,1294841,1470089,-1.7557794,6.282979,21366.459,13475.488,15463.294,17289.139,30262126,0.034948118,949706.9,747763,1.9659826
Geo14,11/14/22,1966450,1678832,0,1358794,-4.5590854,2.2301197,21863.023,19195.088,0,15980.243,18130178,0.034739554,949706.9,722794,1.8799188
Geo14,11/21/22,1746939,1279584,488169,1908749,1.2172618,2.3856015,19422.496,14630.247,5829.8286,22448.047,25417448,0.034774818,949706.9,822034,2.321983
Geo14,11/28/22,1711274,2355438,90618,0,-0.77351886,5.4653873,19025.973,26931.129,1082.1814,0,24225096,0.034521166,949706.9,0,0
Geo14,12/5/22,2406504,2660238,1709486,1018901,4.5006533,0.06320128,26755.55,30416.088,20415.082,11982.895,23751410,0.034701735,949706.9,625180,1.6297722
Geo14,12/12/22,2440526,1710839,522452,478713,0.98349833,0.7246502,27133.809,19561.043,6239.244,5629.9556,22954450,0.03453898,949706.9,375883,1.2735692
Geo14,12/19/22,2298490,2251441,1310458,1509276,-2.2080066,-1.516663,25554.648,25742.068,15649.796,17750.002,18422488,0.034741685,949706.9,755886,1.9966979
Geo14,12/26/22,2200757,1056876,729684,2402263,6.038248,3.8154082,24468.053,12083.894,8714.057,28252.072,28483160,0.03501863,949706.9,873555,2.7499847
Geo14,1/2/23,3361351,1391792,1637793,422250,0.55030614,2.494382,37371.555,15913.188,19558.906,4965.9165,24360176,0.035172615,949706.9,340261,1.2409592
Geo14,1/9/23,1984590,1755640,1509210,1980420,-2.3689399,-0.40046412,22064.703,20073.28,18023.338,23290.941,17598546,0.035458468,949706.9,831766,2.3809822
Geo14,1/16/23,1699704,1375261,724083,0,2.1114686,1.4066443,18897.336,15724.18,8647.169,0,23627308,0.034522004,949706.9,0,0
Geo14,1/23/23,2526280,1113454,1488845,258044,-2.7837982,-3.996558,28087.223,12730.784,17780.135,3034.7542,10128131,0.035377517,949706.9,226251,1.1405209
Geo14,1/30/23,1490116,2595114,863440,1487784,4.794541,-2.5928297,16567.135,29671.486,10311.402,17497.244,20207428,0.035223614,949706.9,751578,1.979547
Geo14,2/6/23,1073502,719843,1644648,1424762,-4.2562275,5.2374616,11935.213,8230.395,19640.771,16756.066,23461778,0.03469144,949706.9,737883,1.9308779
Geo14,2/13/23,1711593,2425579,1133866,1273936,2.25339,-2.562806,19029.52,27733.092,13540.893,14982.261,18245126,0.03457923,949706.9,700701,1.8180879
Geo14,2/20/23,1440889,1466470,2206420,1838090,1.4573803,2.4592679,16019.827,16767.027,26349.584,21617.055,26665076,0.035144523,949706.9,812603,2.261978
Geo14,2/27/23,2655908,494939,848890,492938,2.1577826,1.0582893,29528.428,5658.933,10137.643,5797.2505,23101558,0.03503933,949706.9,384560,1.2818234
Geo14,3/6/23,1652890,1917110,284142,741892,-1.877207,0.270392,18376.857,21919.463,3393.2903,8725.101,18823042,0.03473898,949706.9,514398,1.4422529
Geo14,3/13/23,2136578,47625,1014276,565363,4.2621775,-2.2055557,23754.51,544.525,12112.722,6649.012,16820662,0.035253122,949706.9,426610,1.3252455
Geo14,3/20/23,1727436,2592562,751140,0,-2.2400706,0.51059103,19205.662,29642.309,8970.29,0,14950846,0.03473197,949706.9,0,0
Geo14,3/27/23,2446486,1573466,1299050,1075636,-5.4068727,-4.0702167,27200.07,17990.375,15513.559,12650.133,7718165.5,0.034885027,949706.9,644317,1.6694205
Geo14,4/3/23,1785731,1617115,1372993,825544,0.004856939,2.1115081,19853.787,18489.441,16396.604,9708.898,23856018,0.034888234,949706.9,551008,1.4982432
Geo14,4/10/23,1633484,601283,1616249,0,0.24284679,0.4621712,18161.102,6874.827,19301.623,0,18729882,0.035446778,949706.9,0,0
Geo14,4/17/23,2721661,718818,0,794147,0.73390365,4.3463497,30259.47,8218.675,0,9339.651,27250854,0.03487112,949706.9,538210,1.4755337
Geo14,4/24/23,2713136,1364816,613989,514385,1.014486,4.581086,30164.69,15604.756,7332.4004,6049.48,25869696,0.035245106,949706.9,396966,1.295791
Geo14,5/1/23,2253967,1797768,1288286,1457055,-3.8355203,0.024063062,25059.643,20554.955,15385.013,17135.852,17491842,0.035042174,949706.9,745444,1.9546137
Geo14,5/8/23,1933339,1441378,1262762,364710,0.45153818,-1.7882019,21494.895,16480.135,15080.199,4289.211,17895074,0.034855016,949706.9,302434,1.205916
Geo14,5/15/23,2469792,1853478,1905017,1079818,3.5258868,-7.45895,27459.188,21191.92,22750.158,12699.315,9341365,0.034676682,949706.9,644636,1.6750817
Geo14,5/22/23,1971760,1097624,2086240,456126,2.9535868,1.0393196,21922.06,12549.79,24914.365,5364.319,23588102,0.034740373,949706.9,361610,1.2613755
Geo14,5/29/23,1881493,737662,1857133,817447,-2.693718,-4.265841,20918.469,8434.13,22178.316,9613.673,9018828,0.035062328,949706.9,548357,1.4907205
Geo14,6/5/23,1685309,1593814,2201492,397620,-3.245583,-0.35823077,18737.293,18223.027,26290.732,4676.253,16015120,0.03476632,949706.9,324295,1.2261058
Geo14,6/12/23,760063,945249,267687,768030,3.816391,-2.756306,8450.393,10807.596,3196.7808,9032.499,13536785,0.034602568,949706.9,526761,1.4580237
Geo14,6/19/23,3750569,0,1801742,670967,-1.7273465,6.7759953,41698.887,0,21516.824,7890.9795,25371268,0.03507933,949706.9,480989,1.3949736
Geo14,6/26/23,2366345,2274830,545447,0,-0.4127587,-0.1846111,26309.062,26009.488,6513.8555,0,14601108,0.034810454,949706.9,0,0
Geo14,7/3/23,2372972,1695142,1855934,1597588,2.803754,3.1742284,26382.74,19381.57,22163.998,18788.605,25079502,0.035293765,949706.9,773470,2.0654814
Geo14,7/10/23,2153596,600971,1180020,527168,0.7014101,6.2221937,23943.715,6871.2603,14092.075,6199.816,26834074,0.03454607,949706.9,405236,1.3008913
Geo14,7/17/23,2366518,502271,0,0,0.6775349,-0.6181177,26310.986,5742.764,0,0,17009552,0.03510659,949706.9,0,0
Geo14,7/24/23,1896185,1418504,1530214,1481333,-1.083405,-3.4229002,21081.816,16218.603,18274.174,17421.375,8374812,0.035265714,949706.9,749678,1.9759591
Geo14,7/31/23,1423902,1489288,1104710,1354653,1.8469968,4.5500946,15830.966,17027.918,13192.705,15931.542,28804002,0.035213552,949706.9,721354,1.877931
Geo14,8/7/23,1576917,1957807,1668874,0,1.055705,-4.248662,17532.19,22384.775,19930.084,0,13629986,0.03526527,949706.9,0,0
Geo14,8/14/23,1704508,1475132,856285,748657,4.351632,5.24901,18950.748,16866.064,10225.956,8804.661,27555534,0.03483754,949706.9,518594,1.4436283
Geo14,8/21/23,1831858,1714014,773021,1410704,0.97305596,0.012422169,20366.627,19597.346,9231.598,16590.736,18472644,0.03488716,949706.9,734597,1.9203781
Geo14,8/28/23,1926347,2418582,1841003,1254965,-1.9694667,4.9578114,21417.156,27653.092,21985.688,14759.15,26717036,0.03511032,949706.9,696402,1.8020698
Geo14,9/4/23,2237894,1732859,1505757,1769596,-2.395163,-4.8832445,24880.941,19812.81,17982.102,20811.523,15106799,0.034820553,949706.9,802260,2.2057638
Geo14,9/11/23,2010903,1583326,1551820,662608,-1.7276119,5.4837756,22357.252,18103.111,18532.197,7792.6724,24514706,0.035217732,949706.9,476859,1.389526
Geo14,9/18/23,2570791,1149793,1507856,1229777,-3.1348395,-7.1724286,28582.096,13146.27,18007.17,14462.925,10371456,0.03460448,949706.9,689322,1.7840385
Geo14,9/25/23,2510850,1098007,1927164,349110,1.5190532,-4.4163704,27915.672,12554.169,23014.643,4105.7456,17263136,0.03499885,949706.9,292044,1.195402
Geo14,10/2/23,3179974,2348114,1246512,0,2.645494,-1.0137451,35355.004,26847.389,14886.138,0,19627578,0.035120796,949706.9,0,0
Geo14,10/9/23,1570643,1046309,1280774,2522968,-0.8238714,0.6018131,17462.434,11963.075,15295.303,29671.637,21267580,0.035478897,949706.9,883006,2.857249
Geo14,10/16/23,4112969,1770422,179677,2066069,-3.3896291,0.18599927,45728.055,20242.291,2145.7449,24298.227,19532598,0.03450248,949706.9,842193,2.4532013
Geo14,10/23/23,2945939,953518,1324452,1467313,-0.42118853,-0.47527468,32752.998,10902.141,15816.916,17256.492,19185658,0.03458671,949706.9,747112,1.96398
Geo14,10/30/23,3297565,823261,955767,874393,4.8238974,0.32322496,36662.383,9412.834,11413.993,10283.393,24110024,0.03464184,949706.9,571161,1.5309047
Geo14,11/6/23,1491160,2320967,134953,1662415,0.074476756,4.2930546,16578.74,26537,1611.6403,19551.01,24953498,0.03514702,949706.9,784443,2.1192298
Geo14,11/13/23,2831870,966371,1784740,1466238,-3.741416,-3.299424,31484.777,11049.097,21313.783,17243.85,13852871,0.034667425,949706.9,746622,1.963829
Geo14,11/20/23,3200412,821292,1242515,1878010,-0.08729465,1.9523003,35582.234,9390.321,14838.404,22086.54,26768880,0.03529887,949706.9,818488,2.294487
Geo14,11/27/23,1843598,703860,2037771,1032792,-2.8123121,1.4742117,20497.152,8047.6514,24335.537,12146.261,19612084,0.034873705,949706.9,629823,1.6398131
Geo14,12/4/23,1225978,1341296,904517,394902,-0.7914802,1.884617,13630.443,15335.838,10801.953,4644.2876,22638172,0.034559317,949706.9,323438,1.2209512
Geo14,12/11/23,1350110,1135664,0,2273464,0.5862496,-4.577469,15010.545,12984.725,0,26737.318,14159584,0.035103578,949706.9,863222,2.6336956
Geo14,12/18/23,3955268,792000,966354,2850052,-4.6823235,-2.7477665,43974.734,9055.408,11540.426,33518.344,16179452,0.034504138,949706.9,902673,3.1573472
Geo14,12/25/23,1986924,1068909,1258158,700280,8.367743,-3.4842582,22090.652,12221.475,15025.217,8235.718,19266740,0.035259247,949706.9,495242,1.4140158
Geo14,1/1/24,2189389,1731036,0,1199848,-4.889361,1.5894824,24341.662,19791.967,0,14110.941,17676714,0.03497396,949706.9,681380,1.7609087
Geo14,1/8/24,1703442,884940,1515515,1459222,3.9735122,-0.11991452,18938.896,10118.047,18098.635,17161.338,19039792,0.034682494,949706.9,745432,1.9575521
Geo14,1/15/24,2035382,2642411,1718305,2057936,-2.5258975,-5.4503765,22629.41,30212.262,20520.4,24202.578,8786789,0.03519911,949706.9,841035,2.446909
Geo15,1/25/21,447059,163441,95229,25669,2.974074,-3.6431775,4970.409,1868.7185,1137.247,301.88303,3377711.2,0.035190694,187777.55,24107,1.0647944
Geo15,2/1/21,486966,151734,178656,115652,-0.28964657,1.8141911,5414.0957,1734.8654,2133.5518,1360.1378,3902295,0.035362538,187777.55,86483,1.3372802
Geo15,2/8/21,792443,282642,270960,75738,-2.3129168,3.1152992,8810.395,3231.6147,3235.8677,890.72485,4386008,0.034743574,187777.55,62337,1.2149767
Geo15,2/15/21,552087,335836,41346,230142,-6.6446958,4.4905014,6138.1123,3839.8135,493.7636,2706.6096,4079922.5,0.035264153,187777.55,132829,1.7326187
Geo15,2/22/21,605759,81689,259270,177617,1.4212674,-3.1247458,6734.8384,933.9991,3096.263,2088.8838,3496180.5,0.03485995,187777.55,114582,1.55013
Geo15,3/1/21,252261,199061,357248,167795,0.95898163,0.81867707,2804.6418,2275.9832,4266.3394,1973.3711,4481203.5,0.034573264,187777.55,110737,1.5152569
Geo15,3/8/21,588683,211641,148499,174391,-1.7564108,2.694624,6544.9873,2419.8179,1773.4098,2050.944,4805264.5,0.03498688,187777.55,113661,1.5343082
Geo15,3/15/21,67090,246159,416435,134469,0.14997312,5.9607253,745.9077,2814.4827,4973.164,1581.4371,5279481,0.034996137,187777.55,96237,1.3972692
Geo15,3/22/21,473198,185245,322854,357868,4.544044,-1.9925778,5261.023,2118.0166,3855.598,4208.745,4113410.2,0.034753073,187777.55,159936,2.23757
Geo15,3/29/21,522423,108359,242449,286092,-2.0631075,3.0740714,5808.3076,1238.9331,2895.3826,3364.6157,4989646,0.03467014,187777.55,146794,1.9489353
Geo15,4/5/21,430205,45681,238092,103048,-0.98210657,-3.6616335,4783.0264,522.29816,2843.3503,1211.9071,2925327.8,0.0353994,187777.55,79445,1.2970986
Geo15,4/12/21,433877,396576,421852,347074,-2.9850721,-0.39026383,4823.8516,4534.29,5037.8555,4081.801,3764084.5,0.03458554,187777.55,158071,2.1956842
Geo15,4/19/21,379064,345043,168926,284296,2.2435558,-2.4444885,4214.4395,3945.0825,2017.3538,3343.4937,3681234,0.03517468,187777.55,146412,1.9417534
Geo15,4/26/21,496761,428808,195050,129436,-1.6237183,-3.3787537,5522.997,4902.818,2329.3328,1522.246,2607406.5,0.03536681,187777.55,93293,1.3874139
Geo15,5/3/21,281135,524102,332774,28233,-2.6969414,1.296564,3125.6636,5992.371,3974.065,332.03723,3733204.8,0.034601856,187777.55,26208,1.0772665
Geo15,5/10/21,273681,135752,0,181664,-2.7138221,-1.2580022,3042.7898,1552.1337,0,2136.479,2428705.5,0.03455769,187777.55,116762,1.5558486
Geo15,5/17/21,250755,311102,443344,0,2.100439,0.22028446,2787.8982,3557.015,5294.5176,0,4339976,0.03524267,187777.55,0,0
Geo15,5/24/21,653497,436454,237221,297948,2.764245,-3.286625,7265.5903,4990.2393,2832.9487,3504.0496,2899797.5,0.035371635,187777.55,149176,1.9972918
Geo15,5/31/21,353540,270711,282271,251052,2.121974,-2.5778227,3930.6633,3095.2004,3370.9463,2952.524,3729564.5,0.03511647,187777.55,138512,1.8124927
Geo15,6/7/21,286375,50822,194557,356777,3.248077,-4.489296,3183.9219,581.07825,2323.4453,4195.914,3369403.2,0.035315137,187777.55,159778,2.2329545
Geo15,6/14/21,364674,198839,317868,28940,-2.0303743,0.15432847,4054.4514,2273.4448,3796.054,340.352,3683700.8,0.034917023,187777.55,26618,1.0872343
Geo15,6/21/21,599750,143983,156871,72612,4.3254614,4.561516,6668.0303,1646.2435,1873.3901,853.96124,5593764.5,0.034829546,187777.55,60087,1.2084477
Geo15,6/28/21,398878,308539,139550,331340,6.725474,-3.8637636,4434.732,3527.7104,1666.5387,3896.7595,3545680.5,0.03500691,187777.55,155472,2.1311877
Geo15,7/5/21,465546,237850,36798,380398,0.54529583,0.6237331,5175.9478,2719.481,439.45032,4473.7114,4064522.5,0.0353066,187777.55,162955,2.3343744
Geo15,7/12/21,424995,195389,377769,198023,-0.20630541,-3.173378,4725.101,2233.999,4511.406,2328.8708,3103484.5,0.035278752,187777.55,122393,1.6179276
Geo15,7/19/21,418935,208471,222311,154969,2.1601815,-3.8114653,4657.726,2383.5732,2654.89,1822.5295,2541843,0.035384823,187777.55,105591,1.4676346
Geo15,7/26/21,197404,0,170705,216416,0.9373654,0.59985113,2194.741,0,2038.599,2545.1836,4178806.2,0.03510564,187777.55,128420,1.6852204
Geo15,8/2/21,418987,346190,313967,143397,-2.1830494,3.137364,4658.304,3958.1968,3749.4673,1686.4358,5367578,0.03462723,187777.55,100138,1.4319938
Geo15,8/9/21,524417,440796,197310,62489,0.7627325,-0.007912062,5830.4766,5039.884,2356.3223,734.90857,4315753.5,0.03503583,187777.55,53428,1.1695927
Geo15,8/16/21,348085,320417,227468,401442,3.1854038,-0.32380527,3870.0146,3663.5188,2716.476,4721.2017,4126923.5,0.035403907,187777.55,165581,2.424445
Geo15,8/23/21,261622,53273,137074,0,2.9146776,0.62312555,2908.7175,609.102,1636.9697,0,3943775.5,0.03473478,187777.55,0,0
Geo15,8/30/21,458482,172045,106465,156547,-0.29627675,1.5024834,5097.41,1967.0931,1271.4299,1841.0878,4328851,0.034834657,187777.55,105943,1.477653
Geo15,9/6/21,343234,185608,0,54166,1.2770495,-2.0408528,3816.081,2122.167,0,637.0251,3091763.5,0.03494328,187777.55,47181,1.1480469
Geo15,9/13/21,313721,245916,284006,265222,-0.30699944,-0.15555765,3487.955,2811.7043,3391.666,3119.1719,3981421.8,0.03462687,187777.55,141884,1.8692876
Geo15,9/20/21,188437,321142,183371,299729,0.4447003,1.2027797,2095.0457,3671.808,2189.8594,3524.995,4677133,0.034611773,187777.55,149526,2.0045276
Geo15,9/27/21,408365,276734,209759,45386,-5.6592226,-3.478168,4540.2085,3164.065,2504.991,533.7669,1914604.2,0.03482672,187777.55,40577,1.1185154
Geo15,10/4/21,274255,268262,67116,208153,-0.9398466,-1.644379,3049.1716,3067.1995,801.51495,2448.0056,2962004,0.034966648,187777.55,126130,1.6503053
Geo15,10/11/21,471294,186377,344135,188497,5.5555964,-3.4513621,5239.8545,2130.9595,4109.7407,2216.839,4342184.5,0.03452388,187777.55,119015,1.5838088
Geo15,10/18/21,462380,181224,149606,225311,-5.8609447,2.9731932,5140.7485,2072.0422,1786.6299,2649.7942,4257420,0.03466256,187777.55,131066,1.7190652
Geo15,10/25/21,427816,413843,311608,220898,1.0574871,-0.9430758,4756.4653,4731.714,3721.2957,2597.8945,4976289,0.035370667,187777.55,130073,1.6982617
Geo15,11/1/21,494777,203560,40989,175344,2.6426895,-0.33170354,5500.9385,2327.4229,489.5002,2062.1519,4245811.5,0.035034724,187777.55,113650,1.542842
Geo15,11/8/21,266219,359823,151254,216840,6.5698833,3.6310687,2959.8271,4114.0713,1806.3107,2550.1702,6433090,0.03526142,187777.55,128489,1.6876153
Geo15,11/15/21,452852,0,131571,0,-3.6751437,0.9781746,5034.816,0,1571.2517,0,3353559.2,0.035090435,187777.55,0,0
Geo15,11/22/21,456273,122195,143291,205376,2.8297336,0.7389699,5072.8506,1397.1283,1711.2146,2415.3464,4837844,0.034775164,187777.55,124875,1.6446526
Geo15,11/29/21,374947,204401,0,100130,2.5845704,2.8131506,4168.667,2337.0386,0,1177.5896,4680205.5,0.034641962,187777.55,77899,1.2853824
Geo15,12/6/21,571523,311475,420792,282296,2.1879585,-0.3443815,6354.202,3561.2795,5025.1963,3319.9724,4499959.5,0.0354013,187777.55,146056,1.9327929
Geo15,12/13/21,356545,333912,364872,63944,6.0759015,-3.3914344,3964.073,3817.8152,4357.3867,752.02026,3612639.5,0.035023574,187777.55,54354,1.176436
Geo15,12/20/21,423204,412526,529772,205501,-0.61597764,0.86221135,4705.189,4716.656,6326.661,2416.8167,4391426,0.03533179,187777.55,124440,1.6514063
Geo15,12/27/21,535265,478410,292106,0,-1.6638161,-3.3386674,5951.085,5469.947,3488.3982,0,2488796,0.034986857,187777.55,0,0
Geo15,1/3/22,408328,518979,90509,147926,-0.37024635,-1.4920856,4539.7974,5933.7964,1080.8796,1739.6996,4149294.2,0.034919012,187777.55,102242,1.4468223
Geo15,1/10/22,571709,320558,301649,117038,6.1140556,0.12621099,6356.27,3665.1309,3602.3628,1376.438,5886378,0.034745328,187777.55,87088,1.343905
Geo15,1/17/22,363554,0,108894,232689,2.5203674,-0.57465535,4041.9993,0,1300.4376,2736.564,4708057,0.034914054,187777.55,133045,1.7489496
Geo15,1/24/22,543469,338676,228317,197792,-2.0885003,1.4970583,6042.2974,3872.285,2726.615,2326.154,3855250.5,0.03532205,187777.55,122111,1.6197722
Geo15,1/31/22,186701,122295,33136,149953,1.3410101,2.7088587,2075.7446,1398.2717,395.71786,1763.5383,5156575.5,0.03457064,187777.55,102799,1.458701
Geo15,2/7/22,446153,162387,292712,176301,3.4126472,-0.35691577,4960.3364,1856.6675,3495.6353,2073.4067,4781602.5,0.035087764,187777.55,114277,1.5427514
Geo15,2/14/22,505895,318360,294725,213121,-1.3685492,0.18970627,5624.549,3639.9998,3519.6748,2506.4324,4149623.5,0.035365704,187777.55,127681,1.6691676
Geo15,2/21/22,301614,226398,277579,0,-1.5856209,0.08032176,3353.3494,2588.5435,3314.9133,0,2742259.5,0.034817956,187777.55,0,0
Geo15,2/28/22,187489,211781,119894,123605,1.6055546,1.4044874,2084.5059,2421.4185,1431.8022,1453.6699,3973489,0.03490192,187777.55,90672,1.3632102
Geo15,3/7/22,331496,129865,422222,182041,-2.1087134,-1.2243038,3685.578,1484.8241,5042.274,2140.9128,3366024.2,0.035343584,187777.55,116329,1.5648806
Geo15,3/14/22,520100,277560,117697,75586,6.9487195,5.0558295,5782.4805,3173.509,1405.5651,888.93726,6100474.5,0.03546413,187777.55,62167,1.215854
Geo15,3/21/22,524125,345673,304424,191745,0.147275,1.4421564,5827.2305,3952.2856,3635.5027,2255.0376,4116893,0.035157733,187777.55,119699,1.6018931
Geo15,3/28/22,419297,21646,165561,250874,-0.32230616,4.3097286,4661.751,247.49164,1977.1682,2950.4307,4172482.5,0.035238717,187777.55,138045,1.8173349
Geo15,4/4/22,597695,443051,224019,189813,-2.7299201,-0.059730414,6645.1826,5065.6665,2675.2874,2232.3162,3064680.8,0.03522393,187777.55,119324,1.5907362
Geo15,4/11/22,473307,231879,150415,525662,0.008196458,1.7687154,5262.235,2651.211,1796.2911,6182.1045,5091806.5,0.034569204,187777.55,176375,2.9803658
Geo15,4/18/22,483234,348906,346239,211345,-1.2582756,0.22170107,5372.6035,3989.2505,4134.867,2485.5457,4049527.5,0.035338514,187777.55,126616,1.6691809
Geo15,4/25/22,512841,375265,115396,296807,-4.3516784,-2.3872442,5701.7744,4290.629,1378.086,3490.6306,3047315.8,0.034523703,187777.55,148950,1.992662
Geo15,5/2/22,326283,162446,404631,374336,2.531421,0.19820154,3627.6196,1857.342,4832.198,4402.419,4469291.5,0.03499545,187777.55,162147,2.3086212
Geo15,5/9/22,224000,428016,216633,217469,0.3545458,0.37014017,2490.4355,4893.762,2587.082,2557.5676,3775297.5,0.03470257,187777.55,128842,1.6878735
Geo15,5/16/22,506889,334265,207524,350228,4.7059155,-2.3643262,5635.6,3821.8513,2478.3,4118.894,4601507.5,0.035135183,187777.55,158948,2.2034125
Geo15,5/23/22,277501,285605,347481,377908,-3.82057,-0.18914983,3085.2605,3265.4924,4149.699,4444.4277,4039048.8,0.034801148,187777.55,162859,2.3204613
Geo15,5/30/22,445690,293650,79326,214570,1.8669502,3.5365987,4955.1885,3357.4756,947.32965,2523.4736,5157291.5,0.034773517,187777.55,127683,1.68049
Geo15,6/6/22,534541,302423,240898,86456,1.0216255,-4.53568,5943.0356,3457.7827,2876.8604,1016.7751,2525109.2,0.03532256,187777.55,69188,1.2495809
Geo15,6/13/22,347417,497705,16999,178049,-1.7386613,-1.9650804,3862.588,5690.558,203.00603,2093.9644,2810798.8,0.03529066,187777.55,115293,1.5443175
Geo15,6/20/22,430099,178421,94373,197589,4.1858263,-0.82968897,4781.8477,2039.9938,1127.0244,2323.7666,4338571.5,0.034592345,187777.55,122466,1.6134192
Geo15,6/27/22,344639,166140,160706,0,-2.2354157,-2.3721237,3831.702,1899.5778,1919.1886,0,1832307.4,0.035072576,187777.55,0,0
Geo15,7/4/22,461348,276322,293363,249122,0.6807948,6.0974913,5129.2744,3159.3542,3503.4097,2929.826,5659987.5,0.03494102,187777.55,137694,1.8092437
Geo15,7/11/22,555229,369080,243220,306944,-0.9000412,0.7177474,6173.045,4219.912,2904.59,3609.848,3831776.8,0.034642663,187777.55,151057,2.0319748
Geo15,7/18/22,574087,293452,246442,154004,-2.6055255,1.2140374,6382.7085,3355.212,2943.068,1811.1805,4283309,0.035003215,187777.55,104691,1.4710338
Geo15,7/25/22,585647,87068,368835,424168,-4.024938,-3.0960264,6511.233,995.5004,4404.714,4988.473,2083783.9,0.034637593,187777.55,168092,2.5234277
Geo15,8/1/22,424577,151032,24916,286463,0.5138581,6.385626,4720.454,1726.839,297.5527,3368.9788,5284398,0.034546632,187777.55,146881,1.9503067
Geo15,8/8/22,296498,535342,113859,353653,-2.3239005,0.09435222,3296.4695,6120.885,1359.7308,4159.1743,3869563.8,0.034771007,187777.55,159072,2.223226
Geo15,8/15/22,290104,418804,0,64659,1.9946203,-1.790337,3225.3809,4788.436,0,760.42914,3789341.2,0.035109315,187777.55,54313,1.1904885
Geo15,8/22/22,428969,399718,549696,150391,0.8932495,-3.1559868,4769.284,4570.2144,6564.598,1768.6895,3674982,0.034974612,187777.55,103286,1.4560637
Geo15,8/29/22,582872,472766,116858,6733,1.3458947,0.9616443,6480.3804,5405.416,1395.5455,79.184166,4073726.2,0.035485078,187777.55,6584,1.0226306
Geo15,9/5/22,332666,290241,156276,83791,-0.1724506,0.19529778,3698.586,3318.4985,1866.2845,985.43304,3440848.2,0.03480173,187777.55,67363,1.2438728
Geo15,9/12/22,545746,234391,384707,340420,1.2787658,3.1574826,6067.613,2679.9321,4594.2607,4003.546,5050691,0.0352418,187777.55,157227,2.1651497
Geo15,9/19/22,452636,160653,0,68178,0.71092665,-2.767796,5032.4146,1836.8417,0,801.8147,3602388.2,0.035399523,187777.55,57341,1.1889921
Geo15,9/26/22,376043,331608,374619,82486,1.322026,1.4745944,4180.852,3791.4722,4473.7876,970.08545,5210262,0.034889743,187777.55,66444,1.2414364
Geo15,10/3/22,497213,375261,459224,527290,-0.6989823,-1.5670633,5528.022,4290.583,5484.1606,6201.2505,3514116,0.0350068,187777.55,176335,2.9902742
Geo15,10/10/22,266887,269477,69976,339186,-2.8961513,2.533973,2967.254,3081.0913,835.66974,3989.0334,3736190.5,0.035422552,187777.55,157105,2.1589766
Geo15,10/17/22,340991,304236,0,126661,2.9743,3.871194,3791.1436,3478.5117,0,1489.6102,4840735.5,0.034572482,187777.55,91809,1.3796142
Geo15,10/24/22,573454,283580,258914,458162,5.8952503,1.3124682,6375.671,3242.3394,3092.0115,5388.263,5647943.5,0.035124183,187777.55,171456,2.6721842
Geo15,10/31/22,418640,531349,304384,0,-1.2063286,-1.0934625,4654.4463,6075.23,3635.025,0,3065398,0.034552343,187777.55,0,0
Geo15,11/7/22,409303,315054,202378,196816,-5.5924015,2.3751633,4550.637,3602.2004,2416.8455,2314.6758,4309480,0.034626864,187777.55,121917,1.6143442
Geo15,11/14/22,505356,462739,0,178902,-3.5320225,-8.755204,5618.556,5290.771,0,2103.996,1003750.75,0.03501337,187777.55,115318,1.5513797
Geo15,11/21/22,321260,304859,197728,338276,-2.7996306,-1.8194593,3571.774,3485.6348,2361.314,3978.3313,3276140.8,0.034971874,187777.55,156756,2.157978
Geo15,11/28/22,463215,375600,0,0,-0.34593162,0.3843516,5150.0317,4294.459,0,0,3304627.5,0.03462543,187777.55,0,0
Geo15,12/5/22,549631,347455,363542,242071,2.1638923,-3.8896244,6110.806,3972.6604,4341.5034,2846.902,3679650.2,0.03467,187777.55,136054,1.7792274
Geo15,12/12/22,396058,374015,228689,69771,2.5140302,-3.7339935,4403.3794,4276.337,2731.0576,820.5493,3664667.8,0.035026908,187777.55,58299,1.1967787
Geo15,12/19/22,494796,373933,75194,215379,-2.2639606,6.6863985,5501.15,4275.399,897.9843,2532.9878,5766081.5,0.035399318,187777.55,128556,1.675371
Geo15,12/26/22,291395,208316,298141,487539,2.615665,1.9636536,3239.7344,2381.801,3560.4695,5733.755,4889794.5,0.035201527,187777.55,173920,2.8032372
Geo15,1/2/23,703226,337431,337688,216458,2.0560868,-0.11431244,7818.478,3858.05,4032.749,2545.6775,4668130.5,0.034739245,187777.55,128195,1.6885058
Geo15,1/9/23,505613,165987,290517,200558,-4.8718653,-1.2356882,5621.4136,1897.8284,3469.4219,2358.6838,2968736.5,0.03502314,187777.55,123485,1.6241487
Geo15,1/16/23,269163,111617,120883,399812,-3.7817638,-7.5030336,2992.5586,1276.1837,1443.613,4702.0317,1751650.6,0.035287105,187777.55,165623,2.4139884
Geo15,1/23/23,518501,310014,212378,0,4.8521338,4.224949,5764.7026,3544.575,2536.2678,0,5610220,0.03506999,187777.55,0,0
Geo15,1/30/23,189705,286980,197532,137788,-2.2599716,-0.9889428,2109.1433,3281.2136,2358.9734,1620.4706,3493067.5,0.03461573,187777.55,97804,1.4088176
Geo15,2/6/23,271911,187800,176286,160453,0.015566069,2.1479871,3023.1108,2147.2295,2105.2485,1887.0248,4172543.5,0.03522759,187777.55,107810,1.4882942
Geo15,2/13/23,309626,647406,71714,396446,-3.8255792,2.0674236,3442.427,7402.179,856.42535,4662.446,3870015.8,0.034646396,187777.55,164945,2.4035041
Geo15,2/20/23,362073,400957,322751,312482,-0.5308057,1.5284836,4025.5334,4584.381,3854.368,3674.978,4844849.5,0.03523486,187777.55,152125,2.0541134
Geo15,2/27/23,406576,144525,287304,180972,8.424126,3.4136045,4520.3184,1652.4406,3431.0515,2128.3406,6695940.5,0.03512971,187777.55,115984,1.5603187
Geo15,3/6/23,436986,331063,378702,316930,2.2373638,-1.0012122,4858.4175,3785.2407,4522.548,3727.2893,4790940.5,0.035346694,187777.55,153021,2.0711536
Geo15,3/13/23,584329,237734,166449,102152,-0.7366578,-2.637501,6496.579,2718.1548,1987.773,1201.3695,2942274.8,0.035276186,187777.55,78716,1.2977285
Geo15,3/20/23,312059,299797,169225,39973,0.30534428,-0.17996182,3469.477,3427.758,2020.9246,470.10675,3188942.5,0.034693055,187777.55,35897,1.1135471
Geo15,3/27/23,226557,182993,0,285482,-5.0996356,-4.9068623,2518.8645,2092.268,0,3357.4417,1323446.8,0.035293993,187777.55,147013,1.9418827
Geo15,4/3/23,379105,319295,341190,91616,1.7753811,1.630023,4214.8955,3650.6902,4074.5708,1077.4598,4899268,0.03518869,187777.55,72399,1.2654319
Geo15,4/10/23,542622,441251,323052,0,0.5288822,1.4279239,6032.8804,5045.086,3857.9626,0,4476136,0.035166126,187777.55,0,0
Geo15,4/17/23,527571,284186,196750,93623,0.89911383,2.2897537,5865.543,3249.268,2349.6345,1101.0634,4968535.5,0.034936257,187777.55,73408,1.2753787
Geo15,4/24/23,531839,377244,188009,129736,3.4852538,2.141285,5912.9946,4313.256,2245.2476,1525.7742,5323698,0.035054255,187777.55,94007,1.3800675
Geo15,5/1/23,511304,375913,430761,288380,4.9934177,-0.7742293,5684.686,4298.0376,5144.2485,3391.524,4861560.5,0.035104346,187777.55,147380,1.9567106
Geo15,5/8/23,346249,330500,177143,20726,0.6934024,-4.528274,3849.602,3778.8037,2115.4832,243.75035,2702881.8,0.034638785,187777.55,19657,1.0543827
Geo15,5/15/23,503423,438993,318493,73722,0.022673983,-4.078761,5597.065,5019.269,3803.5178,867.0155,2320543.5,0.03483371,187777.55,61005,1.2084583
Geo15,5/22/23,350352,137536,264037,119695,-0.25726733,-1.9240263,3895.2192,1572.5311,3153.1917,1407.6859,3422915.5,0.03539287,187777.55,88688,1.3496189
Geo15,5/29/23,319059,569789,401514,410040,2.2298632,-0.35409313,3547.3032,6514.738,4794.974,4822.3193,4174990.2,0.035464764,187777.55,166371,2.4646122
Geo15,6/5/23,276396,494705,270969,125637,1.5964372,-3.7178235,3072.975,5656.2573,3235.975,1477.5674,3363749,0.034632802,187777.55,91502,1.373052
Geo15,6/12/23,365880,78757,466892,204596,1.2860287,-0.52959883,4067.8599,900.47577,5575.7334,2406.1733,3312935.2,0.035268802,187777.55,124466,1.6437902
Geo15,6/19/23,624047,124020,430876,233401,1.6473473,-1.3791223,6938.1646,1417.9946,5145.622,2744.9375,3852133,0.035008665,187777.55,133903,1.7430602
Geo15,6/26/23,450729,308934,285897,141708,-1.1323014,0.2055178,5011.2124,3532.2268,3414.2488,1666.5721,3199201,0.034587726,187777.55,99700,1.421344
Geo15,7/3/23,262985,300565,277613,87459,5.17636,3.6608515,2923.8716,3436.539,3315.3193,1028.5709,5660776.5,0.0354512,187777.55,69784,1.2532816
Geo15,7/10/23,352652,266346,344453,331458,3.6169648,-0.6935804,3920.7908,3045.2927,4113.538,3898.1475,4242326.5,0.03546304,187777.55,155667,2.129276
Geo15,7/17/23,658060,421991,120089,59153,4.9231815,-2.9693887,7316.322,4824.875,1434.131,695.67523,3983518,0.03543519,187777.55,51000,1.1598628
Geo15,7/24/23,182471,130897,199551,381293,3.2101698,-1.8035488,2028.7156,1496.6235,2383.0847,4484.2373,2917937,0.035271734,187777.55,163304,2.3348663
Geo15,7/31/23,358895,501797,0,226681,2.8495166,0.9200264,3990.2004,5737.3447,0,2665.9062,4975984.5,0.03540339,187777.55,131574,1.7228404
Geo15,8/7/23,492042,400256,449025,56402,1.8777225,7.3084803,5470.531,4576.3657,5362.362,663.3218,6292925.5,0.03484944,187777.55,48967,1.151837
Geo15,8/14/23,367869,313898,360610,152419,-6.4823484,1.4948137,4089.9734,3588.9832,4306.489,1792.54,3138566.8,0.03489022,187777.55,104611,1.4570074
Geo15,8/21/23,487118,291672,67341,327762,3.6301942,2.1893039,5415.7856,3334.86,804.20197,3854.6802,4944667,0.03460953,187777.55,154868,2.116396
Geo15,8/28/23,285303,467308,151705,175467,-4.764721,2.8078148,3172.0034,5343.011,1811.6965,2063.5984,4182777.5,0.034989707,187777.55,114079,1.5381184
Geo15,9/4/23,382750,316208,251800,210905,3.3328571,0.99170876,4255.421,3615.3948,3007.0544,2480.3708,5229408,0.034553345,187777.55,126755,1.6638792
Geo15,9/11/23,638130,363155,598601,195855,2.305195,-1.0561166,7094.7397,4152.168,7148.6333,2303.3738,3937277,0.03504379,187777.55,121333,1.614194
Geo15,9/18/23,374201,192319,132498,214676,-3.4552667,-0.3466938,4160.3726,2198.898,1582.3221,2524.7202,3610649,0.03470999,187777.55,127964,1.677628
Geo15,9/25/23,425216,187659,386354,164054,-1.1298225,5.906252,4727.5586,2145.6174,4613.9297,1929.3746,5864211.5,0.03492638,187777.55,109733,1.4950289
Geo15,10/2/23,698503,281780,253275,317786,1.12498,-4.441908,7765.968,3221.7588,3024.6692,3737.3564,3071497.8,0.035249073,187777.55,153066,2.076137
Geo15,10/9/23,333976,251376,269948,241967,-2.887475,-6.404896,3713.1506,2874.1318,3223.7822,2845.679,2139312.5,0.034811646,187777.55,135923,1.780177
Geo15,10/16/23,450371,315855,87012,257599,-1.6475742,-3.6284456,5007.232,3611.3586,1039.1177,3029.5208,3041259,0.035221312,187777.55,139911,1.8411633
Geo15,10/23/23,453203,0,334626,286781,0.7840556,4.368771,5038.7183,0,3996.182,3372.7188,5215966,0.035159,187777.55,147032,1.9504665
Geo15,10/30/23,698466,153553,194323,143378,3.241949,-3.8490725,7765.556,1755.6631,2320.6506,1686.2124,3638261.5,0.035353895,187777.55,100302,1.429463
Geo15,11/6/23,158343,276811,64030,386197,6.314451,-0.49186474,1760.4601,3164.9453,764.66125,4541.911,4874741,0.034572043,187777.55,163855,2.3569436
Geo15,11/13/23,431250,112667,366598,435289,-1.8390515,0.82284117,4794.6445,1288.1891,4377.999,5119.263,4182533.8,0.034503166,187777.55,169264,2.5716572
Geo15,11/20/23,333499,114660,242069,324047,1.259804,0.14365225,3707.8472,1310.9762,2890.8447,3810.9895,5010177,0.035378467,187777.55,154183,2.101704
Geo15,11/27/23,306284,210563,291106,215051,4.296566,-1.5973668,3405.2705,2407.4924,3476.456,2529.1304,4044321.2,0.034552794,187777.55,127926,1.6810578
Geo15,12/4/23,423098,289760,0,210427,-7.3118877,-3.3989725,4704.0103,3312.999,0,2474.7493,2098573.8,0.035077803,187777.55,126615,1.6619437
Geo15,12/11/23,462018,191917,0,265291,-0.53938335,-1.5038278,5136.7236,2194.3015,0,3119.9834,3457089.5,0.03475435,187777.55,142039,1.8677335
Geo15,12/18/23,627507,488213,206284,512146,-1.3969905,0.7688873,6976.633,5582.031,2463.4917,6023.148,4979959,0.035021603,187777.55,175437,2.9192588
Geo15,12/25/23,482493,192888,354544,46389,3.7524438,-2.0546057,5364.365,2205.4036,4234.0474,545.5628,3874271.5,0.034860592,187777.55,41356,1.1216993
Geo15,1/1/24,398593,295107,67042,68819,0.11619821,-0.69020945,4431.5635,3374.1345,800.6312,809.3532,3768497.5,0.035000246,187777.55,57516,1.1965193
Geo15,1/8/24,363798,96653,92601,223296,3.4923067,-1.1021199,4044.7122,1105.0914,1105.8628,2626.0967,3084669.8,0.03506089,187777.55,130368,1.712813
Geo15,1/15/24,552570,534561,366298,384181,-3.263338,-0.19801208,6143.4824,6111.955,4374.4165,4518.2017,3092001,0.03495098,187777.55,163525,2.3493717
Geo16,1/25/21,760942,306572,14961,0,-2.1869736,-2.2690344,8460.165,3505.2207,178.66776,0,4871307,0.03453728,307288.84,0,0
Geo16,2/1/21,674655,555914,584903,9350,3.9466617,-2.269072,7500.825,6356.0967,6985.0483,109.96168,5516411.5,0.03531493,307288.84,9243,1.0115763
Geo16,2/8/21,728284,515729,516444,291078,0.98161787,1.9568138,8097.073,5896.637,6167.495,3423.2542,7749608,0.034741033,307288.84,187840,1.5496061
Geo16,2/15/21,973946,105269,97232,173056,-0.71741766,-5.781635,10828.348,1203.6033,1161.1672,2035.2437,3751214,0.035437528,307288.84,132278,1.308275
Geo16,2/22/21,822400,383285,322262,515578,-0.9685434,1.0793579,9143.456,4382.326,3848.528,6063.5103,7146432,0.035037935,307288.84,249849,2.0635583
Geo16,3/1/21,91315,449938,627977,108148,-1.7602363,0.37222752,1015.24164,5144.4097,7499.448,1271.8861,6472174,0.034531713,307288.84,91118,1.1869005
Geo16,3/8/21,991600,537509,596226,72078,-1.9300368,-4.5378356,11024.625,6145.661,7120.2705,847.681,4687771.5,0.034748305,307288.84,64141,1.123743
Geo16,3/15/21,320722,189902,560449,254684,-0.86662245,-0.071534246,3565.7925,2171.263,6693.013,2995.2385,5729356,0.034941312,307288.84,173182,1.4706147
Geo16,3/22/21,912557,100047,621030,166772,-3.6238554,3.9216506,10145.823,1143.8971,7416.4854,1961.34,7007026,0.035299376,307288.84,128936,1.293448
Geo16,3/29/21,482966,0,474374,370268,0.77985847,3.0469859,5369.624,0,5665.0854,4354.5767,8450165,0.034749184,307288.84,215223,1.7203923
Geo16,4/5/21,664419,416172,188990,700633,1.8309608,0.4242898,7387.021,4758.343,2256.963,8239.869,7745627.5,0.034958795,307288.84,275978,2.5387278
Geo16,4/12/21,768782,621377,343154,439121,-0.99839413,0.24958956,8547.331,7104.574,4098.0254,5164.3296,6917731.5,0.034889583,307288.84,233697,1.8790185
Geo16,4/19/21,875277,619243,249885,168459,1.3049245,0.6614185,9731.344,7080.175,2984.185,1981.1802,7205369.5,0.03468915,307288.84,129365,1.3021992
Geo16,4/26/21,452403,314064,431108,107844,0.15908633,4.1575923,5029.8237,3590.881,5148.3926,1268.3109,8029199,0.03483999,307288.84,90648,1.1897008
Geo16,5/3/21,647251,635815,437776,97452,-0.6053983,0.66935545,7196.147,7269.6523,5228.0234,1146.0947,5994004.5,0.034758948,307288.84,82933,1.175069
Geo16,5/10/21,271639,266216,0,220797,-1.4726188,-0.91264915,3020.087,3043.8064,0,2596.7068,4442954,0.03517981,307288.84,157833,1.3989279
Geo16,5/17/21,615819,592287,534169,115710,2.1474516,-2.2158108,6846.6855,6771.9707,6379.171,1360.8198,5984340.5,0.03500212,307288.84,96956,1.1934279
Geo16,5/24/21,844299,663698,375554,320510,0.37759346,0.24151695,9386.93,7588.455,4484.9536,3769.3923,5458710,0.035093397,307288.84,199423,1.6071867
Geo16,5/31/21,711578,476190,252334,752606,3.733285,2.3902073,7911.336,5444.5645,3013.4316,8851.104,9104706,0.034863744,307288.84,280457,2.6834986
Geo16,6/7/21,666915,662845,729327,413782,-3.8167655,2.1448748,7414.772,7578.7026,8709.794,4866.3276,6996377.5,0.03541965,307288.84,227666,1.8174958
Geo16,6/14/21,741405,342633,183140,157523,4.3133903,1.8359497,8242.953,3917.5276,2187.1008,1852.5662,8290907,0.03453152,307288.84,122874,1.281988
Geo16,6/21/21,455087,571122,75420,49012,1.3518531,-3.1373348,5059.6646,6529.9785,900.6833,576.4109,5335603.5,0.03518384,307288.84,45312,1.0816561
Geo16,6/28/21,815518,652472,434197,556530,-1.7013202,-3.945777,9066.942,7460.1016,5185.282,6545.131,4121208.2,0.035398576,307288.84,256853,2.1667256
Geo16,7/5/21,761887,460711,532225,800322,3.1805112,-1.459531,8470.672,5267.584,6355.9556,9412.272,7035937.5,0.03538824,307288.84,284481,2.8132706
Geo16,7/12/21,748799,560880,214330,478806,2.2598183,0.6339636,8325.159,6412.8755,2559.579,5631.0493,7690311.5,0.03528971,307288.84,242730,1.9725869
Geo16,7/19/21,427837,450082,349808,119546,1.1649339,0.38014442,4756.6987,5146.056,4177.489,1405.9336,5613215.5,0.034710154,307288.84,99066,1.2067308
Geo16,7/26/21,368141,302856,393612,234472,-1.947506,-2.5513487,4092.9976,3462.7334,4700.6064,2757.5332,4821202,0.034717083,307288.84,163830,1.4311908
Geo16,8/2/21,268663,255589,635385,0,-2.4452865,-0.022854548,2986.9995,2922.3015,7587.9165,0,6781227,0.034799412,307288.84,0,0
Geo16,8/9/21,740678,703098,368734,0,0.7679796,0.30094326,8234.87,8038.939,4403.508,0,7542675,0.03451863,307288.84,0,0
Geo16,8/16/21,690562,320453,381236,459987,-6.3149195,-1.5929835,7677.6797,3663.9304,4552.8096,5409.7266,3163175.2,0.035459068,307288.84,238309,1.9302125
Geo16,8/23/21,921098,264558,60176,0,-2.1933966,0.42600578,10240.782,3024.8494,718.63586,0,4819913.5,0.034716308,307288.84,0,0
Geo16,8/30/21,683218,393476,377988,341451,3.3706775,1.8538392,7596.029,4498.8457,4514.021,4015.6711,8535091,0.035379514,307288.84,205928,1.6581087
Geo16,9/6/21,450203,587359,0,313919,1.0015155,2.043592,5005.3643,6715.626,0,3691.8782,7177594.5,0.035422787,307288.84,196157,1.6003456
Geo16,9/13/21,436408,219329,681630,145610,-1.7900219,-1.5559571,4851.991,2507.7192,8140.185,1712.462,5328983.5,0.03509464,307288.84,116091,1.2542746
Geo16,9/20/21,338660,977914,409913,78926,2.080886,1.84763,3765.2273,11181.074,4895.277,928.2177,8420636,0.035441644,307288.84,69951,1.1283041
Geo16,9/27/21,495742,428700,83930,164622,-1.3539336,1.4354708,5511.6675,4901.583,1002.3117,1936.0547,6006237,0.035244573,307288.84,127487,1.2912846
Geo16,10/4/21,661818,390634,64322,605555,1.0628088,0.86888456,7358.103,4466.3516,768.1484,7121.695,6841974.5,0.03467267,307288.84,264518,2.289277
Geo16,10/11/21,784470,683897,448913,332326,2.5365596,2.9083786,8721.75,7819.4023,5361.024,3908.3557,9137525,0.034563467,307288.84,202915,1.6377597
Geo16,10/18/21,778940,222153,461961,198119,3.4129806,-0.7617072,8660.268,2540.0078,5516.846,2329.9998,7784059,0.035315216,307288.84,146166,1.3554384
Geo16,10/25/21,734832,545310,281059,429905,-5.9362955,4.3784304,8169.874,6234.8545,3356.4724,5055.944,8784393,0.035266686,307288.84,231497,1.8570651
Geo16,11/1/21,744248,341722,239335,371488,-4.221442,3.8489034,8274.562,3907.1116,2858.1946,4368.9243,6967384.5,0.034525853,307288.84,215304,1.7254115
Geo16,11/8/21,575930,731176,560205,501588,3.930676,-2.5280368,6403.199,8359.972,6690.099,5898.9795,7233435.5,0.0350313,307288.84,246782,2.0325146
Geo16,11/15/21,653621,211511,183029,84311,2.3579926,-4.033432,7266.9688,2418.3315,2185.7751,991.5486,5100878.5,0.035175916,307288.84,73473,1.1475099
Geo16,11/22/21,656659,537556,390550,0,2.3339474,1.7577049,7300.7456,6146.1987,4664.0396,0,8117542,0.035395216,307288.84,0,0
Geo16,11/29/21,644691,653337,117265,262358,-3.4345212,-9.779707,7167.685,7469.9917,1400.406,3085.4895,1438265.1,0.035461035,307288.84,176395,1.4873325
Geo16,12/6/21,951546,338761,238128,287891,5.5059204,2.1610813,10579.304,3873.2566,2843.7803,3385.773,9086459,0.03492126,307288.84,186753,1.5415603
Geo16,12/13/21,637449,213069,348422,85102,-4.355635,-3.4134254,7087.1685,2436.145,4160.937,1000.8512,3023676.8,0.034721438,307288.84,74168,1.1474221
Geo16,12/20/21,470971,524978,813771,265564,1.7196085,-0.86765045,5236.263,6002.3867,9718.243,3123.1938,6761208.5,0.034737974,307288.84,177929,1.492528
Geo16,12/27/21,752320,473683,488965,177521,-1.0630416,1.191764,8364.306,5415.9004,5839.3345,2087.755,6571010.5,0.035385247,307288.84,134773,1.3171852
Geo16,1/3/22,466339,595362,270700,417534,-0.742945,4.1760535,5184.7646,6807.129,3232.7627,4910.4536,9243842,0.035152547,307288.84,228422,1.8279063
Geo16,1/10/22,861344,312738,341816,0,4.7687726,2.0024326,9576.437,3575.7202,4082.0466,0,9733502,0.034903668,307288.84,0,0
Geo16,1/17/22,509835,376653,243323,94279,-4.066022,-0.6909175,5668.354,4306.4985,2905.82,1108.7783,5983420.5,0.03508026,307288.84,81186,1.1612717
Geo16,1/24/22,1180787,575980,227637,347346,0.51817304,0.41013122,13128.009,6585.523,2718.4944,4085,6841633.5,0.03477031,307288.84,207280,1.6757333
Geo16,1/31/22,850399,568092,25815,409320,-1.0808208,-4.298704,9454.75,6495.335,308.28876,4813.8516,5020233.5,0.034914188,307288.84,225973,1.8113668
Geo16,2/7/22,887018,436695,283106,368907,2.5771825,2.6415496,9861.881,4992.9946,3380.918,4338.5703,8667382,0.03488123,307288.84,214912,1.7165492
Geo16,2/14/22,524707,308611,391035,260943,-2.3562357,-2.4857361,5833.701,3528.5337,4669.8315,3068.8481,5170334.5,0.035261005,307288.84,176496,1.4784641
Geo16,2/21/22,815473,429350,140193,0,4.4344664,-7.457924,9066.442,4909.0146,1674.2177,0,2783645.2,0.03495593,307288.84,0,0
Geo16,2/28/22,623946,0,267060,338068,1.2995015,-1.034028,6937.0415,0,3189.293,3975.885,5731970,0.035260595,307288.84,204808,1.6506581
Geo16,3/7/22,923813,266304,387220,44409,-4.241614,-7.598588,10270.968,3044.8125,4624.272,522.2768,2019932.4,0.034825042,307288.84,41127,1.0798016
Geo16,3/14/22,932993,599590,177415,283255,-0.16383165,-4.7882385,10373.031,6855.47,2118.7314,3331.2507,4007823.8,0.034915674,307288.84,185085,1.5304049
Geo16,3/21/22,358186,459471,465402,163001,2.792357,-3.0696259,3982.3179,5253.4062,5557.9395,1916.9907,5428284.5,0.034912683,307288.84,126714,1.2863693
Geo16,3/28/22,475741,95333,282704,291939,2.7044172,-3.106967,5289.2964,1089.999,3376.1172,3433.38,3785311.5,0.035029337,307288.84,188510,1.5486659
Geo16,4/4/22,889602,731774,410773,83571,3.421106,0.33195412,9890.609,8366.809,4905.5474,982.8457,6757230,0.034917615,307288.84,72891,1.1465201
Geo16,4/11/22,617708,322414,139608,641601,0.64832985,-0.82527804,6867.6875,3686.3516,1667.2314,7545.6177,7037099,0.034599118,307288.84,269322,2.3822823
Geo16,4/18/22,915191,293780,116831,359756,3.7651625,-2.3686616,10175.108,3358.9622,1395.2231,4230.949,6381490.5,0.034947783,307288.84,212151,1.6957544
Geo16,4/25/22,925554,671697,163183,419333,-0.4788193,-1.2150974,10290.324,7679.9126,1948.7695,4931.611,6233387,0.0348411,307288.84,228735,1.83327
Geo16,5/2/22,680653,257831,890657,488841,-4.877756,1.8421779,7567.511,2947.9358,10636.435,5749.067,6420260,0.035422243,307288.84,244771,1.9971361
Geo16,5/9/22,552386,729602,22253,381162,3.704971,2.3490212,6141.4365,8341.975,265.75052,4482.697,7870968.5,0.035112437,307288.84,218641,1.7433236
Geo16,5/16/22,660118,292233,187431,461600,-3.1286612,-1.8036013,7339.2026,3341.2742,2238.3447,5428.6963,5806034.5,0.035369504,307288.84,238960,1.931704
Geo16,5/23/22,593296,532248,361825,246019,-2.3087864,4.984684,6596.2744,6085.509,4320.9985,2893.3328,8874773,0.035267327,307288.84,168599,1.4591961
Geo16,5/30/22,499511,227075,228354,392860,-4.0970516,-3.688018,5553.5713,2596.284,2727.057,4620.272,3298197.2,0.035392027,307288.84,221746,1.7716666
Geo16,6/6/22,942553,624438,1190,340813,0.14539072,-5.412326,10479.319,7139.5723,14.211258,4008.168,3412961.2,0.034940645,307288.84,205956,1.6547855
Geo16,6/13/22,511081,409323,131517,247408,-0.14447322,-1.3064855,5682.207,4680.034,1570.6068,2909.6685,5325550,0.034831237,307288.84,170107,1.4544257
Geo16,6/20/22,685081,454949,422871,562316,-1.8416057,2.247389,7616.7417,5201.7036,5050.0244,6613.1777,7366405.5,0.03507005,307288.84,257855,2.180745
Geo16,6/27/22,593800,79524,213839,501578,-0.2240606,1.8253224,6601.878,909.24536,2553.7153,5898.862,5961762.5,0.035138547,307288.84,247602,2.025743
Geo16,7/4/22,729319,367853,490998,375853,0.08392204,-7.283723,8108.5806,4205.883,5863.613,4420.26,3326401,0.034745168,307288.84,216715,1.7343192
Geo16,7/11/22,1024348,387402,223830,498702,4.153074,3.230927,11388.718,4429.3984,2673.0303,5865.0386,8790286,0.03466606,307288.84,246379,2.0241253
Geo16,7/18/22,912956,539855,429195,72216,-0.5229374,2.3637624,10150.26,6172.4844,5125.547,849.304,7708918.5,0.035421513,307288.84,64411,1.1211749
Geo16,7/25/22,652984,0,437116,784825,2.8377686,-2.886537,7259.8867,0,5220.1416,9230.019,5175088,0.035257015,307288.84,283370,2.769612
Geo16,8/1/22,657486,312991,234233,170035,-2.058962,-0.080110915,7309.94,3578.6128,2797.2654,1999.7148,5322526.5,0.035000015,307288.84,130654,1.3014144
Geo16,8/8/22,693090,1021542,318441,769540,1.4494208,-2.725217,7705.7856,11679.899,3802.897,9050.258,6494000.5,0.034934904,307288.84,282320,2.7257721
Geo16,8/15/22,504477,495241,414894,0,-6.704162,1.169314,5608.7837,5662.3857,4954.761,0,5735152.5,0.035074968,307288.84,0,0
Geo16,8/22/22,907380,446339,650825,341788,-2.0894547,-4.14044,10088.266,5103.2603,7772.304,4019.6345,5106125.5,0.03484897,307288.84,206422,1.6557732
Geo16,8/29/22,755196,588153,25548,0,-1.3111316,2.406344,8396.281,6724.704,305.1002,0,6497130.5,0.035353057,307288.84,0,0
Geo16,9/5/22,743557,509612,338922,285018,3.5226045,0.9772849,8266.879,5826.698,4047.4858,3351.9849,7255330.5,0.03455968,307288.84,186132,1.5312681
Geo16,9/12/22,594218,708768,544728,308655,0.72889036,0.87404805,6606.5254,8103.7676,6505.269,3629.9702,6979424,0.035333354,307288.84,194740,1.5849594
Geo16,9/19/22,894174,329207,425771,490603,4.1892734,0.9490093,9941.441,3764.02,5084.6567,5769.789,9335839,0.035192627,307288.84,245319,1.9998573
Geo16,9/26/22,689591,152878,625889,227622,4.102035,-1.2269089,7666.884,1747.9454,7474.5127,2676.973,7853118.5,0.034590922,307288.84,161003,1.4137748
Geo16,10/3/22,834574,689055,534006,327552,-2.9563265,1.7452129,9278.808,7878.377,6377.2246,3852.2104,6733905.5,0.035277825,307288.84,201161,1.6283077
Geo16,10/10/22,511029,184566,0,411259,3.7933424,-3.915697,5681.629,2110.2532,0,4836.656,4507727,0.03544704,307288.84,226995,1.8117535
Geo16,10/17/22,438810,243398,0,252014,0.87617487,-2.7095902,4878.697,2782.9146,0,2963.8376,4492143.5,0.03502432,307288.84,172442,1.4614421
Geo16,10/24/22,1150170,187733,978084,804223,1.2190121,0.07872523,12787.608,2146.4634,11680.508,9458.151,7264329,0.03458035,307288.84,284888,2.8229444
Geo16,10/31/22,478693,423986,352210,33294,-1.3545564,0.054418027,5322.1167,4847.685,4206.1743,391.55765,5335725.5,0.034820896,307288.84,31387,1.0607576
Geo16,11/7/22,958809,765506,480220,539899,1.6786097,0.8291272,10660.054,8752.487,5734.8994,6349.54,8847301,0.035173643,307288.84,254557,2.1209357
Geo16,11/14/22,858516,833767,0,394978,0.93829143,-3.3316169,9544.995,9532.956,0,4645.181,4987489,0.034806482,307288.84,222148,1.7779949
Geo16,11/21/22,499849,287853,429834,771245,3.5252373,-1.7031682,5557.329,3291.195,5133.178,9070.31,7383810.5,0.035396095,307288.84,282436,2.7306895
Geo16,11/28/22,602597,645029,113646,161542,0.8521022,-4.499152,6699.683,7375.0015,1357.1871,1899.832,4515386.5,0.03536398,307288.84,125935,1.2827411
Geo16,12/5/22,395803,687639,701276,625665,3.227014,-0.27542946,4400.544,7862.187,8374.802,7358.2,7849505.5,0.035469823,307288.84,266694,2.3460033
Geo16,12/12/22,523760,507230,340980,328413,3.3778324,-0.49370736,5823.1724,5799.4634,4072.063,3862.3364,8165686,0.03463845,307288.84,201676,1.6284188
Geo16,12/19/22,741988,295471,389391,768578,-5.4903555,-7.0306215,8249.435,3378.2961,4650.198,9038.944,2601556.2,0.034888122,307288.84,282137,2.7241304
Geo16,12/26/22,610347,630592,62845,579897,0.48184767,-0.18789569,6785.8477,7209.9346,750.5097,6819.941,6723072.5,0.034679476,307288.84,260839,2.223199
Geo16,1/2/23,977363,537233,637249,397856,0.42039824,2.885037,10866.338,6142.5054,7610.177,4679.0283,8428808,0.034931824,307288.84,222656,1.786864
Geo16,1/9/23,908845,447980,167897,489621,2.6115832,0.31101274,10104.554,5122.0225,2005.0652,5758.24,7376845.5,0.035126023,307288.84,244813,1.9999796
Geo16,1/16/23,448000,0,243884,442815,-0.1041287,-3.8165107,4980.871,0,2912.5198,5207.7734,5615397,0.035219792,307288.84,234541,1.8880068
Geo16,1/23/23,800015,583236,654336,0,-2.5463567,4.7200117,8894.58,6668.4854,7814.2334,0,7385319,0.03533338,307288.84,0,0
Geo16,1/30/23,702949,442114,195493,502443,5.805506,-0.7826595,7815.3984,5054.953,2334.623,5909.0347,8152745,0.0353456,307288.84,247570,2.0294988
Geo16,2/6/23,734650,603297,652634,637234,-1.3155377,-3.3178873,8167.8506,6897.8545,7793.9077,7494.259,5083440.5,0.034684055,307288.84,268529,2.3730547
Geo16,2/13/23,566338,1134322,97211,655602,3.9301133,2.491642,6296.555,12969.38,1160.9165,7710.278,9289871,0.034550466,307288.84,270895,2.4201334
Geo16,2/20/23,516436,64474,577354,520658,2.762828,2.2278843,5741.7437,737.16974,6894.8965,6123.2544,8837887,0.035427988,307288.84,250929,2.0749216
Geo16,2/27/23,885342,219348,304061,473791,-0.030338656,-4.8866425,9843.247,2507.9365,3631.1675,5572.07,4992120.5,0.034687534,307288.84,241423,1.9624932
Geo16,3/6/23,781578,1093134,387501,420627,4.0434647,4.3024607,8689.597,12498.453,4627.6274,4946.829,10483891,0.03452394,307288.84,229280,1.834556
Geo16,3/13/23,856594,541837,600116,139884,-0.30557847,-0.24329232,9523.626,6195.1455,7166.7256,1645.1208,5671427.5,0.03466533,307288.84,112400,1.2445196
Geo16,3/20/23,656521,304342,290461,242853,0.42082304,-1.400349,7299.211,3479.7236,3468.7532,2856.0989,5373022.5,0.03531583,307288.84,168499,1.4412726
Geo16,3/27/23,622845,735888,498972,274118,-2.3018303,0.44685358,6924.801,8413.847,5958.8403,3223.7942,5765898.5,0.035187483,307288.84,181369,1.5113828
Geo16,4/3/23,910597,531410,446890,229617,-2.2849462,-2.0863147,10124.032,6075.9277,5336.8647,2700.4353,5594750,0.035306104,307288.84,162277,1.4149694
Geo16,4/10/23,483504,364688,623141,0,-0.87643313,3.2354789,5375.6055,4169.6953,7441.696,0,7518646.5,0.034844175,307288.84,0,0
Geo16,4/17/23,535481,472717,71077,160067,-1.5174744,-0.68523306,5953.4863,5404.8555,848.8182,1882.4851,6085969,0.035159074,307288.84,125002,1.2805156
Geo16,4/24/23,788722,374801,346418,158679,-1.2408335,0.32679668,8769.024,4285.323,4137.005,1866.1614,6614612,0.034569275,307288.84,123717,1.2825966
Geo16,5/1/23,930694,590471,272619,136847,0.6320863,0.35985065,10347.471,6751.2075,3255.68,1609.4038,6841371.5,0.035150293,307288.84,110793,1.2351593
Geo16,5/8/23,1024426,360240,457855,103324,4.457835,2.7243567,11389.585,4118.839,5467.8115,1215.153,9100436,0.03512261,307288.84,87594,1.1795785
Geo16,5/15/23,1053786,537068,512077,702477,0.10481016,-3.141793,11716.01,6140.619,6115.3433,8261.557,4705307.5,0.034516435,307288.84,276312,2.5423326
Geo16,5/22/23,202958,439887,559374,491427,-0.8885599,0.20889139,2256.4902,5029.4907,6680.1753,5779.48,6894998.5,0.035269734,307288.84,244969,2.0060782
Geo16,5/29/23,460079,597602,579227,890178,3.0654445,7.2101684,5115.166,6832.74,6917.264,10469.034,10452619,0.03466586,307288.84,290372,3.065647
Geo16,6/5/23,494647,342161,464912,264652,-0.028737992,-2.1523771,5499.493,3912.1309,5552.088,3112.4683,5507877.5,0.034852706,307288.84,177434,1.4915518
Geo16,6/12/23,644259,309061,372364,189296,-6.1132464,0.47715873,7162.882,3533.679,4446.858,2226.2358,3788686.8,0.034665897,307288.84,141251,1.3401392
Geo16,6/19/23,1211647,120735,655052,253703,0.5017307,3.5437355,13471.111,1380.4353,7822.784,2983.7014,8033830,0.035349086,307288.84,173000,1.4664913
Geo16,6/26/23,550488,735741,486988,58847,0.1722848,4.336073,6120.3345,8412.166,5815.7246,692.0765,7434706,0.035499033,307288.84,53573,1.098445
Geo16,7/3/23,411357,406895,535589,319342,2.6081724,4.6069646,4573.4736,4652.2734,6396.129,3755.6558,9261104,0.034820046,307288.84,198629,1.607731
Geo16,7/10/23,659651,400925,523804,113054,-3.4421496,-0.14142504,7334.0107,4584.0146,6255.3896,1329.5837,5247578.5,0.0352077,307288.84,94324,1.1985708
Geo16,7/17/23,843711,402429,192747,0,-1.4140575,1.0762794,9380.393,4601.211,2301.8298,0,5981173.5,0.03514809,307288.84,0,0
Geo16,7/24/23,351387,372746,474217,622504,0.6735608,1.5050464,3906.7263,4261.8276,5663.2104,7321.025,5632721.5,0.03495262,307288.84,266388,2.336832
Geo16,7/31/23,465845,536328,224478,223420,0.35354406,-5.9493127,5179.2725,6132.158,2680.7688,2627.555,4346820,0.035472423,307288.84,158813,1.4068118
Geo16,8/7/23,829401,583216,604115,0,0.36507484,-5.12658,9221.294,6668.2563,7214.4824,0,4126529.8,0.035163015,307288.84,0,0
Geo16,8/14/23,522988,745752,301795,408013,-1.3424151,1.4040614,5814.589,8526.628,3604.1064,4798.4805,6506711.5,0.03477951,307288.84,226279,1.8031412
Geo16,8/21/23,807493,738367,244201,445951,0.038037274,2.9313786,8977.721,8442.19,2916.3054,5244.655,8089965,0.035165813,307288.84,235605,1.8927909
Geo16,8/28/23,694879,1004893,364851,438587,-7.0759573,-2.2656622,7725.676,11489.541,4357.1357,5158.0493,4210407.5,0.034584258,307288.84,233527,1.8780998
Geo16,9/4/23,633854,664194,479384,261543,-4.3767037,-2.22422,7047.199,7594.1265,5724.916,3075.9045,5546570,0.034655657,307288.84,176114,1.4850779
Geo16,9/11/23,658199,591921,968792,519124,-7.3621006,-3.5270696,7317.867,6767.786,11569.541,6105.2134,2841986.2,0.03523809,307288.84,250497,2.072376
Geo16,9/18/23,874140,319627,386206,333186,-0.80297625,-3.5376413,9718.703,3654.4863,4612.1626,3918.4697,5776440.5,0.03466672,307288.84,203565,1.6367549
Geo16,9/25/23,685994,491016,892515,389525,-1.3103819,-0.63677645,7626.8926,5614.079,10658.623,4581.051,7063397.5,0.035120215,307288.84,220827,1.7639374
Geo16,10/2/23,918789,579754,438594,350377,4.8726234,-4.2771587,10215.111,6628.6733,5237.792,4120.6465,6170738,0.034598116,307288.84,209190,1.6749223
Geo16,10/9/23,720498,324231,353080,487250,2.7690132,-3.1557755,8010.5083,3707.1265,4216.564,5730.356,6533735,0.034736082,307288.84,244248,1.9948987
Geo16,10/16/23,845022,612390,0,160156,2.0603144,-5.0554047,9394.969,7001.8203,0,1883.5319,5050281,0.03538532,307288.84,124655,1.284794
Geo16,10/23/23,616018,28470,738509,144355,-0.5990288,2.493109,6848.898,325.5145,8819.447,1697.7025,6935040,0.034519125,307288.84,114886,1.2565064
Geo16,10/30/23,954704,442144,406858,210394,-1.034184,4.234717,10614.414,5055.2964,4858.7935,2474.3613,8474282,0.035347003,307288.84,152082,1.3834248
Geo16,11/6/23,557641,473877,72743,409590,-3.1699612,1.5331295,6199.862,5418.1187,868.7139,4817.0273,6238405,0.03451915,307288.84,226164,1.811031
Geo16,11/13/23,382675,356701,235918,530154,3.2463636,-4.206283,4254.587,4078.3755,2817.388,6234.933,5556232,0.034879062,307288.84,252701,2.0979497
Geo16,11/20/23,479463,207209,315621,402375,-2.4848068,0.8931217,5330.6772,2369.144,3769.2197,4732.1743,7325725,0.0347043,307288.84,224032,1.7960604
Geo16,11/27/23,266166,480558,233144,745704,-0.9311319,0.3852275,2959.2378,5494.5063,2784.2603,8769.932,6558628.5,0.034702294,307288.84,280163,2.661679
Geo16,12/4/23,740845,73496,475080,127750,2.6233516,3.8590984,8236.727,840.3236,5673.5166,1502.4176,9114787,0.034838635,307288.84,104317,1.2246326
Geo16,12/11/23,733751,699656,0,440403,0.8011413,2.308006,8157.8555,7999.5845,0,5179.4067,7866616,0.035300788,307288.84,234014,1.8819515
Geo16,12/18/23,1037785,759634,246736,789850,0.55953544,-0.8370086,11538.11,8685.349,2946.579,9289.116,8031257,0.03509784,307288.84,283582,2.7852614
Geo16,12/25/23,655094,108247,322116,462039,1.0487113,-4.333117,7283.3457,1237.6526,3846.7847,5433.8594,4984169,0.034567088,307288.84,239043,1.9328698
Geo16,1/1/24,686490,560962,136025,179280,-7.6296225,1.3259782,7632.4067,6413.8135,1624.4424,2108.4417,5341510.5,0.035457164,307288.84,135776,1.3204101
Geo16,1/8/24,0,115497,547468,276104,-1.9965498,-3.1194005,0,1320.5461,6537.9907,3247.1506,3615063.8,0.034715343,307288.84,182070,1.5164717
Geo16,1/15/24,725630,804720,327131,670576,1.4710101,-4.6168838,8067.566,9200.844,3906.6748,7886.381,4225235,0.0354563,307288.84,272467,2.4611275
Geo17,1/25/21,352217,31117,21118,0,2.9012427,2.1654959,3915.9543,355.77924,252.19609,0,2883451.8,0.03460286,119544.83,0,0
Geo17,2/1/21,313975,143726,252434,56524,-6.138809,1.547782,3490.779,1643.3052,3014.626,664.7566,1483594.5,0.0350171,119544.83,45172,1.2513062
Geo17,2/8/21,269650,244641,57590,146649,-2.5733402,-0.02208915,2997.9731,2797.1265,687.75323,1724.6813,2006459.6,0.03480186,119544.83,84634,1.7327434
Geo17,2/15/21,433601,196044,138362,37513,5.744724,0.5604148,4820.7827,2241.488,1652.3513,441.17566,2778774.2,0.03508777,119544.83,32188,1.1654344
Geo17,2/22/21,290531,5716,218616,198314,2.5016222,-1.3735594,3230.1284,65.35444,2610.7634,2332.293,2413578.2,0.03494138,119544.83,96808,2.0485291
Geo17,3/1/21,183057,44839,124631,24770,1.9112703,-2.2867644,2035.2307,512.671,1488.3726,291.31024,2178470.8,0.035254613,119544.83,22110,1.1203076
Geo17,3/8/21,367605,208290,201778,93424,-2.651874,2.9865906,4087.0383,2381.504,2409.6802,1098.723,2732936.8,0.035197414,119544.83,64812,1.4414614
Geo17,3/15/21,192924,71683,181770,125523,0.7109351,-3.611073,2144.9321,819.59454,2170.7397,1476.2267,1694277.2,0.034907084,119544.83,77805,1.6133025
Geo17,3/22/21,388117,67304,247149,68194,5.2338467,0.60672426,4315.0913,769.5268,2951.5112,802.00287,2752086.5,0.03477961,119544.83,52068,1.3097104
Geo17,3/29/21,231905,244523,182318,176925,4.544093,-3.4160495,2578.3235,2795.7773,2177.2842,2080.7454,2641289.8,0.03486977,119544.83,92347,1.9158716
Geo17,4/5/21,312304,118001,98727,151554,-0.103003174,4.911874,3472.201,1349.1759,1179.0209,1782.3671,3108502,0.034687743,119544.83,85673,1.768982
Geo17,4/12/21,294719,165512,292215,207609,1.6075258,-1.1561835,3276.6907,1892.3975,3489.7,2441.608,2517846.2,0.035088994,119544.83,98247,2.1131332
Geo17,4/19/21,420511,281517,152035,73090,4.4057355,-0.77185273,4675.248,3218.752,1815.6376,859.58276,2539069.8,0.0348699,119544.83,54772,1.334441
Geo17,4/26/21,304948,231539,299313,109109,4.55432,-6.047881,3390.4167,2647.3235,3574.4658,1283.1881,1946535.4,0.034827083,119544.83,71613,1.5235921
Geo17,5/3/21,238519,249299,86048,43934,-0.8060496,4.557776,2651.8582,2850.3843,1027.6053,516.69055,2606169.8,0.03474662,119544.83,36718,1.1965249
Geo17,5/10/21,109337,165361,0,141301,0.4850551,0.40381193,1215.6106,1890.671,0,1661.7855,1922216.5,0.035379954,119544.83,82898,1.7045164
Geo17,5/17/21,253164,344991,137153,0,2.3052297,3.5202627,2814.6814,3944.488,1637.9132,0,2948574,0.03507787,119544.83,0,0
Geo17,5/24/21,395947,229645,175756,91600,1.7428762,2.9410756,4402.145,2625.6682,2098.9192,1077.2716,2398076,0.03539114,119544.83,64446,1.421345
Geo17,5/31/21,133596,107093,108836,187652,-1.9293604,0.25158915,1485.3225,1224.4581,1299.745,2206.9016,2144909.5,0.03520312,119544.83,94713,1.9812697
Geo17,6/7/21,267351,195394,158240,196589,-3.9944663,1.956698,2972.4128,2234.0562,1889.7391,2312.006,2296884.2,0.034986507,119544.83,96296,2.0415075
Geo17,6/14/21,303885,60476,166997,42228,-2.035132,-0.21493658,3378.5984,691.4582,1994.3173,496.62692,1985773.2,0.034840275,119544.83,35623,1.185414
Geo17,6/21/21,273038,77882,43047,0,-9.959521,-3.9222088,3035.6409,890.4714,514.07733,0,508468.2,0.034790665,119544.83,0,0
Geo17,6/28/21,319751,172954,30389,92931,-2.240413,-1.6961164,3554.9968,1977.4863,362.91254,1092.925,1531386.2,0.034660894,119544.83,64406,1.4428935
Geo17,7/5/21,354931,229306,89454,237807,1.6445992,0.52837217,3946.1287,2621.7922,1068.2806,2796.7546,2498711.5,0.034689978,119544.83,103134,2.305806
Geo17,7/12/21,230834,226694,197303,104017,-2.697193,-3.9987612,2566.4163,2591.9277,2356.2385,1223.3031,1529413.2,0.035228413,119544.83,69085,1.505638
Geo17,7/19/21,250001,198071,200912,124487,-3.0233989,4.0985594,2779.5151,2264.6638,2399.3381,1464.0427,2057142.8,0.034545425,119544.83,77396,1.6084423
Geo17,7/26/21,229997,0,181202,250951,0.22263783,0.28896612,2557.1104,0,2163.9568,2951.3362,2423195.5,0.03456472,119544.83,104979,2.3904877
Geo17,8/2/21,103072,206442,149326,72782,3.6209617,3.4160075,1145.9562,2360.3745,1783.286,855.9605,3464600.5,0.035098717,119544.83,54395,1.3380274
Geo17,8/9/21,319937,359056,123014,64026,-3.509875,2.1608727,3557.0647,4105.3013,1469.062,752.9846,2569425.5,0.0353844,119544.83,49797,1.2857401
Geo17,8/16/21,317342,214230,221193,22694,1.0837982,2.7720833,3528.2134,2449.4194,2641.5386,266.89523,2491310.2,0.035315055,119544.83,20776,1.092318
Geo17,8/23/21,296158,67498,0,0,-1.7287614,-6.6638565,3292.6895,771.74493,0,0,712576.3,0.034913357,119544.83,0,0
Geo17,8/30/21,299040,145631,89630,231988,1.2521722,2.7801864,3324.7314,1665.0862,1070.3824,2728.3198,2969881,0.034521483,119544.83,102553,2.2621279
Geo17,9/6/21,184820,199490,0,6740,1.3636082,-1.4232225,2054.8318,2280.8882,0,79.266495,1891713.4,0.03485044,119544.83,6571,1.025719
Geo17,9/13/21,193394,124365,250545,14565,1.0672213,-0.13089892,2150.1577,1421.9392,2992.067,171.29324,2488983.2,0.035060015,119544.83,13871,1.0500325
Geo17,9/20/21,270319,334180,0,133189,-4.0096655,-0.40213275,3005.4111,3820.8794,0,1566.3835,1982052.8,0.03474674,119544.83,80375,1.6570948
Geo17,9/27/21,219227,190921,26301,121622,-0.058540024,-0.039449044,2437.3694,2182.9138,314.09268,1430.3486,1964328.4,0.035148717,119544.83,76451,1.590849
Geo17,10/4/21,256936,116504,0,135854,-3.8105812,-1.2785189,2856.6187,1332.0597,0,1597.7256,1499711.6,0.03461855,119544.83,81247,1.6721109
Geo17,10/11/21,315357,159192,206836,134283,-2.4227839,6.1011896,3506.1443,1820.1371,2470.084,1579.2496,3164741.8,0.034611855,119544.83,80865,1.6605824
Geo17,10/18/21,348503,104006,234380,0,3.5291657,-4.9229555,3874.662,1189.1627,2799.0208,0,2107104,0.034798283,119544.83,0,0
Geo17,10/25/21,350047,319381,75089,289657,6.7752666,0.06438047,3891.8281,3651.6736,896.7304,3406.5422,3630225.5,0.0348296,119544.83,108755,2.6633902
Geo17,11/1/21,209609,144806,108944,183304,-6.137146,2.9477727,2330.4363,1655.6534,1301.0347,2155.7664,2157671.8,0.034626067,119544.83,93679,1.9567245
Geo17,11/8/21,203265,301220,190365,202824,4.9972696,-5.2505684,2259.9036,3444.028,2273.3833,2385.3335,2469238.5,0.035279185,119544.83,97899,2.0717678
Geo17,11/15/21,234870,95398,40186,10038,2.5048409,-2.7817092,2611.2886,1090.7423,479.9106,118.05298,1922683.5,0.035046052,119544.83,9698,1.0350587
Geo17,11/22/21,271025,75890,64898,2206,-1.4593818,-1.8273304,3013.2603,867.6957,775.0271,25.9439,1893867.1,0.0346202,119544.83,2174,1.0147194
Geo17,11/29/21,317855,203993,0,110546,-7.2417793,1.0540192,3533.917,2332.3738,0,1300.0881,1473397.1,0.034942333,119544.83,72344,1.5280604
Geo17,12/6/21,379861,147138,229484,163020,-1.1622975,0.3113364,4223.301,1682.3165,2740.5515,1917.2142,2310362.2,0.035160646,119544.83,88949,1.8327357
Geo17,12/13/21,237713,223311,60897,136837,2.7937636,3.6954997,2642.897,2553.2478,727.2462,1609.2863,2848834.5,0.0349966,119544.83,81498,1.6790228
Geo17,12/20/21,185881,329814,386902,96544,7.35515,-4.171315,2066.628,3770.9602,4620.474,1135.4161,2550132.2,0.03528428,119544.83,66376,1.4545016
Geo17,12/27/21,324643,254534,74776,8313,0.303385,-3.027744,3609.3862,2910.239,892.9925,97.76593,1656389.5,0.034911007,119544.83,7922,1.0493562
Geo17,1/3/22,281523,300180,63224,109905,-5.339742,1.0149784,3129.9773,3432.137,755.03577,1292.5496,2366873,0.03481288,119544.83,72112,1.5240875
Geo17,1/10/22,325436,210695,144417,1428,-0.81125575,1.752088,3618.2026,2409.0017,1724.6616,16.794147,2883293.5,0.034693826,119544.83,1382,1.0332851
Geo17,1/17/22,260504,134130,0,4932,-2.968815,2.8051772,2896.2876,1533.5884,0,58.003315,2557234.5,0.034961443,119544.83,4870,1.012731
Geo17,1/24/22,484103,226499,249160,147099,3.3873904,2.7933264,5382.265,2589.6982,2975.527,1729.9736,2958343.2,0.034809574,119544.83,84788,1.7349036
Geo17,1/31/22,219956,86874,54409,115908,-4.644409,1.6104639,2445.4744,993.2823,649.765,1363.1484,2277447,0.034746397,119544.83,74376,1.558406
Geo17,2/7/22,202564,108739,280354,190008,5.4567976,-4.275784,2252.1099,1243.2778,3348.053,2234.6094,2438792.2,0.034810282,119544.83,95134,1.997267
Geo17,2/14/22,129512,301742,160157,300300,-4.0039206,-0.63600016,1439.9165,3449.9963,1912.6323,3531.7104,2106933.2,0.034803852,119544.83,109888,2.7327824
Geo17,2/21/22,235225,101611,101093,0,-1.4760624,-0.9032229,2615.2354,1161.7792,1207.2762,0,1639729,0.034779232,119544.83,0,0
Geo17,2/28/22,195742,75767,122915,167994,-3.640379,-0.9820846,2176.2627,866.2893,1467.8796,1975.7114,1706664.5,0.035005454,119544.83,90290,1.8606048
Geo17,3/7/22,343138,90572,114736,132268,-3.4492483,0.44716045,3815.014,1035.5637,1370.2041,1555.552,2137466.8,0.03491528,119544.83,80223,1.6487541
Geo17,3/14/22,313503,211386,207655,94420,-0.35411125,-3.7357993,3485.5315,2416.9023,2479.8645,1110.4365,1759092,0.035345342,119544.83,65408,1.4435543
Geo17,3/21/22,231631,259602,257329,234593,-3.4696388,-1.2249244,2575.277,2968.1846,3073.083,2758.956,1751950,0.034942817,119544.83,102829,2.2813895
Geo17,3/28/22,182654,39925,110480,35271,1.9958115,-0.2735758,2030.7501,456.48636,1319.378,414.80838,1755684.6,0.034851164,119544.83,30726,1.1479204
Geo17,4/4/22,304791,264860,193436,0,1.1142709,-0.6778261,3388.6714,3028.3025,2310.0579,0,2040013.6,0.034885064,119544.83,0,0
Geo17,4/11/22,284480,262684,99513,266157,4.407189,-2.7019548,3162.8533,3003.4229,1188.4075,3130.168,2623326.5,0.035033055,119544.83,106596,2.496876
Geo17,4/18/22,336569,150978,56981,168107,-6.7838945,1.2678201,3741.9795,1726.2216,680.4804,1977.0404,2016304.4,0.03452566,119544.83,90169,1.8643547
Geo17,4/25/22,216238,320178,161923,64214,-0.6133217,1.204998,2404.1377,3660.7861,1933.7223,755.1956,2521541.5,0.035197847,119544.83,49514,1.2968857
Geo17,5/2/22,264766,159904,224393,173674,-0.15175961,2.1628084,2943.6726,1828.2778,2679.7537,2042.5117,2546476.2,0.034828182,119544.83,91480,1.8984915
Geo17,5/9/22,173457,247929,118259,207768,6.442327,-0.29257485,1928.4977,2834.7202,1412.2766,2443.4778,2632110,0.034629244,119544.83,98361,2.1123006
Geo17,5/16/22,332448,172128,206213,108293,-0.9232116,-3.315038,3696.1624,1968.0421,2462.6438,1273.5914,2155049,0.03463881,119544.83,71268,1.5195179
Geo17,5/23/22,157599,165993,51827,157775,2.232009,3.9383206,1752.1882,1897.897,618.9302,1855.5298,3263073.5,0.035154846,119544.83,87423,1.804731
Geo17,5/30/22,296506,100313,11992,74343,-2.3736153,4.2310433,3296.5586,1146.9384,143.21127,874.31885,2280110.8,0.034768198,119544.83,55195,1.3469155
Geo17,6/6/22,206100,219613,185354,117515,3.3846855,6.063285,2291.423,2510.9666,2213.5408,1382.0477,3230158.5,0.035389103,119544.83,74999,1.5668876
Geo17,6/13/22,244761,171596,184714,53476,1.8555418,0.6866776,2721.2568,1961.9595,2205.8977,628.9102,2379160,0.03477788,119544.83,43187,1.238243
Geo17,6/20/22,296641,214769,40886,0,-1.4366524,-3.4501572,3298.0593,2455.582,488.27017,0,1561605.4,0.03485494,119544.83,0,0
Geo17,6/27/22,283970,89951,103907,122948,-0.85258394,-0.11808027,3157.183,1028.4635,1240.8817,1445.9431,1543056.5,0.03538336,119544.83,76932,1.5981386
Geo17,7/4/22,444259,225356,234941,53133,-6.896755,-1.7401018,4939.279,2576.6296,2805.7205,624.87634,1348736.9,0.03508642,119544.83,42740,1.243168
Geo17,7/11/22,312508,116734,142269,246280,-1.8243482,-5.7237787,3474.469,1334.6895,1699.0096,2896.4023,1082407.8,0.035220385,119544.83,104152,2.364621
Geo17,7/18/22,385133,185275,162609,183197,-1.6509485,-0.472159,4281.915,2118.3596,1941.9147,2154.508,2342963.8,0.035369527,119544.83,93918,1.9506059
Geo17,7/25/22,375837,0,218584,284437,0.09139486,5.0501575,4178.562,0,2610.3813,3345.1519,2714809,0.034784254,119544.83,108462,2.6224577
Geo17,8/1/22,312348,204058,86730,125670,2.3451772,-0.38202158,3472.6902,2333.117,1035.75,1477.9556,2218272,0.03544607,119544.83,77776,1.6157941
Geo17,8/8/22,288252,325762,157971,164916,-1.2103974,3.1106129,3204.7905,3724.6313,1886.5266,1939.5123,2792583.2,0.035250507,119544.83,89406,1.8445742
Geo17,8/15/22,142420,246099,119282,62628,3.2657619,-0.5488829,1583.4279,2813.7966,1424.4935,736.54333,2685079.2,0.0354653,119544.83,49077,1.2761171
Geo17,8/22/22,194541,227900,284981,106894,2.2430599,7.1941223,2162.91,2605.7168,3403.3098,1257.1383,3659158,0.034699064,119544.83,70582,1.5144655
Geo17,8/29/22,380537,306103,63594,35967,1.2114123,4.946722,4230.8164,3499.8582,759.4544,422.99377,2852873,0.03514597,119544.83,31146,1.1547872
Geo17,9/5/22,192512,197652,82087,208871,0.92166984,2.6805782,2140.3516,2259.8733,980.3021,2456.4497,2514106.2,0.03542111,119544.83,98855,2.1129026
Geo17,9/12/22,332842,122877,150840,158538,-1.0747151,-0.23332536,3700.5427,1404.926,1801.3666,1864.5032,2070062.9,0.034663357,119544.83,87744,1.8068244
Geo17,9/19/22,292470,255757,31461,203725,-2.4251785,-1.2697229,3251.6863,2924.2224,375.71463,2395.9297,2356648.5,0.035415698,119544.83,97792,2.0832481
Geo17,9/26/22,230500,126891,204184,91430,-1.570099,-0.91882324,2562.7026,1450.8206,2438.413,1075.2723,2421355.5,0.035281073,119544.83,64030,1.4279244
Geo17,10/3/22,372475,291702,201662,89426,-0.7159745,1.5927868,4141.183,3335.2031,2408.2947,1051.7041,2583281.8,0.03506194,119544.83,62777,1.4245026
Geo17,10/10/22,190135,85127,4287,181060,-2.6904802,1.8600521,2113.924,973.3078,51.196358,2129.3755,1864638,0.035242926,119544.83,93350,1.9395822
Geo17,10/17/22,287024,110548,125076,83506,0.095062256,-0.5385468,3191.1375,1263.9613,1493.6869,982.0813,1986792,0.035413183,119544.83,60108,1.389266
Geo17,10/24/22,326635,144637,182941,168804,4.706112,-2.8973756,3631.5332,1653.7211,2184.724,1985.2375,2482780,0.034728725,119544.83,90449,1.8662893
Geo17,10/31/22,231695,230094,249786,0,-2.6855657,3.659235,2575.9888,2630.802,2983.003,0,2261569,0.03468724,119544.83,0,0
Geo17,11/7/22,256908,181964,152935,121574,-5.8752966,-0.80801654,2856.3074,2080.503,1826.3855,1429.784,2095878.1,0.03501112,119544.83,76111,1.597325
Geo17,11/14/22,353651,249317,35219,236850,0.3204568,-3.4834328,3931.8975,2850.59,420.59354,2785.4998,1784666.4,0.034705352,119544.83,103168,2.29577
Geo17,11/21/22,267215,204791,138516,275872,-1.2074399,-1.9496136,2970.9006,2341.4978,1654.1904,3244.4224,2230681.5,0.035380423,119544.83,107640,2.5629134
Geo17,11/28/22,319211,262232,151374,60363,1.0010135,-2.6390142,3548.9932,2998.255,1807.7437,709.9055,1898652,0.035445414,119544.83,47105,1.2814564
Geo17,12/5/22,347609,135870,270660,147898,0.7986948,-1.7187924,3864.7224,1553.4828,3232.285,1739.3704,2347990,0.035116218,119544.83,84855,1.7429497
Geo17,12/12/22,199621,211596,312089,25372,0.88610655,0.99684095,2219.3894,2419.3032,3727.0398,298.39014,2801898,0.03535586,119544.83,22878,1.1090131
Geo17,12/19/22,311660,221528,192441,84853,-4.478718,-1.6386168,3465.041,2532.8618,2298.1755,997.9228,1975042.5,0.03495276,119544.83,60626,1.399614
Geo17,12/26/22,198807,55522,77787,235832,0.8796817,0.582667,2210.3394,634.81616,928.95056,2773.5276,2331535.8,0.03481549,119544.83,102881,2.2922795
Geo17,1/2/23,357026,272662,151057,105988,-3.4015713,-5.5506907,3969.421,3117.5073,1803.958,1246.4833,1503500.4,0.03486652,119544.83,69984,1.5144604
Geo17,1/9/23,344922,127898,88888,248436,-1.301162,-1.5811669,3834.8484,1462.3341,1061.5212,2921.7583,1889052,0.03524901,119544.83,104246,2.3831706
Geo17,1/16/23,289966,210527,224317,92780,1.318863,-3.2629142,3223.8467,2407.0808,2678.8462,1091.1492,2243330,0.03497663,119544.83,64352,1.4417578
Geo17,1/23/23,161489,198729,214346,0,-1.8218524,1.3739781,1795.4374,2272.1873,2559.77,0,1985950.5,0.035052426,119544.83,0,0
Geo17,1/30/23,347976,256263,116612,214230,-2.5475416,4.7355094,3868.8027,2930.0078,1392.6078,2519.4749,2875123.8,0.03530724,119544.83,99353,2.156251
Geo17,2/6/23,159137,102512,187111,239080,-0.25486657,-2.3913913,1769.2877,1172.0808,2234.5234,2811.726,2060316.4,0.03465762,119544.83,103519,2.3095276
Geo17,2/13/23,146056,384215,108995,133044,-2.3213937,0.44249398,1623.853,4392.9595,1301.6438,1564.6782,2135565,0.035455678,119544.83,80068,1.6616377
Geo17,2/20/23,262887,177139,203447,253645,1.217071,4.436806,2922.782,2025.3359,2429.6116,2983.0193,3240555.2,0.034519367,119544.83,105582,2.4023507
Geo17,2/27/23,155529,220793,125337,245235,-1.4991348,1.82889,1729.174,2524.458,1496.8037,2884.1125,2835979.8,0.035057846,119544.83,104432,2.3482745
Geo17,3/6/23,229870,282407,191876,159237,-3.023437,0.7516594,2555.6985,3228.9277,2291.428,1872.7239,2476025.8,0.035273615,119544.83,87944,1.8106636
Geo17,3/13/23,278870,187095,224440,48763,4.432009,2.7970603,3100.4812,2139.1687,2680.315,573.4825,3020054.2,0.034665965,119544.83,39844,1.223848
Geo17,3/20/23,185532,190686,79735,61305,-2.3904784,1.0201904,2062.7478,2180.2268,952.214,720.984,1755573.5,0.034711793,119544.83,47895,1.2799875
Geo17,3/27/23,173123,137733,78303,120259,-3.5454412,-4.751092,1924.7843,1574.7836,935.11273,1414.3188,1070362.5,0.035077743,119544.83,75841,1.5856726
Geo17,4/3/23,249227,236223,181524,75645,-5.1722474,-3.2111642,2770.91,2700.8784,2167.802,889.63116,1508750.9,0.034785964,119544.83,56157,1.3470271
Geo17,4/10/23,220590,42510,208615,0,0.5118151,0.23326175,2452.5232,486.0422,2491.329,0,2265886.2,0.034716535,119544.83,0,0
Geo17,4/17/23,205741,284604,77623,60431,2.8367553,1.5378287,2287.432,3254.0474,926.992,710.70526,2874580.8,0.035284698,119544.83,47184,1.280752
Geo17,4/24/23,267241,176346,93877,124710,-2.8475285,2.3744621,2971.1897,2016.269,1121.1011,1466.6653,2469525.5,0.035424665,119544.83,77674,1.6055566
Geo17,5/1/23,371889,116042,133758,163020,2.287058,-3.0296888,4134.668,1326.7775,1597.3693,1917.2142,2196541,0.03545214,119544.83,89095,1.8297323
Geo17,5/8/23,361142,277232,188941,0,-5.6128335,3.985077,4015.1826,3169.7588,2256.3777,0,2371050.8,0.03492061,119544.83,0,0
Geo17,5/15/23,358028,148810,261112,78512,-0.7976688,-4.8874617,3980.561,1701.4335,3118.2605,923.3488,1171546.8,0.03546571,119544.83,57404,1.3677095
Geo17,5/22/23,241882,214801,257053,122764,-0.41340214,1.0587561,2689.248,2455.948,3069.787,1443.7792,2472179.2,0.034982074,119544.83,76941,1.5955602
Geo17,5/29/23,147541,65013,117916,262906,-3.2510357,0.20502865,1640.3633,743.3324,1408.1804,3091.9343,1708398.6,0.03481411,119544.83,106265,2.47406
Geo17,6/5/23,171477,132197,272521,138810,0.87549734,-7.519296,1906.484,1511.4872,3254.5095,1632.4899,1406786.6,0.03488961,119544.83,82304,1.6865523
Geo17,6/12/23,241583,40717,101500,47620,-3.2663937,1.2484019,2685.9238,465.54175,1212.1367,560.0401,1489052.8,0.03452117,119544.83,39429,1.2077405
Geo17,6/19/23,350537,117820,286754,78824,-0.9110087,-0.002853029,3897.2761,1347.1063,3424.4834,927.0181,2164323,0.034879178,119544.83,57635,1.3676412
Geo17,6/26/23,292586,255886,114456,0,-9.355449,1.1677161,3252.9758,2925.6973,1366.8604,0,1059728.8,0.035455935,119544.83,0,0
Geo17,7/3/23,181694,282709,194537,139121,-3.3099453,1.6187868,2020.0768,3232.3806,2323.2063,1636.1475,2101143.8,0.035407163,119544.83,82144,1.6936234
Geo17,7/10/23,216566,138647,163127,60881,-0.17597115,-3.030429,2407.7842,1585.2339,1948.1008,715.99756,1689557.2,0.03523401,119544.83,47904,1.270896
Geo17,7/17/23,324081,13433,70903,160295,1.0672319,1.0711254,3603.1377,153.58751,846.74023,1885.1665,2510043.2,0.03530479,119544.83,88250,1.816374
Geo17,7/24/23,343630,134776,102053,348868,-2.0996752,-0.6828635,3820.484,1540.9745,1218.7408,4102.8994,1426766.4,0.034972064,119544.83,113090,3.0848703
Geo17,7/31/23,235528,221776,63526,103694,1.0351297,3.1008396,2618.604,2535.6973,758.64233,1219.5044,2925810,0.03499015,119544.83,69623,1.4893641
Geo17,8/7/23,206514,163815,198868,0,6.390013,3.670247,2296.026,1872.9946,2374.9282,0,3398139.2,0.035385337,119544.83,0,0
Geo17,8/14/23,222690,211680,121901,100107,2.4448411,-3.8325882,2475.871,2420.2637,1455.7703,1177.3191,1731698.1,0.03486659,119544.83,67678,1.479166
Geo17,8/21/23,511761,200100,110755,133977,2.251909,-3.2425885,5689.767,2287.8628,1322.6621,1575.6509,1977616.4,0.035249367,119544.83,80626,1.6617097
Geo17,8/28/23,344656,240082,241299,57042,-7.3686028,1.1128576,3831.891,2745.0007,2881.6492,670.8486,1854572.6,0.035335846,119544.83,45703,1.2481018
Geo17,9/4/23,150243,154928,118666,167049,-3.79219,3.6109142,1670.404,1771.3843,1417.1371,1964.5977,2646801.8,0.03501919,119544.83,90076,1.8545339
Geo17,9/11/23,156976,190303,258020,89805,-3.9829307,-0.66170955,1745.2617,2175.8477,3081.3352,1056.1614,1633068.2,0.0350096,119544.83,63138,1.4223605
Geo17,9/18/23,210036,167177,96257,140103,0.55086386,3.379681,2335.1836,1911.4344,1149.5236,1647.6964,2955841.5,0.034554757,119544.83,82606,1.6960391
Geo17,9/25/23,318718,177716,146811,109490,-0.3324431,2.385738,3543.512,2031.9331,1753.2513,1287.669,2925656.8,0.034909584,119544.83,71834,1.5242085
Geo17,10/2/23,340115,255024,45699,23956,6.8724346,1.022723,3781.404,2915.8416,545.74817,281.73712,3062833,0.03479642,119544.83,21845,1.0966353
Geo17,10/9/23,318337,304586,58266,254511,-2.7510705,-0.37019515,3539.276,3482.5134,695.8262,2993.2039,2285617.8,0.035467487,119544.83,105327,2.416389
Geo17,10/16/23,400307,190860,124354,76200,2.7277853,1.7060125,4450.6196,2182.2163,1485.0646,896.15826,3026838.2,0.035495777,119544.83,56513,1.3483623
Geo17,10/23/23,382179,0,181566,202893,-2.970376,5.1556683,4249.0723,0,2168.3037,2386.145,2748395,0.035394687,119544.83,97597,2.0788856
Geo17,10/30/23,393637,120026,110571,0,0.35571796,-0.5953126,4376.4624,1372.3289,1320.4647,0,2348374.2,0.03465645,119544.83,0,0
Geo17,11/6/23,206610,125417,3779,115326,1.7509055,0.9742422,2297.0933,1433.9674,45.129704,1356.3038,2278080.8,0.0351236,119544.83,74069,1.5570077
Geo17,11/13/23,224189,115183,204669,324925,4.0872326,0.19210297,2492.5369,1316.9559,2444.205,3821.3154,2970924.2,0.035361085,119544.83,111429,2.9159825
Geo17,11/20/23,259483,99966,73394,227166,0.22648707,0.82769233,2884.9363,1142.971,876.48834,2671.61,2943392.2,0.035300262,119544.83,101700,2.2336874
Geo17,11/27/23,217542,35023,192954,212949,7.25756,-5.186215,2418.6355,400.43884,2304.3018,2504.4097,2321155,0.03527261,119544.83,99434,2.1416116
Geo17,12/4/23,216686,52172,59597,121084,6.830553,-1.0235829,2409.1184,596.5136,711.7213,1424.0214,2942084.5,0.035488214,119544.83,75895,1.5954148
Geo17,12/11/23,213208,169846,0,80300,3.068897,3.359202,2370.45,1941.9507,0,944.3768,2919922,0.034928102,119544.83,58349,1.3762019
Geo17,12/18/23,426186,113413,0,280076,-5.570825,0.4571533,4738.343,1296.7185,0,3293.8638,2282490.5,0.03490106,119544.83,108035,2.592456
Geo17,12/25/23,236790,117727,213150,27813,-1.9810771,-3.0284724,2632.635,1346.0431,2545.487,327.09778,1567182.6,0.03458615,119544.83,24853,1.1191003
Geo17,1/1/24,249370,264544,21748,120775,-1.5927548,-4.0921397,2772.4998,3024.6895,259.7197,1420.3873,1643369.9,0.034829363,119544.83,76192,1.5851402
Geo17,1/8/24,183341,49802,176608,160822,0.5837904,-2.9065285,2038.3882,569.41595,2109.094,1891.3644,1507497.6,0.034579147,119544.83,88591,1.8153311
Geo17,1/15/24,275637,306384,106971,231785,0.98354876,-1.8750939,3064.5366,3503.071,1277.4727,2725.9324,1943231,0.035402544,119544.83,102160,2.268843
Geo18,1/25/21,2582698,922861,653117,0,-4.554981,1.939317,28714.479,10551.62,7799.676,0,16736263,0.034738503,856852.25,0,0
Geo18,2/1/21,1424830,1275632,962646,844147,-2.4009197,-0.91464186,15841.283,14585.062,11496.144,9927.682,12672171,0.034997724,856852.25,537734,1.5698227
Geo18,2/8/21,2497179,1203092,1632313,983807,-6.568867,-2.0330582,27763.676,13755.669,19493.463,11570.168,11119188,0.035262726,856852.25,584419,1.6833932
Geo18,2/15/21,2092802,1364530,0,129492,-1.1058478,0.55351585,23267.807,15601.485,0,1522.9045,16850318,0.035494152,856852.25,120140,1.0778425
Geo18,2/22/21,2114708,1677706,1351796,1199478,-6.1080623,1.7432332,23511.357,19182.213,16143.464,14106.59,15782249,0.03450339,856852.25,645360,1.8586185
Geo18,3/1/21,1822468,1571581,1363550,284879,0.12803218,4.717913,20262.229,17968.824,16283.833,3350.35,24460504,0.034614857,856852.25,241915,1.1775995
Geo18,3/8/21,1782881,1297389,2053602,1296504,3.7449384,0.07995778,19822.1,14833.822,24524.596,15247.675,23361890,0.03548979,856852.25,668123,1.940517
Geo18,3/15/21,397387,483782,1093652,1413149,-2.5235548,3.9289007,4418.1553,5531.368,13060.648,16619.49,18773966,0.034806,856852.25,691287,2.044229
Geo18,3/22/21,2782021,1249518,2641800,883927,-1.9575865,-9.043422,30930.555,14286.485,31548.994,10395.519,5995738,0.034676086,856852.25,551050,1.6040777
Geo18,3/29/21,1707064,1702580,1588792,1354406,1.7157007,2.5507727,18979.166,19466.613,18973.727,15928.637,24836248,0.0353401,856852.25,681112,1.9885217
Geo18,4/5/21,2948016,173488,931744,933073,1.2496091,-1.7020519,32776.09,1983.5918,11127.1045,10973.505,17877670,0.03523157,856852.25,568702,1.6407064
Geo18,4/12/21,2431743,1598429,1880996,1578031,-0.88286674,-2.6283097,27036.158,18275.793,22463.295,18558.604,15868495,0.034532342,856852.25,720975,2.1887457
Geo18,4/19/21,974973,1841643,1498540,780166,-0.57433873,0.99876666,10839.766,21056.604,17895.916,9175.226,18885262,0.03506146,856852.25,512403,1.5225633
Geo18,4/26/21,1845203,726201,1529115,692816,-2.7550235,2.3242624,20514.996,8303.09,18261.049,8147.937,18337008,0.03492947,856852.25,475315,1.4575934
Geo18,5/3/21,1149060,1861309,1290372,636656,4.741019,0.6485772,12775.268,21281.457,15409.924,7487.4614,20530820,0.035317063,856852.25,449105,1.4176105
Geo18,5/10/21,1461109,974579,604478,1913013,0.20946886,-1.4933966,16244.634,11142.943,7218.818,22498.195,14352968,0.03513516,856852.25,765166,2.500128
Geo18,5/17/21,2436201,1250708,884796,1131979,-4.57798,-2.6928983,27085.723,14300.091,10566.44,13312.761,11916415,0.03482571,856852.25,628387,1.8014042
Geo18,5/24/21,2393860,1880238,948253,1517410,0.38983807,2.0302584,26614.975,21497.883,11324.259,17845.664,18646460,0.03456373,856852.25,710971,2.1342783
Geo18,5/31/21,1856908,1023351,196006,1933377,2.24796,-2.0550551,20645.133,11700.583,2340.7495,22737.688,17620774,0.03513612,856852.25,767242,2.519905
Geo18,6/7/21,2294908,2072617,764423,1539674,1.9888599,2.7637677,25514.824,23697.467,9128.918,18107.502,23255392,0.03459061,856852.25,714234,2.1556997
Geo18,6/14/21,1539362,1122005,1915495,537668,-2.114623,1.35074,17114.652,12828.553,22875.29,6323.3022,18518154,0.034625966,856852.25,398846,1.3480592
Geo18,6/21/21,1405681,490185,496526,0,5.078186,1.1118872,15628.384,5604.5776,5929.6294,0,22197684,0.034754608,856852.25,0,0
Geo18,6/28/21,1375701,1800028,335799,1699463,2.0802429,0.19989212,15295.066,20580.795,4010.1902,19986.717,17049186,0.034600586,856852.25,738942,2.2998598
Geo18,7/5/21,2466016,1178891,927750,2033760,2.8262482,-2.618369,27417.205,13478.964,11079.407,23918.252,16529547,0.03454142,856852.25,777151,2.6169431
Geo18,7/12/21,1737192,815587,788592,721396,2.162851,-2.607705,19314.129,9325.093,9417.55,8484.055,15635780,0.035230827,856852.25,487773,1.4789585
Geo18,7/19/21,2142422,537513,1004642,256999,-2.0592048,6.3799996,23819.482,6145.707,11997.67,3022.4644,19320338,0.035446685,856852.25,222145,1.1568975
Geo18,7/26/21,823578,893271,1499158,1651873,1.4454455,-0.17400023,9156.554,10213.301,17903.295,19427.03,18061696,0.03486928,856852.25,732154,2.2561824
Geo18,8/2/21,688885,917398,1707292,1025616,0.8175872,2.5272026,7659.0347,10489.159,20388.88,12061.867,24718162,0.035367437,856852.25,598202,1.7144978
Geo18,8/9/21,2689848,1712434,1598347,0,1.0658506,2.3742018,29905.773,19579.28,19087.834,0,21946254,0.03475577,856852.25,0,0
Geo18,8/16/21,2340866,813029,1426523,1713713,4.0113287,-2.5621638,26025.785,9295.846,17035.871,20154.307,16330508,0.03515975,856852.25,740746,2.313496
Geo18,8/23/21,2300820,1121704,37374,0,4.1444607,-3.585351,25580.555,12825.111,446.32904,0,13679076,0.03456818,856852.25,0,0
Geo18,8/30/21,1815010,1345938,999682,230640,-2.4957247,-0.562663,20179.31,15388.912,11938.437,2712.4666,16025016,0.035465047,856852.25,202909,1.1366671
Geo18,9/6/21,729737,1283055,0,0,-1.8912431,-0.21912965,8113.228,14669.934,0,0,12925540,0.03532348,856852.25,0,0
Geo18,9/13/21,1520144,1533474,1404712,1162336,1.9916759,-3.7630339,16900.986,17533.123,16775.398,13669.777,15159310,0.035487052,856852.25,636707,1.825543
Geo18,9/20/21,842185,2410244,882676,1635193,-0.23328671,-1.5584607,9363.427,27557.758,10541.123,19230.863,17573558,0.035487473,856852.25,729822,2.2405367
Geo18,9/27/21,2468400,1323824,373548,517959,-0.18245247,-0.727575,27443.71,15136.069,4460.9976,6091.512,15806519,0.03451038,856852.25,388268,1.3340244
Geo18,10/4/21,1929648,808906,272896,1130693,3.254531,-3.8780966,21453.857,9248.705,3258.9878,13297.637,13700047,0.034539524,856852.25,627448,1.8020505
Geo18,10/11/21,2495918,1370544,1684606,433765,6.7473326,3.9657977,27749.656,15670.247,20117.959,5101.34,28661620,0.03515468,856852.25,339820,1.2764552
Geo18,10/18/21,1815182,1501360,1314680,215452,-2.5578809,1.9187132,20181.223,17165.945,15700.216,2533.8464,19700240,0.034734096,856852.25,191292,1.126299
Geo18,10/25/21,1844013,1375980,411695,600169,0.09128472,-3.6254315,20501.766,15732.4,4916.558,7058.352,17843708,0.035290178,856852.25,431214,1.3918124
Geo18,11/1/21,1873526,1699021,829682,176694,-1.9625058,0.65296113,20829.893,19425.922,9908.257,2078.0288,15885790,0.035475396,856852.25,159968,1.1045585
Geo18,11/8/21,2169884,1758984,1932644,386565,0.507631,-1.4438071,24124.805,20111.514,23080.086,4546.2393,16921548,0.03467202,856852.25,311987,1.239042
Geo18,11/15/21,1319660,1345285,390878,0,-2.431013,1.1399572,14672.001,15381.446,4667.9565,0,15402277,0.03546938,856852.25,0,0
Geo18,11/22/21,1715562,1706678,615065,662660,6.6168237,-2.242866,19073.646,19513.469,7345.25,7793.284,20034464,0.03523568,856852.25,461856,1.4347762
Geo18,11/29/21,2493711,1033491,0,1161579,0.41414052,1.1748438,27725.12,11816.52,0,13660.875,17815332,0.034984898,856852.25,636457,1.8250706
Geo18,12/6/21,2039797,1505361,1368407,966263,-1.8914671,-1.6995074,22678.496,17211.691,16341.837,11363.84,15959091,0.035019364,856852.25,579105,1.6685455
Geo18,12/13/21,1629183,987052,235096,892936,-0.03218988,-0.4710879,18113.283,11285.555,2807.5715,10501.47,15301404,0.03476002,856852.25,554918,1.6091315
Geo18,12/20/21,1695903,2044770,2614628,1048043,-1.8810296,2.9381704,18855.076,23379.076,31224.5,12325.622,21358054,0.034905955,856852.25,604649,1.7333081
Geo18,12/27/21,869865,1455017,1439274,758189,3.8512378,-1.0989592,9671.173,16636.078,17188.146,8916.763,18306770,0.03539276,856852.25,502747,1.5080925
Geo18,1/3/22,2474678,1247772,469711,549099,2.8006678,0.533362,27513.51,14266.521,5609.3984,6457.738,22732210,0.035265293,856852.25,404379,1.3578821
Geo18,1/10/22,1615004,2408587,450650,0,2.2961729,-4.779343,17955.64,27538.812,5381.7676,0,15712005,0.034796454,856852.25,0,0
Geo18,1/17/22,1354642,0,549151,839037,4.4484634,-0.84677577,15060.932,0,6558.09,9867.585,21265810,0.03484669,856852.25,535623,1.5664693
Geo18,1/24/22,3402038,1971194,891507,845420,-0.33115998,1.0774196,37823.914,22537.838,10646.585,9942.652,18784480,0.03489549,856852.25,538037,1.5713046
Geo18,1/31/22,1821366,358983,647715,758756,4.2305584,-0.1759071,20249.977,4104.467,7735.164,8923.432,21237128,0.03543533,856852.25,503479,1.5070261
Geo18,2/7/22,2576899,1079675,724787,1761633,3.1938934,-0.010913066,28650.004,12344.568,8655.576,20717.875,21209258,0.034901097,856852.25,747312,2.3572927
Geo18,2/14/22,1125786,795202,801789,1541105,0.5037986,-0.40408015,12516.507,9092.019,9575.151,18124.33,18780970,0.034829933,856852.25,715736,2.153175
Geo18,2/21/22,2090296,1376642,654622,874341,3.3034964,-0.17001733,23239.945,15739.97,7817.649,10282.781,16984926,0.034828927,856852.25,548250,1.5947852
Geo18,2/28/22,1483989,603801,766631,1436920,3.1084766,-3.3854876,16499.014,6903.617,9155.287,16899.053,14926915,0.03527644,856852.25,697010,2.0615487
Geo18,3/7/22,2610377,315682,1148157,1120264,-3.0001144,-2.6808813,29022.213,3609.3806,13711.56,13174.985,13303315,0.0352948,856852.25,625618,1.7906518
Geo18,3/14/22,2177582,1498271,943529,648305,-1.1708987,-2.5512085,24210.393,17130.627,11267.844,7624.4604,13125226,0.0352921,856852.25,454882,1.4252157
Geo18,3/21/22,1762945,1161283,1627358,886546,2.0303476,3.9451253,19600.451,13277.642,19434.29,10426.319,23453784,0.035103627,856852.25,551720,1.6068767
Geo18,3/28/22,1508465,252779,1694864,1707763,-4.188872,1.31792,16771.139,2890.173,20240.463,20084.33,12413561,0.03471185,856852.25,739606,2.3090172
Geo18,4/4/22,2400412,2596774,1320756,727142,0.98390996,-2.5008447,26687.82,29690.467,15772.777,8551.632,13595909,0.035362914,856852.25,489346,1.4859465
Geo18,4/11/22,1282018,2044956,0,1222172,-0.061508942,2.806683,14253.497,23381.203,0,14373.485,21893390,0.035473745,856852.25,650292,1.8794203
Geo18,4/18/22,2076228,1167118,1082378,815466,-3.114479,-1.2852358,23083.537,13344.356,12926.012,9590.375,14104209,0.03497769,856852.25,525702,1.5511944
Geo18,4/25/22,1918665,1914618,1912054,727670,1.667892,3.6665435,21331.748,21890.97,22834.195,8557.841,23902852,0.035060875,856852.25,490244,1.4843017
Geo18,5/2/22,2069910,539345,1113477,2165006,-3.2663112,2.5106373,23013.293,6166.6533,13297.402,25461.785,18698506,0.03529758,856852.25,788767,2.744798
Geo18,5/9/22,1488260,1593216,473428,828234,4.921791,0.2631783,16546.498,18216.19,5653.788,9740.535,18939250,0.034802306,856852.25,530426,1.5614506
Geo18,5/16/22,2068824,1256163,248273,1938741,-5.676586,5.000475,23001.219,14362.461,2964.9343,22800.771,22000364,0.03499902,856852.25,767263,2.526827
Geo18,5/23/22,1405511,1548776,1195055,1242792,-0.40323186,1.4028298,15626.494,17708.08,14271.626,14615.988,22037094,0.03523477,856852.25,655545,1.8958149
Geo18,5/30/22,1436560,843086,651397,456243,1.4228657,1.6967597,15971.697,9639.505,7779.1353,5365.695,19003502,0.034600206,856852.25,353617,1.290218
Geo18,6/6/22,2088123,1069566,13592,0,-4.567232,-5.940785,23215.785,12228.986,162.31885,0,4202591,0.03450593,856852.25,0,0
Geo18,6/13/22,1013372,1621288,1105182,418958,2.3890893,-0.01602618,11266.687,18537.152,13198.342,4927.2007,16872378,0.035263374,856852.25,331589,1.2634858
Geo18,6/20/22,1430983,571678,0,963165,-1.9580297,4.1083736,15909.692,6536.336,0,11327.405,20001442,0.035132587,856852.25,578500,1.6649352
Geo18,6/27/22,2087786,528118,1300314,125387,3.8607652,-1.8207289,23212.04,6038.288,15528.654,1474.6273,13621267,0.03528019,856852.25,116653,1.0748717
Geo18,7/4/22,2061201,1732332,537992,1413944,1.3674806,-0.5455979,22916.467,19806.785,6424.826,16628.84,16812850,0.03495397,856852.25,692335,2.042283
Geo18,7/11/22,2525593,290705,339296,674143,3.1230826,2.065265,28079.584,3323.8037,4051.9521,7928.331,20008116,0.034757715,856852.25,466616,1.444749
Geo18,7/18/22,2029034,2094497,917415,479402,-2.9779758,-1.2952302,22558.832,23947.635,10955.984,5638.0586,14984133,0.034845363,856852.25,366886,1.3066784
Geo18,7/25/22,1757580,572554,1657609,2174017,2.0877008,-0.5516859,19540.803,6546.3516,19795.555,25567.76,15891500,0.034680817,856852.25,789327,2.7542665
Geo18,8/1/22,1972933,785733,455958,580302,0.3492096,0.29157308,21935.102,8983.754,5445.157,6824.704,15160562,0.034968536,856852.25,422458,1.3736324
Geo18,8/8/22,2443061,2639334,899069,1298098,4.359475,1.2144095,27161.992,30177.08,10736.893,15266.421,22169822,0.034546696,856852.25,668128,1.9428881
Geo18,8/15/22,1650217,1773540,672067,584790,4.6851964,-2.125595,18347.139,20277.941,8025.9814,6877.4854,19320310,0.035010148,856852.25,423554,1.380674
Geo18,8/22/22,2509945,1203618,901977,927571,-1.3072088,-0.82434726,27905.61,13761.683,10771.62,10908.798,17820922,0.03497042,856852.25,566459,1.63749
Geo18,8/29/22,2072625,1653425,523933,334280,1.0361439,0.9905367,23043.479,18904.594,6256.9307,3931.336,18741780,0.035431255,856852.25,276743,1.2079077
Geo18,9/5/22,1737020,1962383,551957,1172628,-4.854995,-2.2698636,19312.217,22437.096,6591.5996,13790.817,10323024,0.034988437,856852.25,639216,1.8344785
Geo18,9/12/22,2155517,558487,1720821,1431748,0.08207697,-0.4775595,23965.072,6385.515,20550.447,16838.227,17161530,0.035032578,856852.25,695754,2.0578365
Geo18,9/19/22,1569824,1401549,879943,878262,-5.7643723,1.5055196,17453.328,16024.746,10508.485,10328.895,18400610,0.0347148,856852.25,549640,1.5978858
Geo18,9/26/22,974756,580172,673688,1138981,0.2879935,2.7776175,10837.353,6633.4526,8045.34,13395.108,23178604,0.035497203,856852.25,630624,1.8061174
Geo18,10/3/22,1972120,1756718,1086775,863968,6.294458,-1.4035208,21926.062,20085.605,12978.521,10160.788,20080202,0.034769557,856852.25,544720,1.5860772
Geo18,10/10/22,1123080,843147,1011937,1229363,-0.87658143,0.9112159,12486.422,9640.203,12084.788,14458.056,14999319,0.035406493,856852.25,652952,1.882777
Geo18,10/17/22,1477628,1400204,204396,612200,4.351892,-1.9126449,16428.293,16009.368,2440.9448,7199.8438,16460177,0.035124816,856852.25,437276,1.4000311
Geo18,10/24/22,2351165,1301226,1033064,1738141,1.7105954,2.3101323,26140.291,14877.693,12337.092,20441.594,22741660,0.03496806,856852.25,744232,2.3354828
Geo18,10/31/22,1369918,1428954,1347386,0,-0.29130787,5.7366333,15230.7705,16338.084,16090.799,0,21329928,0.03472602,856852.25,0,0
Geo18,11/7/22,1975205,1570032,475349,977108,-4.2432475,-2.3008711,21960.361,17951.113,5676.729,11491.384,14289897,0.035488006,856852.25,582409,1.6777008
Geo18,11/14/22,1873522,1273250,0,1446384,-2.0767765,-2.2152205,20829.848,14557.827,0,17010.354,12816208,0.034711756,856852.25,698703,2.0700984
Geo18,11/21/22,2054703,791314,602118,1299568,2.8146923,2.6744773,22844.22,9047.565,7190.634,15283.709,23257922,0.035252143,856852.25,669522,1.9410385
Geo18,11/28/22,1653827,2362870,625416,5268,0.6896523,-6.5561666,18387.275,27016.104,7468.8643,61.95488,8984399,0.034593113,856852.25,5186,1.0158118
Geo18,12/5/22,2646005,1931499,1797500,1501280,-3.1598635,2.0155716,29418.326,22083.98,21466.166,17655.965,20410842,0.034947094,856852.25,708369,2.1193473
Geo18,12/12/22,1795433,1744228,639787,1177585,3.175737,-1.5835193,19961.652,19942.799,7640.486,13849.115,19775088,0.034600534,856852.25,639791,1.8405776
Geo18,12/19/22,2399278,1466619,315934,586245,-1.9395764,4.6365347,26675.21,16768.73,3772.9578,6894.597,23599582,0.035468236,856852.25,425166,1.3788614
Geo18,12/26/22,1536838,1142844,1196167,1650231,1.4260051,0.49336886,17086.59,13066.817,14284.906,19407.719,19339724,0.03515881,856852.25,732080,2.2541676
Geo18,1/2/23,2586718,1044387,1961297,960876,4.2796803,0.0753925,28759.172,11941.1,23422.268,11300.485,22105148,0.034706,856852.25,577756,1.6631173
Geo18,1/9/23,653251,730402,1275110,1697422,-5.2866397,3.0174086,7262.855,8351.122,15227.662,19962.713,18290654,0.0353668,856852.25,738616,2.2981117
Geo18,1/16/23,1675726,818195,1145817,1631142,2.4945188,1.575475,18630.748,9354.912,13683.614,19183.22,23548320,0.03451009,856852.25,729125,2.2371225
Geo18,1/23/23,2542467,1025860,822264,576826,2.1807823,-0.016228255,28267.19,11729.27,9819.669,6783.824,18207284,0.034524076,856852.25,419314,1.3756421
Geo18,1/30/23,1706987,1880928,1377139,749594,-0.7918548,2.5900588,18978.309,21505.771,16446.115,8815.681,21934788,0.03461007,856852.25,499739,1.499971
Geo18,2/6/23,885056,1714956,814159,786552,1.6001526,2.7865624,9840.067,19608.115,9722.877,9250.329,21817716,0.03471731,856852.25,515542,1.5256798
Geo18,2/13/23,1626003,2371701,760256,1240286,-2.1227858,-2.5696387,18077.928,27117.072,9079.155,14586.517,12951746,0.034640178,856852.25,655198,1.8929942
Geo18,2/20/23,1612133,1250045,1903825,992451,4.0966177,6.783244,17923.72,14292.511,22735.924,11671.826,30471768,0.03546888,856852.25,588215,1.6872249
Geo18,2/27/23,1406399,1265710,771735,1493603,2.0292306,2.053204,15636.367,14471.618,9216.24,17565.678,23471624,0.035455756,856852.25,706171,2.1150727
Geo18,3/6/23,1680671,2004341,815916,1465226,1.8024321,-1.3198498,18685.727,22916.826,9743.859,17231.947,18687808,0.035165705,856852.25,702249,2.0864766
Geo18,3/13/23,2405847,1492484,1153600,0,0.38262695,1.1130304,26748.246,17064.46,13776.561,0,17979054,0.03467915,856852.25,0,0
Geo18,3/20/23,1673486,1109485,319927,254020,1.1175811,3.8304396,18605.844,12685.404,3820.643,2987.4294,19336122,0.034904476,856852.25,219575,1.1568712
Geo18,3/27/23,1491729,735641,969886,881365,0.9696243,11.356987,16585.066,8411.022,11582.605,10365.388,29171670,0.035210304,856852.25,550121,1.6021293
Geo18,4/3/23,1812418,1372470,1147927,1042348,3.0022216,4.032969,20150.492,15692.269,13708.8125,12258.6455,25737992,0.034764525,856852.25,602439,1.7302134
Geo18,4/10/23,2282358,1437114,2291384,0,-4.8866315,4.1273537,25375.293,16431.383,27364.244,0,19063918,0.03538678,856852.25,0,0
Geo18,4/17/23,1201585,1115340,129420,598428,-1.2281672,-2.3079154,13359.241,12752.348,1545.564,7037.877,14171575,0.03468265,856852.25,431203,1.3878103
Geo18,4/24/23,1797657,2137836,1665836,645162,-4.2663155,-2.916431,19986.379,24443.154,19893.803,7587.497,12073825,0.035085212,856852.25,453472,1.4227163
Geo18,5/1/23,2592976,909161,1334684,1375530,-0.99286777,-1.1309308,28828.75,10394.98,15939.108,16177.068,16606723,0.03525366,856852.25,685027,2.007994
Geo18,5/8/23,2381930,1675719,1192945,203485,-2.9740372,3.060836,26482.336,19159.496,14246.428,2393.1072,20042732,0.03474774,856852.25,181103,1.1235871
Geo18,5/15/23,2151888,1234588,1372188,704571,-2.1043265,-2.3707404,23924.727,14115.781,16386.99,8286.183,10594464,0.034612857,856852.25,480520,1.4662678
Geo18,5/22/23,1975953,1477183,1569328,1369586,1.5398004,1.220754,21968.678,16889.516,18741.281,16107.163,21201644,0.03496437,856852.25,683301,2.004367
Geo18,5/29/23,1369070,1347681,489630,1441499,-4.90409,3.284551,15221.343,15408.841,5847.276,16952.904,16348154,0.034956325,856852.25,697230,2.0674655
Geo18,6/5/23,1917782,1247816,2347359,711133,-2.1697114,1.1507221,21321.932,14267.025,28032.71,8363.356,17688600,0.03511388,856852.25,483162,1.4718314
Geo18,6/12/23,1989130,1533161,1033866,953270,0.51770043,-4.2122035,22115.18,17529.545,12346.67,11211.034,9103351,0.03485438,856852.25,574924,1.65808
Geo18,6/19/23,3049771,487207,662430,1119108,3.1552663,-4.4797044,33907.402,5570.5283,7910.894,13161.39,13499151,0.034642167,856852.25,624839,1.7910342
Geo18,6/26/23,2477246,473281,871518,0,3.8012347,2.1330655,27542.06,5411.304,10407.872,0,18813658,0.035145603,856852.25,0,0
Geo18,7/3/23,1030529,1390258,1095726,1016356,-1.9679707,-0.32653925,11457.438,15895.649,13085.416,11952.964,15217940,0.03490011,856852.25,594997,1.7081699
Geo18,7/10/23,2466151,1096657,1638946,196421,1.695341,-1.2191148,27418.707,12538.733,19572.676,2310.0303,16438463,0.03523409,856852.25,175129,1.1215789
Geo18,7/17/23,1657528,1011193,248237,803149,-2.7139769,3.2773685,18428.424,11561.573,2964.5044,9445.5205,19163990,0.03524524,856852.25,521354,1.5405061
Geo18,7/24/23,1220660,794130,1199497,869922,1.7966313,1.4876816,13571.317,9079.762,14324.674,10230.812,15048252,0.035112377,856852.25,546139,1.5928582
Geo18,7/31/23,1341875,969180,902552,564463,1.7976859,-2.4544206,14918.988,11081.213,10778.487,6638.4277,17221656,0.03451895,856852.25,413341,1.365611
Geo18,8/7/23,1713587,1968852,2015331,0,1.9077997,3.7540755,19051.688,22511.06,24067.555,0,23152076,0.034562707,856852.25,0,0
Geo18,8/14/23,1702470,1763978,1087168,1529477,-3.1260931,-2.7604911,18928.09,20168.613,12983.215,17987.578,11436706,0.03501381,856852.25,712953,2.1452703
Geo18,8/21/23,2246179,762014,608459,1664426,-3.6103299,0.25772884,24973.055,8712.561,7266.36,19574.66,15759349,0.0353943,856852.25,733965,2.2677186
Geo18,8/28/23,1213198,2661819,1648784,1536495,1.137579,3.2351851,13488.355,30434.164,19690.164,18070.115,24336240,0.035268653,856852.25,713876,2.1523275
Geo18,9/4/23,1554408,2220832,1831999,1013528,-3.1939173,0.70579267,17281.934,25392.098,21878.16,11919.705,19672102,0.03483321,856852.25,594376,1.7051967
Geo18,9/11/23,1559249,1679995,1619002,849038,-3.0193138,3.4849696,17335.756,19208.385,19334.5,9985.202,19077200,0.035343878,856852.25,538260,1.5773753
Geo18,9/18/23,1883052,860337,1248722,1430525,4.925036,0.2621717,20935.803,9836.746,14912.53,16823.844,24191204,0.035345323,856852.25,695976,2.0554228
Geo18,9/25/23,2075071,1142455,951440,825372,-2.5920322,-4.814754,23070.674,13062.37,11362.319,9706.876,12492782,0.03498319,856852.25,529142,1.5598308
Geo18,10/2/23,2056562,1438596,546558,816947,4.5444136,-1.5571401,22864.889,16448.326,6527.1235,9607.793,18169334,0.03501145,856852.25,526214,1.5524995
Geo18,10/9/23,1793242,1424982,815421,1792033,-1.077969,5.72275,19937.293,16292.67,9737.948,21075.396,25179550,0.034652624,856852.25,750639,2.3873434
Geo18,10/16/23,2625426,1591479,1226,947423,0.4371472,-1.6817486,29189.53,18196.328,14.641179,11142.27,16712115,0.034872327,856852.25,572999,1.6534462
Geo18,10/23/23,2008853,0,2226718,1234009,-3.96433,-2.8495495,22334.46,0,26591.986,14512.695,12069644,0.035290934,856852.25,653972,1.8869447
Geo18,10/30/23,2177255,1403672,427308,0,4.085275,-0.21789578,24206.756,16049.02,5103.012,0,20421366,0.034867343,856852.25,0,0
Geo18,11/6/23,821891,1720866,244848,1190315,2.4352589,2.0550568,9137.798,19675.688,2924.032,13998.827,19901586,0.035473112,856852.25,643348,1.8501884
Geo18,11/13/23,2365974,1021836,1374862,882705,-3.2220216,-1.2825706,26304.938,11683.261,16418.924,10381.146,14454449,0.03497967,856852.25,551022,1.6019415
Geo18,11/20/23,1775591,1362248,678154,1204511,-1.5408211,2.2577596,19741.049,15575.395,8098.674,14165.781,22114878,0.034606576,856852.25,646740,1.8624346
Geo18,11/27/23,1550323,866923,1914884,730585,1.8941467,-3.3893113,17236.516,9912.048,22867.992,8592.123,14986164,0.035488483,856852.25,491262,1.4871596
Geo18,12/4/23,1175567,1080134,637219,755216,3.6032386,0.08732574,13069.973,12349.816,7609.8184,8881.799,21472378,0.03489805,856852.25,502394,1.5032345
Geo18,12/11/23,1497886,520810,0,1372533,-2.7315965,2.650073,16653.521,5954.7314,0,16141.821,18779070,0.034524027,856852.25,683749,2.0073638
Geo18,12/18/23,2258385,2031238,712179,916906,-2.7216902,5.6773243,25108.762,23224.355,8505.008,10783.371,25731740,0.034957234,856852.25,562933,1.6288013
Geo18,12/25/23,2076410,1314483,1680877,515478,1.4632751,1.6168588,23085.56,15029.269,20073.426,6062.3345,19206214,0.03488695,856852.25,388556,1.3266505
Geo18,1/1/24,2530296,1230214,0,446961,-1.555119,0.6051338,28131.871,14065.7705,0,5256.5327,16901688,0.034692917,856852.25,347801,1.2851056
Geo18,1/8/24,946695,351198,1537708,1651625,0.52650076,5.295711,10525.37,4015.4563,18363.668,19424.113,21553568,0.034707323,856852.25,732115,2.2559638
Geo18,1/15/24,2415999,2758301,647724,1448241,0.19459519,-4.654639,26861.115,31537.3,7735.2715,17032.193,10977840,0.03496621,856852.25,698540,2.0732398
Geo19,1/25/21,2304498,753260,255735,0,-2.8619604,0.74403,25621.445,8612.471,3054.047,0,17849746,0.03453173,987610,0,0
Geo19,2/1/21,2036626,1433122,1656609,938036,0.9394839,-0.53266835,22643.24,16385.738,19783.611,11031.873,17027388,0.035211585,987610,605984,1.547955
Geo19,2/8/21,2946513,1484241,1975205,1187393,4.5535164,1.8662119,32759.379,16970.213,23588.36,13964.463,25654618,0.035495616,987610,690346,1.7199969
Geo19,2/15/21,2948253,624770,969334,0,1.8117067,-2.4509087,32778.727,7143.368,11576.014,0,18059886,0.035120018,987610,0,0
Geo19,2/22/21,2416414,1969395,1989864,1008498,0.109271556,2.3930342,26865.73,22517.268,23763.422,11860.549,23728090,0.03457192,987610,631449,1.5971171
Geo19,3/1/21,1030811,2631972,1261697,1187997,0.18969038,3.632058,11460.573,30092.906,15067.48,13971.566,25091764,0.034692332,987610,691141,1.7188923
Geo19,3/8/21,3107140,613876,1264778,597556,3.9584384,0.29740015,34545.234,7018.8105,15104.274,7027.6216,24773914,0.03510912,987610,448755,1.3315862
Geo19,3/15/21,145045,818435,2210022,777941,-1.2037435,1.7826588,1612.6127,9357.655,26392.6,9149.059,18286346,0.03519223,987610,538209,1.4454255
Geo19,3/22/21,3156903,736096,2494077,462217,-1.0679984,4.75165,35098.5,8416.225,29784.852,5435.9526,21862610,0.035169974,987610,368939,1.2528276
Geo19,3/29/21,3691388,622710,1530056,1293837,-0.054874275,7.20288,41040.91,7119.815,18272.287,15216.309,29705918,0.035041634,987610,721558,1.7931157
Geo19,4/5/21,2597756,418682,211174,85475,5.026513,-1.0075691,28881.893,4787.041,2521.8894,1005.2379,22041684,0.03544144,987610,81228,1.052285
Geo19,4/12/21,1630584,1547625,956632,2037905,4.083671,2.9554057,18128.86,17694.92,11424.323,23967,26780436,0.034507416,987610,862134,2.3637915
Geo19,4/19/21,2115417,1999684,738455,675648,0.8955779,-5.9202423,23519.24,22863.58,8818.803,7946.031,12501894,0.034652904,987610,488995,1.3817074
Geo19,4/26/21,3405990,1678067,613574,905419,-6.9302235,3.5768552,37867.85,19186.342,7327.4443,10648.277,17150708,0.034744274,987610,593369,1.5258954
Geo19,5/3/21,2902132,2546998,1530891,561787,5.2230625,-0.3652892,32265.951,29121.348,18282.258,6606.9565,23182074,0.034778107,987610,428385,1.3114069
Geo19,5/10/21,507500,1451193,882724,1118729,-3.8778658,-5.7950816,5642.393,16592.355,10541.696,13156.933,8361208.5,0.035298165,987610,670114,1.6694608
Geo19,5/17/21,2086951,1909306,1200260,0,3.2534688,0.20210485,23202.756,21830.234,14333.786,0,21395008,0.03469734,987610,0,0
Geo19,5/24/21,3275205,3033577,1547821,1746029,0.21488754,-0.687975,36413.78,34684.695,18484.44,20534.361,17953458,0.035437457,987610,819451,2.1307302
Geo19,5/31/21,1988167,1080461,313892,1807692,0.73020935,-0.30669132,22104.473,12353.556,3748.5718,21259.557,20591108,0.03454471,987610,828840,2.1809902
Geo19,6/7/21,3318102,1139824,1829630,2408587,1.9107363,2.8955438,36890.71,13032.288,21849.87,28326.445,25388378,0.03470287,987610,901460,2.6718733
Geo19,6/14/21,2713862,2118403,2009451,2164596,-3.1269135,-1.6397762,30172.762,24220.965,23997.334,25456.963,17529950,0.035092328,987610,877518,2.4667256
Geo19,6/21/21,2299094,853506,558898,274250,-2.3014438,-4.4318247,25561.365,9758.644,6674.4907,3225.3467,14549712,0.034702227,987610,239306,1.1460222
Geo19,6/28/21,1722333,1702971,373960,466468,0.11337012,-3.3887367,19148.926,19471.084,4465.918,5485.947,13137166,0.035346262,987610,371153,1.2568078
Geo19,7/5/21,2971324,1996699,894741,2253092,1.1890845,2.110805,33035.227,22829.451,10685.206,26497.73,23030236,0.03459314,987610,886924,2.540344
Geo19,7/12/21,2044012,931552,1604246,295454,3.1380062,4.720913,22725.36,10650.99,19158.281,3474.7185,26333010,0.034721047,987610,255141,1.1580029
Geo19,7/19/21,3011421,600824,1326754,799380,-6.5175676,1.4144967,33481.027,6869.579,15844.406,9401.194,11105174,0.034872986,987610,548508,1.4573716
Geo19,7/26/21,1321248,264395,1464963,657460,-1.093049,-2.789055,14689.656,3022.9858,17494.932,7732.129,14560694,0.035282787,987610,479802,1.3702736
Geo19,8/2/21,1594294,1974877,1317657,1431982,-1.1343466,-4.993862,17725.387,22579.947,15735.769,16840.979,16937964,0.034889143,987610,755517,1.895367
Geo19,8/9/21,4238948,1951119,2069310,23328,1.4243635,8.775901,47128.69,22308.309,24712.184,274.35144,32004458,0.034628905,987610,22728,1.0263991
Geo19,8/16/21,1829694,1500268,1598570,1029304,-1.8255397,-5.853663,20342.568,17153.459,19090.496,12105.24,9914492,0.03534082,987610,639701,1.6090392
Geo19,8/23/21,1657220,739797,0,0,-0.80644065,-2.9169776,18424.998,8458.541,0,0,10860610,0.034718014,987610,0,0
Geo19,8/30/21,2897706,1141646,861753,837509,-3.9820912,2.3555312,32216.742,13053.12,10291.256,9849.614,19923450,0.03546384,987610,564607,1.4833486
Geo19,9/6/21,2084951,1504711,0,0,4.7381477,-2.539605,23180.52,17204.258,0,0,17181052,0.034613617,987610,0,0
Geo19,9/13/21,1595642,654793,2608848,1560579,-2.2611282,-1.0471935,17740.373,7486.639,31155.473,18353.357,17701860,0.034942213,987610,783838,1.9909458
Geo19,9/20/21,1310774,3917488,784574,1092445,-5.7096777,-2.4732084,14573.207,44790.977,9369.566,12847.816,14884508,0.034527395,987610,660723,1.6534084
Geo19,9/27/21,2940948,2047065,1578564,1339680,-2.625525,2.0170293,32697.508,23405.316,18851.58,15755.45,19586838,0.034861542,987610,733304,1.8269094
Geo19,10/4/21,1962688,1432908,490179,1415790,-0.70530355,-0.68292916,21821.197,16383.292,5853.832,16650.55,17818284,0.035379805,987610,751122,1.8849002
Geo19,10/11/21,3706768,1225914,2193031,943977,-1.0347867,-0.5723136,41211.906,14016.606,26189.69,11101.743,21650500,0.034698848,987610,608186,1.5521189
Geo19,10/18/21,2599801,1072691,947701,258449,-1.4615086,-1.4171976,28904.629,12264.716,11317.667,3039.5173,18909150,0.035495147,987610,228151,1.132798
Geo19,10/25/21,1880337,1491760,1130290,1274352,5.4048963,-5.916139,20905.617,17056.182,13498.1875,14987.153,22239494,0.03473985,987610,715440,1.7812144
Geo19,11/1/21,2238743,1052423,849668,1328390,7.4169517,4.9880958,24890.38,12032.98,10146.934,15622.673,30554226,0.034818493,987610,730433,1.8186336
Geo19,11/8/21,1389848,1833212,1506191,1336092,4.8672256,-2.8937054,15452.353,20960.207,17987.285,15713.253,22150340,0.03497351,987610,732114,1.8249781
Geo19,11/15/21,1409715,1444566,326043,0,-1.8136897,-3.3601706,15673.234,16516.586,3893.682,0,13183361,0.035001714,987610,0,0
Geo19,11/22/21,3271100,1264222,1125431,0,0.034508903,-3.4095576,36368.145,14454.6045,13440.16,0,16936632,0.034523945,987610,0,0
Geo19,11/29/21,3451801,1388033,43144,1301209,1.7104497,-3.5129614,38377.18,15870.21,515.2357,15303.008,15567829,0.03527681,987610,723450,1.7986164
Geo19,12/6/21,2602061,2071981,2673759,1493863,-0.5968317,3.1603956,28929.756,23690.195,31930.656,17568.736,25731132,0.034648836,987610,770077,1.9398879
Geo19,12/13/21,1468400,796110,1302871,857745,-2.8919744,2.5768242,16325.695,9102.4,15559.19,10087.603,18876748,0.03451131,987610,573267,1.49624
Geo19,12/20/21,1915346,1295097,2752611,1350316,0.1761889,0.90387064,21294.848,14807.617,32872.324,15880.536,21926286,0.03509526,987610,736567,1.8332561
Geo19,12/27/21,2425122,1679237,1493656,765340,2.0481257,1.0620208,26962.545,19199.719,17837.59,9000.863,21386558,0.035020035,987610,532716,1.4366754
Geo19,1/3/22,2199057,2197068,1750252,982825,3.8694596,-2.02118,24449.15,25120.389,20901.918,11558.619,24435116,0.035040375,987610,622719,1.5782801
Geo19,1/10/22,2787759,1611761,2133598,306992,3.0063891,0.395316,30994.35,18428.225,25479.926,3610.4124,26763812,0.0347583,987610,263427,1.1653779
Geo19,1/17/22,2261339,107705,1598550,783619,-0.22727498,-0.47014946,25141.604,1231.4556,19090.258,9215.835,21796706,0.034991644,987610,541156,1.4480464
Geo19,1/24/22,3291867,2511919,90258,456778,3.7620764,-1.2541089,36599.03,28720.27,1077.8822,5371.987,19363800,0.035192035,987610,366209,1.247315
Geo19,1/31/22,1202692,575525,1530159,839150,-0.24632788,-0.17748247,13371.549,6580.321,18273.518,9868.914,22160730,0.03461652,987610,565264,1.4845276
Geo19,2/7/22,2219608,1716188,1217167,1012874,-1.0274758,-0.13335705,24677.639,19622.201,14535.693,11912.014,19643408,0.03476761,987610,633659,1.5984528
Geo19,2/14/22,1493870,282496,1790146,1083084,3.7251258,-2.697016,16608.871,3229.9453,21378.342,12737.726,19919278,0.035174787,987610,657246,1.6479126
Geo19,2/21/22,2099356,732608,572691,405387,3.3664076,-1.4472325,23340.674,8376.345,6839.21,4767.597,15661535,0.03476304,987610,332593,1.2188681
Geo19,2/28/22,2330458,1015264,1218959,650281,0.91641486,-3.2987015,25910.07,11608.119,14557.094,7647.6997,14536777,0.034805458,987610,476440,1.364875
Geo19,3/7/22,1909372,524704,2009131,1565105,-1.6710045,-3.7469668,21228.43,5999.254,23993.512,18406.586,15599350,0.035085596,987610,785017,1.9937211
Geo19,3/14/22,2011686,890354,1363676,1492409,2.1809735,1.8767813,22365.957,10179.948,16285.338,17551.637,23491720,0.034758665,987610,769915,1.9384075
Geo19,3/21/22,1879996,1945766,2072557,787118,-0.68883395,-0.3322131,20901.826,22247.104,24750.96,9256.985,18636242,0.03525874,987610,542171,1.4517891
Geo19,3/28/22,2425431,244504,298152,867949,5.9023986,-1.6437696,26965.98,2795.56,3560.6008,10207.607,16681314,0.034928672,987610,577443,1.5030904
Geo19,4/4/22,2402995,2045706,1601741,658770,0.8031299,-0.07896421,26716.537,23389.777,19128.365,7747.535,18961318,0.03519462,987610,481749,1.3674549
Geo19,4/11/22,2174979,1562881,978273,1512957,0.9312596,4.6208587,24181.451,17869.352,11682.765,17793.293,27647990,0.034763854,987610,774952,1.9523236
Geo19,4/18/22,2884820,1281923,1609738,2305639,-1.4719436,1.3711479,32073.475,14656.99,19223.867,27115.715,21036590,0.034672163,987610,891821,2.585316
Geo19,4/25/22,2408366,1866983,169099,49549,1.4797705,3.4800017,26776.252,21346.33,2019.4198,582.7263,23864892,0.035224557,987610,48417,1.0233802
Geo19,5/2/22,2011431,1075769,1926156,982192,-1.0135306,2.468081,22363.123,12299.909,23002.605,11551.175,21215086,0.03539799,987610,622675,1.577375
Geo19,5/9/22,1116751,2382801,704451,562609,3.469037,1.0625384,12416.056,27243.986,8412.719,6616.6235,19745996,0.035338502,987610,428117,1.3141477
Geo19,5/16/22,2755579,2059061,811047,1662811,-3.8941646,7.143029,30636.572,23542.473,9685.713,19555.668,26694474,0.034810893,987610,803906,2.0684147
Geo19,5/23/22,2642569,1931651,1390053,1187630,-2.2640054,-2.2207813,29380.125,22085.719,16600.338,13967.25,19913536,0.034586318,987610,690802,1.7192047
Geo19,5/30/22,3012022,1033228,421067,629051,-4.698915,-7.0408916,33487.71,11813.513,5028.4805,7398.022,6913274,0.035458725,987610,465876,1.3502542
Geo19,6/6/22,2312644,1278618,467199,570575,3.9485145,-4.1557155,25712.014,14619.202,5579.4,6710.3086,15000570,0.035240777,987610,433378,1.3165759
Geo19,6/13/22,1681350,1622851,2323214,321247,-2.028009,-0.41323382,18693.277,18555.023,27744.365,3778.0598,15377398,0.035017464,987610,273913,1.1728067
Geo19,6/20/22,1670481,1791339,546946,757895,5.0945516,-0.4453303,18572.436,20481.447,6531.757,8913.306,21856646,0.035097994,987610,529073,1.4324961
Geo19,6/27/22,1511398,979604,965358,358924,-2.2765512,4.6891656,16803.748,11200.397,11528.531,4221.164,16566251,0.03512086,987610,301683,1.1897389
Geo19,7/4/22,2218264,2091164,1176700,304844,0.10488504,0.8940999,24662.695,23909.525,14052.427,3585.1506,18929432,0.035365436,987610,263007,1.1590718
Geo19,7/11/22,2542882,1391448,1072220,1714933,4.2325807,-4.4846907,28271.803,15909.255,12804.702,20168.654,15794127,0.03534964,987610,813067,2.1092148
Geo19,7/18/22,2335855,1617611,652826,724844,0.14311628,-1.4907907,25970.074,18495.111,7796.2007,8524.605,18483680,0.035036,987610,512511,1.4142994
Geo19,7/25/22,3256774,0,1755044,1641627,-4.925605,-3.5536337,36208.867,0,20959.146,19306.531,9750304,0.034980994,987610,800946,2.0496101
Geo19,8/1/22,2887270,848490,1659939,1946470,-1.8223498,-2.908394,32100.715,9701.293,19823.379,22891.67,13778012,0.035404496,987610,849985,2.2900052
Geo19,8/8/22,2402153,1905655,957960,1907391,-1.6419411,0.38790154,26707.176,21788.49,11440.183,22432.076,21258784,0.034684375,987610,844557,2.2584515
Geo19,8/15/22,1586280,572400,1089192,213822,0.8460007,-0.6620002,17636.287,6544.591,13007.386,2514.6765,20459966,0.035335273,987610,192076,1.1132156
Geo19,8/22/22,2331154,1136001,1650778,1026822,5.004815,-0.40278473,25917.809,12988.577,19713.977,12076.051,24744688,0.035354644,987610,638396,1.6084405
Geo19,8/29/22,3483225,1984351,1637166,0,-3.3446124,-2.0512345,38726.55,22688.27,19551.42,0,12842373,0.034582328,987610,0,0
Geo19,9/5/22,2139410,2352924,409152,1405566,-2.916394,0.6183252,23785.994,26902.385,4886.189,16530.31,16882926,0.035336673,987610,749568,1.8751681
Geo19,9/12/22,2506938,1615482,2337793,645418,6.3955336,0.6257844,27872.178,18470.77,27918.47,7590.508,24108782,0.034548733,987610,474009,1.3616155
Geo19,9/19/22,1809388,2177832,10626,2095432,0.82653254,0.02047917,20116.805,24900.453,126.89818,24643.553,23942372,0.035014853,987610,870230,2.407906
Geo19,9/26/22,2155564,851509,2786226,730839,-6.3882065,-4.447795,23965.596,9735.811,33273.76,8595.11,13130133,0.035177674,987610,516044,1.4162339
Geo19,10/3/22,2986037,2064190,1188591,1621978,-1.7721682,-0.9094174,33198.81,23601.115,14194.432,19075.447,18115782,0.03466348,987610,796681,2.035919
Geo19,10/10/22,1304713,1776491,837267,366798,-2.4150167,-5.01976,14505.82,20311.682,9998.838,4313.767,9152921,0.03519186,987610,306781,1.1956347
Geo19,10/17/22,1792622,728178,0,397973,-1.4285489,0.6735189,19930.4,8325.693,0,4680.4043,15494516,0.03497018,987610,327848,1.2138948
Geo19,10/24/22,2841597,518039,1685988,2430542,-0.8612355,-4.2796583,31592.922,5923.049,20134.463,28584.65,15475826,0.03498406,987610,903532,2.6900454
Geo19,10/31/22,2274262,2474196,1362824,971486,2.5137072,0.6613792,25285.281,28288.959,16275.163,11425.266,20534880,0.035490848,987610,617952,1.5721059
Geo19,11/7/22,2739438,2149393,582411,1258578,1.330099,1.5553665,30457.115,24575.293,6955.2886,14801.642,25925788,0.034869693,987610,711511,1.7688806
Geo19,11/14/22,1595268,2536096,185281,1788179,1.5501691,2.5227451,17736.215,28996.7,2212.669,21030.07,22921422,0.03509883,987610,825998,2.164871
Geo19,11/21/22,1975588,1290003,595164,2579565,-4.2591953,2.309155,21964.62,14749.374,7107.588,30337.252,20048362,0.035040695,987610,915218,2.8185253
Geo19,11/28/22,1997941,2488971,852821,0,-4.1105566,1.1175349,22213.14,28457.89,10184.588,0,15320251,0.035230137,987610,0,0
Geo19,12/5/22,3159236,2187741,1646387,751486,4.4946747,-0.5140929,35124.438,25013.748,19661.54,8837.932,24316918,0.03533001,987610,525837,1.4291235
Geo19,12/12/22,1046787,1944294,689428,0,2.669353,1.6814885,11638.195,22230.273,8233.311,0,24891150,0.035340723,987610,0,0
Geo19,12/19/22,2565508,1859272,1076932,1086681,4.292194,-2.1020262,28523.36,21258.166,12860.974,12780.028,22170776,0.03547443,987610,659044,1.6488748
Geo19,12/26/22,880189,1206414,302355,1286531,-4.2789536,-0.8091898,9785.955,13793.651,3610.7942,15130.386,14165212,0.035393734,987610,719304,1.7885776
Geo19,1/2/23,3210302,2151834,284876,1214304,2.0237207,1.7677186,35692.19,24603.203,3402.056,14280.952,23225314,0.03454719,987610,698118,1.7393965
Geo19,1/9/23,2616778,306829,418416,2108024,-7.7922006,3.300991,29093.38,3508.159,4996.822,24791.643,15519124,0.03545187,987610,870336,2.4220808
Geo19,1/16/23,2017816,795113,327319,1167520,0.10419296,5.658712,22434.111,9091.001,3908.9202,13730.744,27455602,0.034613438,987610,684789,1.7049339
Geo19,1/23/23,1964958,1771820,2238331,0,-4.3305054,3.5297403,21846.436,20258.275,26730.672,0,18671490,0.034938723,987610,0,0
Geo19,1/30/23,2398467,2587100,1034116,2078113,1.5182834,-0.8235768,26666.195,29579.857,12349.655,24439.871,22243366,0.03522524,987610,866880,2.3972325
Geo19,2/6/23,1587834,1241464,2197558,1191785,-1.7376813,-1.2048465,17653.564,14194.398,26243.752,14016.115,17318152,0.034771256,987610,692464,1.7210786
Geo19,2/13/23,1844376,2634997,0,1386785,-8.275093,0.28272834,20505.803,30127.492,0,16309.434,13331565,0.03491248,987610,745556,1.8600682
Geo19,2/20/23,1576599,884709,1747324,1715963,2.3793807,-0.8965643,17528.652,10115.406,20866.951,20180.768,23501464,0.034689575,987610,814483,2.1068125
Geo19,2/27/23,1790808,820248,1084369,1629417,-0.04846657,-0.21483676,19910.232,9378.385,12949.788,19162.934,21549174,0.034763448,987610,797810,2.0423622
Geo19,3/6/23,2136126,2717668,1307764,1598108,-5.2252107,-2.1937718,23749.484,31072.72,15617.624,18794.72,16376181,0.03480403,987610,791600,2.0188327
Geo19,3/13/23,2029339,1875138,1541048,6577,0.51505506,-0.29151005,22562.225,21439.572,18403.555,77.34952,18296000,0.03540105,987610,6480,1.0149691
Geo19,3/20/23,1074514,2475430,535417,230579,-0.8986157,2.1803436,11946.464,28303.068,6394.075,2711.749,17077940,0.034844976,987610,205705,1.1209208
Geo19,3/27/23,1248425,2259719,908793,335387,1.0237774,2.0079508,13880.01,25836.715,10853.019,3944.3547,19056860,0.035068568,987610,283788,1.1818223
Geo19,4/3/23,2621234,2584868,1117479,242107,3.9465473,4.9101305,29142.922,29554.338,13345.195,2847.3254,27853688,0.034816846,987610,214774,1.127264
Geo19,4/10/23,3011934,605480,1942290,0,-0.5887359,-0.4517961,33486.73,6922.814,23195.281,0,18054750,0.03467916,987610,0,0
Geo19,4/17/23,2318450,2312934,309111,703237,3.340906,1.4781859,25776.564,26445.154,3691.4758,8270.494,24881726,0.03490851,987610,503110,1.3977798
Geo19,4/24/23,3032021,1433296,1259801,156043,-5.096823,1.6790854,33710.06,16387.729,15044.838,1835.1604,17915774,0.034754917,987610,144857,1.077221
Geo19,5/1/23,2578608,859432,2412508,1575661,0.2674542,3.7328234,28669.006,9826.398,28810.734,18530.73,25135714,0.03545644,987610,787491,2.0008621
Geo19,5/8/23,2461138,1108116,872224,0,-6.2942057,1.1228518,27362.973,12669.752,10416.303,0,16035352,0.03523116,987610,0,0
Geo19,5/15/23,3092380,1044997,2056693,731954,-0.10908879,-4.6945944,34381.133,11948.074,24561.51,8608.224,10807775,0.035043858,987610,517503,1.4143957
Geo19,5/22/23,1691314,1028014,1732217,143727,-1.2474918,2.6206126,18804.057,11753.897,20686.541,1690.3168,19394502,0.03452362,987610,134193,1.071047
Geo19,5/29/23,2489703,1746410,1775353,2066564,4.226962,-3.9824276,27680.559,19967.748,21201.682,24304.047,17021884,0.034674473,987610,866047,2.386203
Geo19,6/5/23,738558,1429831,1766577,938716,2.9524822,4.846881,8211.3,16348.111,21096.875,11039.87,26659558,0.035097487,987610,605654,1.5499213
Geo19,6/12/23,1887508,229877,951320,571831,-0.84831583,-2.7988682,20985.344,2628.3208,11360.886,6725.08,10889017,0.03506382,987610,434167,1.3170762
Geo19,6/19/23,2422405,445502,1365933,179195,-3.8867583,-0.10213791,26932.338,5093.6904,16312.291,2107.4421,14537935,0.034798246,987610,164548,1.0890136
Geo19,6/26/23,2933094,930651,873660,945034,-3.9083953,-1.8495045,32610.188,10640.688,10433.452,11114.174,10683238,0.035379015,987610,608261,1.5536653
Geo19,7/3/23,2104562,1599920,1556272,0,-2.226442,-1.3376104,23398.555,18292.84,18585.363,0,14659346,0.03540986,987610,0,0
Geo19,7/10/23,1822335,1312083,1652341,1088626,-1.6422229,1.9565761,20260.75,15001.828,19732.643,12802.903,19959006,0.03460777,987610,659116,1.6516455
Geo19,7/17/23,2397293,600370,0,242529,-0.4781776,1.9353615,26653.143,6864.3887,0,2852.2883,18754516,0.035305537,987610,214338,1.1315259
Geo19,7/24/23,894169,780509,1262942,1510804,-3.6596112,2.4818528,9941.386,8924.025,15082.349,17767.973,13638011,0.035146836,987610,774366,1.9510206
Geo19,7/31/23,2220470,1146090,64574,1223068,1.4225789,-4.288707,24687.22,13103.931,771.15784,14384.022,17120452,0.035371467,987610,701571,1.7433275
Geo19,8/7/23,2048899,2770618,1353979,42943,2.8807585,-3.3471844,22779.691,31678.129,16169.534,505.03577,17283356,0.034899887,987610,42364,1.0136672
Geo19,8/14/23,1737853,2186219,1468394,975264,6.316743,-8.4956875,19321.479,24996.346,17535.904,11469.697,13888688,0.034530286,987610,619701,1.5737654
Geo19,8/21/23,2536990,1712943,648345,1577433,-0.084171936,2.3812902,28206.297,19585.1,7742.6875,18551.57,20514070,0.034810215,987610,787798,2.0023317
Geo19,8/28/23,2019571,1883023,1489563,838854,1.7508656,-0.2845263,22453.623,21529.727,17788.709,9865.433,22627602,0.03505164,987610,565558,1.4832325
Geo19,9/4/23,1993059,1692155,1618843,1048889,4.0798426,-1.9078443,22158.861,19347.418,19332.602,12335.571,25203870,0.035010375,987610,647139,1.6208094
Geo19,9/11/23,2559244,752717,2825138,1918382,1.989786,0.63616335,28453.717,8606.263,33738.457,22561.338,20317716,0.03479282,987610,846060,2.2674303
Geo19,9/18/23,2658997,1652789,1255694,1707186,3.292647,-1.804205,29562.771,18897.322,14995.791,20077.545,23288834,0.035119012,987610,812039,2.1023448
Geo19,9/25/23,2327589,1888405,2451007,406277,4.99237,0.32020524,25878.172,21591.262,29270.498,4778.0645,27468746,0.035079323,987610,333269,1.2190663
Geo19,10/2/23,2470851,1887303,1339204,691900,-2.2481337,-1.6302903,27470.96,21578.662,15993.087,8137.164,16954860,0.03453458,987610,497804,1.3899045
Geo19,10/9/23,2069360,736024,2150751,1726274,2.3523312,4.316313,23007.178,8415.401,25684.771,20302.031,27291688,0.03492266,987610,816191,2.1150367
Geo19,10/16/23,3135437,2687830,0,1176620,-0.50656354,1.1918296,34859.84,30731.564,0,13837.766,22325650,0.034951877,987610,687323,1.711888
Geo19,10/23/23,2319756,1243967,2363904,1592472,-3.2021089,-3.5116532,25791.084,14223.017,28230.295,18728.438,14441754,0.03517018,987610,790257,2.0151317
Geo19,10/30/23,2999298,1081071,2169737,353349,-1.4514055,0.05248306,33346.242,12360.53,25911.506,4155.5986,19760636,0.03481436,987610,297394,1.1881511
Geo19,11/6/23,1024854,545671,397567,1018622,2.9023845,-0.094107464,11394.344,6238.982,4747.838,11979.613,20970750,0.034582786,987610,635401,1.6031168
Geo19,11/13/23,1120006,745365,1782500,1509587,-1.6774135,-2.7836704,12452.245,8522.203,21287.031,17753.66,16378543,0.034688935,987610,773715,1.9510893
Geo19,11/20/23,1917658,1621133,1391506,2755530,4.245328,0.13555685,21320.553,18535.38,16617.69,32406.707,26800920,0.03450338,987610,926988,2.9725628
Geo19,11/27/23,2414960,1055857,454027,1235749,2.743536,2.9391968,26849.564,12072.243,5422.0967,14533.159,25301282,0.03463631,987610,704400,1.7543285
Geo19,12/4/23,2259717,1125191,649057,627245,1.189781,5.5916753,25123.57,12864.98,7751.1904,7376.782,27447042,0.03489651,987610,464508,1.3503428
Geo19,12/11/23,3057689,1166112,0,623740,-3.7019362,1.8967535,33995.438,13332.8545,0,7335.561,17084776,0.035208654,987610,462832,1.3476596
Geo19,12/18/23,3650980,949182,1044177,3326336,-2.9668689,-2.0921023,40591.656,10852.564,12469.806,39119.73,20557964,0.035182923,987610,953587,3.4882355
Geo19,12/25/23,2775855,1647060,1429966,1974849,3.956932,-4.718535,30862,18831.82,17076.988,23225.424,18781916,0.03476358,987610,854271,2.3117359
Geo19,1/1/24,2387086,1703876,0,516493,-1.4362353,3.0816083,26539.66,19481.432,0,6074.2715,22121394,0.03468844,987610,401589,1.2861234
Geo19,1/8/24,944313,1320312,1500085,1026034,-0.14115684,-0.41052842,10498.888,15095.915,17914.365,12066.783,16636714,0.034721147,987610,638151,1.6078233
Geo19,1/15/24,2571754,2509916,1247641,1992099,0.62082076,4.2098904,28592.803,28697.367,14899.621,23428.295,22902830,0.035233073,987610,855790,2.3277895
Geo2,1/25/21,593030,438756,137622,22253,1.7976011,-2.6665616,6593.3174,5016.559,1643.5142,261.7088,4897822.5,0.035094235,225414.62,21259,1.0467566
Geo2,2/1/21,534426,360286,118274,118822,1.0437633,-1.1884911,5941.757,4119.3647,1412.4558,1397.419,4059605.8,0.03495229,225414.62,92569,1.2836046
Geo2,2/8/21,630650,424657,326189,281286,0.64781725,-2.1682768,7011.577,4855.357,3895.4253,3308.0942,4581813,0.034709018,225414.62,160707,1.7503034
Geo2,2/15/21,845921,0,0,76871,-4.9826717,-1.7339387,9404.964,0,0,904.0496,3612747,0.035361122,225414.62,65140,1.180089
Geo2,2/22/21,370334,371971,152496,455455,-4.387624,4.6758595,4117.3794,4252.9663,1821.143,5356.4272,5180678,0.035454866,225414.62,195718,2.3270981
Geo2,3/1/21,25070,206215,405152,124299,-6.647046,0.93162537,278.72867,2357.779,4838.42,1461.8318,4179313.8,0.034832355,225414.62,95385,1.3031294
Geo2,3/8/21,330909,238108,380335,0,1.3831282,-6.9655848,3679.0515,2722.431,4542.0493,0,4230264,0.03475666,225414.62,0,0
Geo2,3/15/21,172341,196720,410308,156659,0.7316243,1.3704416,1916.0901,2249.217,4899.994,1842.405,4642815,0.034938596,225414.62,113245,1.3833635
Geo2,3/22/21,656173,479222,435103,263250,3.8449624,-5.401024,7295.3423,5479.231,5196.1016,3095.98,4536991.5,0.034829248,225414.62,155051,1.6978284
Geo2,3/29/21,510171,178251,143468,91276,5.6351385,3.5924368,5672.0894,2038.05,1713.3284,1073.4612,7129277,0.034783244,225414.62,75071,1.2158623
Geo2,4/5/21,594857,144337,118563,253825,0.48232841,0.58647907,6613.63,1650.291,1415.9071,2985.1362,5189765,0.034974683,225414.62,152308,1.6665244
Geo2,4/12/21,704291,270784,247892,489030,0.25865546,-2.2702503,7830.319,3096.0352,2960.3843,5751.29,4614838.5,0.03540375,225414.62,199440,2.4520156
Geo2,4/19/21,367303,353842,111619,341554,-0.92109764,0.6928869,4083.6807,4045.6868,1332.9802,4016.8826,4862205.5,0.035166048,225414.62,175474,1.946465
Geo2,4/26/21,580452,469972,344739,424991,0.022381065,-2.2181978,6453.4746,5373.47,4116.9536,4998.1523,5015117.5,0.03521333,225414.62,190959,2.2255616
Geo2,5/3/21,541585,479426,323308,43217,4.036586,-5.9203167,6021.3506,5481.5635,3861.0198,508.25818,4470707,0.03513434,225414.62,39385,1.0972959
Geo2,5/10/21,200166,207543,517,286533,-0.9414724,-4.191863,2225.4487,2372.963,6.1741347,3369.802,3264425.2,0.034612544,225414.62,162497,1.7633126
Geo2,5/17/21,445038,132888,475392,256312,1.5472666,-0.8995136,4947.9395,1519.3878,5677.2427,3014.3848,5292578,0.035069805,225414.62,152989,1.6753622
Geo2,5/24/21,701644,558947,391317,332168,0.3794375,-0.3819555,7800.889,6390.7744,4673.199,3906.4973,4282013.5,0.03497552,225414.62,173808,1.9111203
Geo2,5/31/21,353128,265292,72072,445379,2.906183,-1.3734816,3926.0828,3033.2417,860.7007,5237.9277,5618007,0.03514518,225414.62,194129,2.2942424
Geo2,6/7/21,515580,295294,225961,429664,4.6740346,0.18354934,5732.2266,3376.2725,2698.479,5053.1094,6033647,0.034711067,225414.62,192354,2.2337148
Geo2,6/14/21,491937,264272,398190,120840,3.3193011,2.8365364,5469.364,3021.5796,4755.2783,1421.1517,6274661,0.03527196,225414.62,93421,1.2934994
Geo2,6/21/21,563458,266133,63730,0,-5.3991895,-5.643899,6264.535,3042.8574,761.07855,0,2769264.2,0.035331324,225414.62,0,0
Geo2,6/28/21,585307,582885,142761,201580,-0.9553182,-1.1921343,6507.4526,6664.472,1704.8853,2370.7031,3919119.2,0.034920614,225414.62,133329,1.5118991
Geo2,7/5/21,579441,398832,394694,377878,0.86616147,-5.928836,6442.2344,4560.0845,4713.528,4444.0747,4276676,0.0348237,225414.62,183126,2.0634863
Geo2,7/12/21,411821,301156,409248,330006,3.0102878,0.36259285,4578.6323,3443.2961,4887.3354,3881.071,5636337.5,0.035451833,225414.62,172908,1.9085641
Geo2,7/19/21,671872,263379,261620,146895,-1.0030187,-3.5840583,7469.884,3011.3694,3124.3271,1727.5745,3182638.8,0.034703035,225414.62,108471,1.3542329
Geo2,7/26/21,328367,147208,418251,305744,-0.5654448,-4.248998,3650.7896,1683.117,4994.851,3595.735,4226775,0.035373036,225414.62,167293,1.827596
Geo2,8/2/21,400270,164813,378524,274523,-3.6779008,-7.8287587,4450.2085,1884.4054,4520.4224,3228.5571,3650598.5,0.03506688,225414.62,158917,1.7274615
Geo2,8/9/21,568618,531677,484420,209241,0.6398822,1.0323452,6321.9043,6078.9805,5785.057,2460.8013,5893169,0.03479041,225414.62,136085,1.5375757
Geo2,8/16/21,683736,323387,272194,343595,-4.8831587,4.007407,7601.788,3697.4766,3250.6045,4040.886,4509162,0.034690022,225414.62,176122,1.950892
Geo2,8/23/21,612755,92732,150,70948,-0.14847133,-7.3864756,6812.62,1060.2603,1.7913351,834.3916,2758791,0.03491466,225414.62,60914,1.164724
Geo2,8/30/21,574868,114464,144075,379942,1.1267774,-1.5250103,6391.3916,1308.7352,1720.5774,4468.3486,5156874.5,0.034701433,225414.62,183536,2.0701225
Geo2,9/6/21,334842,265972,21371,75395,-3.3325768,-1.4021511,3722.7788,3041.0166,255.21748,886.691,3553887,0.035066217,225414.62,64239,1.173664
Geo2,9/13/21,308853,380124,412512,223743,0.3617183,-0.82244337,3433.8328,4346.1846,4926.315,2631.3535,5027460.5,0.03506919,225414.62,141541,1.5807645
Geo2,9/20/21,501635,562066,296600,457111,-1.573003,-3.4100697,5577.186,6426.436,3542.0667,5375.903,4638233.5,0.03464453,225414.62,195529,2.337817
Geo2,9/27/21,560531,81732,209878,64323,-2.4473994,1.3317266,6231.9927,934.4907,2506.412,756.47754,4509224.5,0.035088044,225414.62,55650,1.1558491
Geo2,10/4/21,275413,101427,2154,265652,3.7914124,4.796872,3062.0461,1159.6754,25.723572,3124.2288,6056356,0.034689885,225414.62,155865,1.7043724
Geo2,10/11/21,625819,237826,155353,243952,-6.4245176,0.8851718,6957.8657,2719.2065,1855.2618,2869.0237,4481604,0.034803253,225414.62,148760,1.6399032
Geo2,10/18/21,592592,264895,352464,146561,-0.116149865,-1.778619,6588.4473,3028.7026,4209.2075,1723.6464,4954078.5,0.03502969,225414.62,107595,1.3621544
Geo2,10/25/21,579033,466131,371185,341161,3.2895203,3.5272646,6437.698,5329.5537,4432.7783,4012.2605,7714858,0.03543629,225414.62,175564,1.9432287
Geo2,11/1/21,413504,365321,212530,157862,1.0669229,1.6386139,4597.344,4176.933,2538.083,1856.553,5526254.5,0.035473973,225414.62,113809,1.3870784
Geo2,11/8/21,338728,485298,521489,9429,0.44551554,6.3671737,3765.9834,5548.7017,6227.7437,110.89077,6565282,0.034649488,225414.62,9153,1.030154
Geo2,11/15/21,602150,93221,86481,44202,-2.532909,-2.390064,6694.7134,1065.8513,1032.7764,519.84235,3537400.8,0.035224307,225414.62,39919,1.1072923
Geo2,11/22/21,589798,293378,47527,47608,2.0094361,-3.349675,6557.384,3354.3657,567.57855,559.899,4524829.5,0.034631558,225414.62,42813,1.1119987
Geo2,11/29/21,693340,172921,0,446812,-0.39281946,2.152502,7708.5654,1977.109,0,5254.7803,5176463,0.03459093,225414.62,194368,2.298794
Geo2,12/6/21,492359,122605,435587,312730,0.71792436,-1.7955303,5474.055,1401.8162,5201.882,3677.8948,5196765,0.035082474,225414.62,169219,1.8480785
Geo2,12/13/21,556661,435438,211375,97337,0.8261428,-0.9044392,6188.966,4978.6226,2524.2898,1144.7422,4459866,0.034678724,225414.62,78965,1.23266
Geo2,12/20/21,313844,345057,419848,223490,8.4451,2.3082182,3489.3228,3945.2427,5013.923,2628.3782,7123187.5,0.035194244,225414.62,142116,1.5725886
Geo2,12/27/21,477489,376359,118474,203640,-0.85024524,2.2021291,5308.7305,4303.137,1414.8442,2394.9302,4893195,0.034908496,225414.62,134215,1.5172671
Geo2,1/3/22,489665,460672,440908,279190,2.4382534,-1.581708,5444.1035,5267.1377,5265.4263,3283.4438,5970702.5,0.035020314,225414.62,159931,1.7456903
Geo2,1/10/22,759993,616024,77352,229357,-3.33214,2.7488816,8449.614,7043.37,923.7557,2697.3777,5701905.5,0.03465209,225414.62,144048,1.5922261
Geo2,1/17/22,606226,323452,146830,151307,-1.1377212,-1.5485598,6740.0303,3698.2197,1753.4781,1779.4622,5037715.5,0.03500029,225414.62,110495,1.369356
Geo2,1/24/22,843029,408329,482160,0,-1.2302352,-3.8212285,9372.811,4668.669,5758.0674,0,3889333.5,0.03463373,225414.62,0,0
Geo2,1/31/22,338633,327201,155542,196263,-0.7212573,5.724553,3764.9272,3741.0842,1857.5189,2308.172,6671162.5,0.03528457,225414.62,130796,1.5005275
Geo2,2/7/22,489316,203721,263783,332699,-0.5567263,1.9665675,5440.223,2329.2637,3150.1582,3912.7422,5581831.5,0.035132945,225414.62,174069,1.9113053
Geo2,2/14/22,383227,148402,402605,396100,-0.47957754,1.6171889,4260.724,1696.7687,4808.003,4658.3765,5537780,0.03472381,225414.62,186433,2.1246238
Geo2,2/21/22,511315,333439,172227,136044,-1.2645323,1.7131122,5684.8086,3812.407,2056.7751,1599.9601,4320404.5,0.03541209,225414.62,102301,1.3298404
Geo2,2/28/22,234359,397256,195619,224940,1.2390113,-1.0422989,2605.6072,4542.065,2336.128,2645.431,4559076.5,0.03465418,225414.62,142075,1.5832483
Geo2,3/7/22,645863,0,131421,171133,-2.4533634,2.4476519,7180.7153,0,1569.4603,2012.628,5180259,0.035331115,225414.62,119906,1.4272263
Geo2,3/14/22,716882,203826,227410,181099,-0.6018386,-6.1191087,7970.3057,2330.4644,2715.7834,2129.8342,3600462.5,0.035137642,225414.62,124283,1.4571502
Geo2,3/21/22,511289,467169,498460,329270,-1.570981,1.8926485,5684.5195,5341.422,5952.726,3872.4153,5150374.5,0.03532982,225414.62,173187,1.9012398
Geo2,3/28/22,492264,230662,488744,202535,-2.6160913,-2.0028324,5472.999,2637.2964,5836.6953,2381.9346,3277296.5,0.034803234,225414.62,133708,1.5147561
Geo2,4/4/22,508547,610737,195981,71674,-0.43605733,-5.937013,5654.0337,6982.9204,2340.451,842.92975,3198918.5,0.03521878,225414.62,61389,1.1675382
Geo2,4/11/22,465157,380661,102808,420680,-4.992902,-0.37110806,5171.623,4352.324,1227.7572,4947.452,4590425.5,0.034543954,225414.62,190434,2.2090592
Geo2,4/18/22,640053,138508,470823,317697,-0.7906326,1.3879431,7116.1196,1583.6447,5622.678,3736.3096,5471153.5,0.03457131,225414.62,170380,1.8646379
Geo2,4/25/22,765800,288873,381400,138586,-3.0992956,-1.799749,8514.177,3302.8574,4554.768,1629.8556,4190476,0.035012335,225414.62,103933,1.3334167
Geo2,5/2/22,680433,240072,574134,432025,-0.94225883,-3.0578308,7565.065,2744.8865,6856.4424,5080.8765,4480098.5,0.035472557,225414.62,192228,2.2474613
Geo2,5/9/22,358593,488100,216641,350396,-3.9145653,-0.07127166,3986.8428,5580.739,2587.1775,4120.8696,3811571.8,0.035391755,225414.62,177581,1.9731616
Geo2,5/16/22,603422,512856,197571,191277,4.806801,-0.47603977,6708.8555,5863.7886,2359.4392,2249.5337,6358754,0.03456958,225414.62,128833,1.4846895
Geo2,5/23/22,369358,217343,249486,188793,2.2241886,-0.2684402,4106.5283,2485.0122,2979.4202,2220.3203,5801936.5,0.034637675,225414.62,127924,1.4758216
Geo2,5/30/22,264252,188523,0,210355,0.6571265,3.2030187,2937.958,2155.4958,0,2473.9026,5281893,0.03492764,225414.62,136842,1.5372108
Geo2,6/6/22,454604,475671,282,189647,-1.0182385,-0.7214312,5054.2944,5438.6304,3.3677099,2230.364,4005545.8,0.03500964,225414.62,128078,1.4807149
Geo2,6/13/22,511043,533578,125602,210471,2.2218597,1.2726097,5681.784,6100.716,1499.9685,2475.2668,5169697.5,0.034535132,225414.62,136963,1.5366997
Geo2,6/20/22,608333,384226,340484,189384,0.21551108,-2.334548,6763.456,4393.085,4066.1396,2227.2708,4799779,0.034685895,225414.62,128518,1.4735991
Geo2,6/27/22,632919,63808,133099,158387,3.7113996,1.5164477,7036.8037,729.55493,1589.4994,1862.7273,4770498.5,0.03497489,225414.62,113608,1.3941536
Geo2,7/4/22,639551,381640,305119,496426,-3.4899912,0.4809503,7110.5386,4363.518,3643.8025,5838.2715,4553258,0.03491464,225414.62,200604,2.4746566
Geo2,7/11/22,526455,219967,387133,334576,-0.24550045,-1.2481772,5853.1353,2515.014,4623.233,3934.817,4688434,0.034663618,225414.62,174205,1.9205878
Geo2,7/18/22,650752,444659,0,340335,-2.560368,2.5553029,7235.0713,5084.052,0,4002.5464,5457024.5,0.034744848,225414.62,175444,1.9398497
Geo2,7/25/22,520433,143392,256221,433989,-2.0188239,4.025711,5786.1826,1639.4863,3059.851,5103.974,5057073.5,0.035299648,225414.62,192441,2.2551794
Geo2,8/1/22,646747,340221,184493,299944,3.5818205,-4.5022383,7190.5435,3889.9497,2203.2585,3527.5237,4369649,0.03529648,225414.62,165821,1.8088421
Geo2,8/8/22,557634,678916,324150,384887,-0.51802415,2.1551857,6199.7837,7762.4517,3871.0752,4526.505,5754696.5,0.034805708,225414.62,184328,2.088055
Geo2,8/15/22,363261,508491,248316,128452,2.0051284,6.7177606,4038.7417,5813.881,2965.4478,1510.6736,7049241,0.034927603,225414.62,97970,1.311136
Geo2,8/22/22,678368,451842,573060,64795,-1.6029421,-0.20530204,7542.1064,5166.179,6843.6167,762.02856,5285681.5,0.035138275,225414.62,56593,1.1449295
Geo2,8/29/22,652656,577319,120429,221188,-1.5598135,-1.431612,7256.2397,6600.8325,1438.1913,2601.3052,4090649.2,0.035239413,225414.62,140888,1.5699563
Geo2,9/5/22,544680,609703,0,221808,2.4502773,1.6544627,6055.761,6971.098,0,2608.5967,5271030,0.035155367,225414.62,141044,1.5726156
Geo2,9/12/22,510307,125178,526332,297424,6.010293,-2.0359287,5673.6016,1431.2347,6285.58,3497.887,5752003,0.035148032,225414.62,165175,1.8006599
Geo2,9/19/22,310909,417965,79818,125638,2.8923016,-0.5011298,3456.6914,4778.8433,953.2052,1477.5792,6133368.5,0.035388976,225414.62,96234,1.3055469
Geo2,9/26/22,458501,148963,271236,127875,-2.4642355,1.235302,5097.6216,1703.1829,3239.1638,1503.8877,5161899,0.03458245,225414.62,97652,1.309497
Geo2,10/3/22,645725,571816,485852,459238,-2.9022279,-0.55603063,7179.181,6537.9136,5802.158,5400.918,4561395.5,0.03535889,225414.62,195994,2.3431227
Geo2,10/10/22,258616,197181,137696,191159,3.4148226,-1.3836629,2875.2969,2254.488,1644.3978,2248.146,4477404,0.035172727,225414.62,128849,1.4835893
Geo2,10/17/22,623022,230538,142742,0,1.5684271,-1.2203627,6926.7686,2635.8784,1704.6583,0,4256557.5,0.035253674,225414.62,0,0
Geo2,10/24/22,636050,76826,389353,455892,4.821036,-0.02996504,7071.6143,878.3975,4649.7446,5361.567,6024175.5,0.0349431,225414.62,195682,2.3297596
Geo2,10/31/22,509234,573904,301550,259686,-3.6998477,1.2106106,5661.672,6561.787,3601.1807,3054.0652,4225861,0.03483064,225414.62,153993,1.6863494
Geo2,11/7/22,529662,356564,246641,312152,1.6847568,-1.405463,5888.7905,4076.809,2945.4446,3671.0972,6167880.5,0.035258003,225414.62,169031,1.8467145
Geo2,11/14/22,594980,269730,0,435943,-0.34583357,-1.6661372,6614.997,3083.9841,0,5126.9546,4457111.5,0.034733165,225414.62,193265,2.2556748
Geo2,11/21/22,486749,127442,557329,404104,2.957532,1.8993611,5411.683,1457.1205,6655.7534,4752.5083,6324936,0.035197027,225414.62,187826,2.1514807
Geo2,11/28/22,186093,717678,44785,185544,-1.4971452,-1.9109428,2068.985,8205.641,534.83295,2182.11,3999193.2,0.034734175,225414.62,125980,1.4728053
Geo2,12/5/22,656205,304990,389226,425524,-2.553848,-1.015704,7295.6978,3487.1326,4648.228,5004.421,4829293,0.034898013,225414.62,191223,2.2252762
Geo2,12/12/22,577315,387651,278846,89919,-3.0667906,0.4706306,6418.5977,4432.245,3330.0442,1057.5021,5163205,0.035415187,225414.62,74341,1.2095479
Geo2,12/19/22,590512,505327,302396,391496,-0.47733995,5.9639416,6565.322,5777.705,3611.2837,4604.231,6546084,0.03462206,225414.62,185952,2.1053605
Geo2,12/26/22,342518,203773,29621,388466,-4.8997803,-2.6741786,3808.1206,2329.8584,353.7409,4568.596,3417183,0.035395145,225414.62,185193,2.0976279
Geo2,1/2/23,614009,443339,373785,0,-6.1318974,3.6372905,6826.562,5068.9595,4463.828,0,4861395.5,0.03461458,225414.62,0,0
Geo2,1/9/23,409841,416130,118976,431182,-3.67633,2.5423317,4556.6187,4757.863,1420.8392,5070.9624,4829676.5,0.034955326,225414.62,192022,2.2454822
Geo2,1/16/23,271548,0,287084,310110,4.35368,-7.4762354,3019.075,0,3428.4243,3647.082,4803428.5,0.035357643,225414.62,168540,1.8399787
Geo2,1/23/23,509390,248118,515166,0,1.6446244,2.799568,5663.4062,2836.881,6152.233,0,5319162,0.035338603,225414.62,0,0
Geo2,1/30/23,335856,642227,245381,168468,-0.69365925,-1.1755457,3734.0525,7342.9644,2930.3972,1981.286,4748175.5,0.035132013,225414.62,118789,1.4182122
Geo2,2/6/23,560915,300688,400621,148376,1.1955271,-2.109108,6236.262,3437.9453,4784.3096,1744.9918,4726007.5,0.03453437,225414.62,108723,1.3647158
Geo2,2/13/23,317208,790974,19978,374036,-6.0243716,-1.0177982,3526.7236,9043.678,238.58195,4398.8906,3495434,0.034585744,225414.62,182346,2.0512433
Geo2,2/20/23,348384,400557,428038,467484,1.4905496,-1.9151278,3873.3389,4579.807,5111.73,5497.896,5454051,0.03549197,225414.62,197236,2.3701758
Geo2,2/27/23,377880,159943,229277,289526,-4.098632,-1.1517898,4201.276,1828.7238,2738.0796,3405.0017,4550727.5,0.035050713,225414.62,163042,1.7757756
Geo2,3/6/23,577686,538197,42368,320047,1.1110466,-2.946015,6422.722,6153.5273,505.96857,3763.947,5085465.5,0.0347345,225414.62,170961,1.8720468
Geo2,3/13/23,521348,296025,415759,0,-2.2844048,-3.1922846,5796.3555,3384.6304,4965.0913,0,3590856.2,0.03475857,225414.62,0,0
Geo2,3/20/23,405313,323318,374234,78656,-2.1592562,-3.232798,4506.2764,3696.6877,4469.19,925.04236,3291289,0.03482009,225414.62,66259,1.1870991
Geo2,3/27/23,392890,264498,242543,145097,0.9175414,-0.20417342,4368.157,3024.1636,2896.5051,1706.4288,4510897,0.035410747,225414.62,107333,1.3518395
Geo2,4/3/23,571365,207312,329827,103477,-3.414015,-2.864461,6352.4453,2370.3218,3938.871,1216.9524,3844440.5,0.034587126,225414.62,83034,1.2462003
Geo2,4/10/23,454429,377447,410743,0,2.2636383,0.61801165,5052.349,4315.5767,4905.189,0,5326624.5,0.034824852,225414.62,0,0
Geo2,4/17/23,532369,403074,193763,176869,0.040210374,-0.44230598,5918.887,4608.5854,2313.9631,2080.087,5133448.5,0.0348702,225414.62,122423,1.4447367
Geo2,4/24/23,274256,333149,357656,0,-2.7540934,2.7257557,3049.1826,3809.0913,4271.2114,0,5067975,0.034747772,225414.62,0,0
Geo2,5/1/23,743240,318849,256067,339909,6.7189565,0.03620986,8263.3545,3645.5908,3058.012,3997.5364,6458839.5,0.03505573,225414.62,175444,1.9374217
Geo2,5/8/23,391243,567634,60426,0,1.277256,1.6962881,4349.846,6490.098,721.6214,0,5246215.5,0.035344582,225414.62,0,0
Geo2,5/15/23,801030,311129,487692,245052,2.7629702,-1.6131195,8905.864,3557.3235,5824.132,2881.9604,4690849.5,0.0353167,225414.62,149587,1.6381905
Geo2,5/22/23,282477,555604,527256,213243,-3.3184938,-2.693867,3140.584,6352.5522,6296.6143,2507.8672,4226656,0.03503803,225414.62,137801,1.5474706
Geo2,5/29/23,639228,347257,476097,422605,-0.70191145,-2.7811778,7106.9473,3970.3965,5685.6616,4970.0913,4276974.5,0.035055753,225414.62,190755,2.2154334
Geo2,6/5/23,445263,438709,294246,46807,4.9423294,3.0017245,4950.4414,5016.022,3513.9546,550.47876,6086279,0.035449218,225414.62,42226,1.1084876
Geo2,6/12/23,358898,52410,336051,304406,-0.69486505,5.172358,3990.234,599.2348,4013.1997,3579.9995,4928406.5,0.034943987,225414.62,166616,1.8269914
Geo2,6/19/23,816108,46882,298794,462471,0.8746792,-1.3507663,9073.502,536.0299,3568.2678,5438.94,4789282,0.034870625,225414.62,196202,2.3571167
Geo2,6/26/23,393525,480502,10902,203664,1.1668861,-0.6007173,4375.2173,5493.866,130.19423,2395.2124,4249901,0.03473527,225414.62,134245,1.5171068
Geo2,7/3/23,372085,412137,246210,0,-4.435508,-6.267495,4136.847,4712.2085,2940.2974,0,2761935,0.035278928,225414.62,0,0
Geo2,7/10/23,600126,209916,274151,231251,-3.208406,1.0692161,6672.2104,2400.095,3273.9753,2719.652,4375884,0.03515541,225414.62,144571,1.5995669
Geo2,7/17/23,554106,236908,131253,254756,2.2714894,3.2120337,6160.5596,2708.7104,1567.454,2996.0852,5925618.5,0.034597866,225414.62,152417,1.6714408
Geo2,7/24/23,371135,140644,333414,616549,0.6493593,-7.660489,4126.285,1608.0668,3981.708,7250.9907,2545753.8,0.035293374,225414.62,210753,2.9254577
Geo2,7/31/23,389837,239011,107082,426712,2.4030366,-2.8338041,4334.214,2732.7554,1278.7983,5018.392,5283653.5,0.03490444,225414.62,191799,2.2247875
Geo2,8/7/23,472991,439750,345230,0,0.05993198,-0.85471725,5258.7217,5027.9243,4122.8174,0,4783647.5,0.03518551,225414.62,0,0
Geo2,8/14/23,382064,245617,94888,336947,0.715848,-4.1073,4247.794,2808.2856,1133.1747,3962.7014,3874167.2,0.034642093,225414.62,175070,1.9246416
Geo2,8/21/23,782448,416704,93766,425850,3.6563811,5.3656635,8699.27,4764.4253,1119.7755,5008.255,6458465.5,0.035011146,225414.62,191223,2.2269812
Geo2,8/28/23,507479,555740,501728,193656,-1.5702233,-1.0204626,5642.1597,6354.107,5991.753,2277.5122,4847348.5,0.035490375,225414.62,130025,1.4893751
Geo2,9/4/23,415566,346913,413956,212866,-1.3988234,-1.5705907,4620.2695,3966.4634,4943.5596,2503.4333,5213170.5,0.035068076,225414.62,138169,1.5406206
Geo2,9/11/23,413685,472178,755482,355812,-3.7787871,-2.8040268,4599.3564,5398.693,9022.143,4184.5654,3830646.2,0.035179246,225414.62,179037,1.9873657
Geo2,9/18/23,797072,369943,155615,246611,-2.7100856,6.5621667,8861.859,4229.7793,1858.3907,2900.2952,6382492,0.035156723,225414.62,149728,1.64706
Geo2,9/25/23,665450,404568,583230,207868,-4.11682,1.9211344,7398.484,4625.6675,6965.069,2444.654,5804851.5,0.034956746,225414.62,135886,1.5297234
Geo2,10/2/23,782747,427378,122875,76853,-0.9117488,2.7715447,8702.594,4886.468,1467.402,903.83795,5190037,0.035473395,225414.62,64992,1.1824994
Geo2,10/9/23,586742,257960,442584,315180,0.873606,3.633996,6523.407,2949.4106,5285.4414,3706.7083,6324483.5,0.035215918,225414.62,169884,1.855266
Geo2,10/16/23,792623,601727,78334,192849,-3.4287314,-1.5696454,8812.3955,6879.904,935.483,2268.0215,4717341,0.03533429,225414.62,129464,1.4895955
Geo2,10/23/23,548048,153600,271132,230092,1.675483,5.416172,6093.2065,1756.2004,3237.9219,2706.0217,6380359.5,0.035296693,225414.62,144186,1.5957999
Geo2,10/30/23,974103,280914,359613,118789,-1.6015022,2.6779542,10830.093,3211.8574,4294.5825,1397.0308,5483248,0.03517228,225414.62,92109,1.2896569
Geo2,11/6/23,367529,380877,306857,362620,-5.4875913,-1.272523,4086.1934,4354.794,3664.558,4264.6313,3959566.2,0.03455028,225414.62,180344,2.0107129
Geo2,11/13/23,484442,349207,634562,326452,0.34866744,-0.7639831,5386.034,3992.692,7578.088,3839.2737,5279001,0.03471286,225414.62,172771,1.8895069
Geo2,11/20/23,418884,202488,3785,183856,-0.56712145,1.0979766,4657.159,2315.166,45.201355,2162.2583,6132211,0.035254516,225414.62,125742,1.4621686
Geo2,11/27/23,439235,316721,488094,370884,2.904548,2.6354468,4883.422,3621.2603,5828.9326,4361.8213,6215282,0.03538253,225414.62,181967,2.0381937
Geo2,12/4/23,372933,271988,236643,248576,1.4146788,-0.6138343,4146.275,3109.801,2826.0461,2923.4048,5712335.5,0.035236977,225414.62,150468,1.652019
Geo2,12/11/23,404210,283582,47434,205906,2.2530417,-4.0014443,4494.013,3242.3623,566.4679,2421.5796,4571047,0.03452941,225414.62,135342,1.5213755
Geo2,12/18/23,569855,346755,346270,557880,-0.36454508,3.4241738,6335.657,3964.6567,4135.2373,6561.008,6730548,0.0345663,225414.62,206517,2.7013757
Geo2,12/25/23,678036,211224,442371,202134,-6.3456297,-5.9755735,7538.415,2415.05,5282.898,2377.2185,2882342.8,0.03513565,225414.62,133518,1.5139083
Geo2,1/1/24,487092,598387,160095,9546,0.8675091,-1.4498428,5415.4966,6841.716,1911.892,112.266754,5128418.5,0.03521465,225414.62,9302,1.0262309
Geo2,1/8/24,292763,272152,237176,288480,-0.04816942,3.3834581,3254.9438,3111.6763,2832.4114,3392.7,4869155,0.035403606,225414.62,162786,1.7721425
Geo2,1/15/24,495482,535492,181453,467086,0.5070976,3.0581222,5508.777,6122.5996,2166.954,5493.215,5191422,0.035250325,225414.62,197074,2.3701046
Geo3,1/25/21,2242848,763348,314433,237201,2.752716,5.1617374,24936.02,8727.813,3755.0325,2789.628,24677992,0.03512584,833550.7,206115,1.1508187
Geo3,2/1/21,1790881,451959,538496,386553,-0.34231555,-5.9871187,19911.045,5167.517,6430.845,4546.098,8250600,0.03490643,833550.7,309237,1.2500218
Geo3,2/8/21,2492755,1723820,1367320,1146212,1.3591409,1.6647325,27714.49,19709.463,16328.855,13480.149,20035800,0.034924295,833550.7,622865,1.8402255
Geo3,2/15/21,2935434,1325367,550674,0,-2.030339,-0.20618677,32636.203,15153.712,6576.278,0,15607485,0.03494084,833550.7,0,0
Geo3,2/22/21,1344376,1258237,838686,837997,0.2662242,1.1944237,14946.794,14386.175,10015.784,9855.354,19253716,0.034945507,833550.7,528811,1.5846815
Geo3,3/1/21,827105,987881,2061087,0,-2.0175197,6.2767653,9195.767,11295.033,24613.982,0,22719200,0.03461049,833550.7,0,0
Geo3,3/8/21,2113720,1632959,1589165,835683,-2.5756154,1.973878,23500.373,18670.594,18978.18,9828.14,19546552,0.03503018,833550.7,526982,1.5857904
Geo3,3/15/21,356466,595513,927979,1274180,-2.7444959,2.4106193,3963.1948,6808.8555,11082.143,14985.131,16163489,0.03545259,833550.7,652844,1.9517373
Geo3,3/22/21,3039640,331031,1471342,373020,0.96146524,4.34003,33794.766,3784.875,17571.11,4386.942,21349644,0.034698483,833550.7,300422,1.2416534
Geo3,3/29/21,1478684,1020805,1299482,231341,-5.721238,-1.322161,16440.033,11671.473,15518.718,2720.7107,13906969,0.035100453,833550.7,202331,1.143379
Geo3,4/5/21,2922092,1411672,405228,7741,-3.7316687,1.2208927,32487.865,16140.488,4839.3276,91.038864,15569220,0.03482182,833550.7,7809,0.9912921
Geo3,4/12/21,1938849,2002229,580371,1450724,-2.3160431,-7.3276205,21556.154,22892.68,6930.9263,17061.395,9929763,0.03549217,833550.7,687269,2.1108532
Geo3,4/19/21,2213047,1324730,1647934,874894,3.5391235,3.7518196,24604.693,15146.429,19680.014,10289.285,23392264,0.034778204,833550.7,542188,1.6136359
Geo3,4/26/21,1400512,1545076,1250207,257239,1.1837143,-0.38653305,15570.915,17665.775,14930.265,3025.2869,17288142,0.035337783,833550.7,220723,1.1654382
Geo3,5/3/21,1298265,1180164,1131635,667357,-1.4552641,-6.980522,14434.131,13493.52,13514.25,7848.5234,9125200,0.035284106,833550.7,458846,1.4544247
Geo3,5/10/21,394295,1274748,0,468008,2.8383327,8.096755,4383.7783,14574.954,0,5504.058,22968760,0.03470107,833550.7,358520,1.3053888
Geo3,5/17/21,2033715,1973446,1066549,928814,5.59539,2.3065286,22610.877,22563.586,12736.978,10923.417,23542570,0.034918375,833550.7,560034,1.6584958
Geo3,5/24/21,2493843,1364449,1233794,1268716,-0.6379349,4.3924837,27726.586,15600.56,14734.257,14920.871,18830838,0.035244726,833550.7,651905,1.946167
Geo3,5/31/21,2211337,1192909,1151332,1299102,1.8453405,1.546467,24585.68,13639.24,13749.476,15278.229,21409356,0.035241008,833550.7,658060,1.9741391
Geo3,6/7/21,1650274,1254944,605900,1375677,1.2904117,-2.340493,18347.773,14348.523,7235.7993,16178.797,16699474,0.035446063,833550.7,673405,2.0428672
Geo3,6/14/21,2693143,258921,1719688,1191704,-3.667573,-1.0686468,29942.408,2960.3982,20536.916,14015.163,15394429,0.03498677,833550.7,634146,1.8792266
Geo3,6/21/21,2407054,1152980,1162276,0,1.0487323,-1.5221245,26761.666,13182.708,13880.172,0,18301800,0.03528829,833550.7,0,0
Geo3,6/28/21,1822706,1910368,1797559,895648,1.0540365,0.9066738,20264.875,21842.377,21466.87,10533.364,18186466,0.035148602,833550.7,548463,1.6330144
Geo3,7/5/21,1870597,1835028,915788,1805336,2.4353702,-0.16229862,20797.328,20980.97,10936.555,21231.848,19539008,0.034939256,833550.7,737561,2.4477108
Geo3,7/12/21,1998376,657770,893321,616229,8.287792,4.628605,22217.977,7520.677,10668.248,7247.2275,27696322,0.034503162,833550.7,436498,1.4117568
Geo3,7/19/21,2645702,1106037,2021774,495108,-2.6015697,-2.680657,29414.957,12645.981,24144.498,5822.771,9717142,0.034830764,833550.7,372805,1.3280616
Geo3,7/26/21,999217,546228,45890,1347006,2.6807888,-4.7681055,11109.311,6245.3506,548.0291,15841.608,14707261,0.03451935,833550.7,667806,2.017062
Geo3,8/2/21,2681886,1123114,1849090,561861,-6.543582,-5.592365,29817.252,12841.232,22082.266,6607.8267,11001102,0.034543037,833550.7,408634,1.3749737
Geo3,8/9/21,1971632,1693997,1067324,459499,-0.5423205,1.2304293,21920.637,19368.479,12746.232,5403.9873,19781992,0.034640305,833550.7,353270,1.300702
Geo3,8/16/21,2536529,1716084,1901700,533336,-0.109142125,0.5444478,28201.17,19621.012,22710.547,6272.3555,17071680,0.03492025,833550.7,393921,1.3539162
Geo3,8/23/21,2230850,516900,0,652311,-2.0113177,1.2812619,24802.627,5910.0264,0,7671.5737,14725515,0.03506606,833550.7,452752,1.440769
Geo3,8/30/21,1633853,1081519,370914,0,-2.2628841,-4.8575783,18165.205,12365.652,4429.5415,0,11367817,0.035489894,833550.7,0,0
Geo3,9/6/21,1549237,2062151,0,417392,1.4753869,-2.4405606,17224.441,23577.803,0,4908.783,14877942,0.034938246,833550.7,328485,1.2706577
Geo3,9/13/21,902058,1168331,1987296,632246,-0.5524895,1.0327883,10029.096,13358.226,23732.754,7435.597,18260840,0.034517024,833550.7,443293,1.4262486
Geo3,9/20/21,1506352,1358506,746126,1886752,1.4642848,1.4529335,16747.646,15532.609,8910.411,22189.35,22130286,0.034757815,833550.7,747397,2.5244308
Geo3,9/27/21,2104789,1327080,0,522645,1.3888315,-4.555094,23401.078,15173.298,0,6146.6226,13223216,0.03537101,833550.7,388216,1.3462738
Geo3,10/4/21,1433030,1531990,697994,2109568,-1.3332394,-0.44476667,15932.451,17516.156,8335.607,24809.8,16644402,0.035027526,833550.7,767111,2.7500167
Geo3,10/11/21,2775060,1029543,580296,914287,-2.3373795,3.1768684,30853.162,11771.38,6930.031,10752.57,20480786,0.035405703,833550.7,555093,1.6470879
Geo3,10/18/21,1781987,687800,232903,206955,0.99741626,4.1634784,19812.16,7864.028,2781.382,2433.9165,22348040,0.034623656,833550.7,183611,1.1271384
Geo3,10/25/21,2461718,2638678,648605,1650488,3.0477784,-0.97800124,27369.42,30169.58,7745.7925,19410.742,23780880,0.03505763,833550.7,718243,2.2979522
Geo3,11/1/21,2753403,880614,1562158,765843,1.6227543,-4.3436894,30612.379,10068.585,18655.656,9006.779,15550256,0.035384186,833550.7,500623,1.5297799
Geo3,11/8/21,1856262,2506084,1140992,205837,-1.9341207,-2.0845046,20637.951,28653.555,13625.993,2420.768,16097165,0.03452703,833550.7,182620,1.1271329
Geo3,11/15/21,2421856,985263,107885,0,-2.210009,3.1580977,26926.234,11265.1,1288.388,0,17075050,0.03490472,833550.7,0,0
Geo3,11/22/21,1552168,937125,288490,252235,2.4413896,2.6539738,17257.03,10714.709,3445.215,2966.4368,21568404,0.034973927,833550.7,217347,1.1605175
Geo3,11/29/21,2236412,1107747,0,1011113,-0.04197598,1.5978073,24864.465,12665.532,0,11891.303,16712896,0.035469674,833550.7,585797,1.7260467
Geo3,12/6/21,2495653,1729518,1450991,362885,-2.2130885,-2.0365667,27746.71,19774.611,17328.074,4267.748,15971807,0.03546888,833550.7,294424,1.2325252
Geo3,12/13/21,1322670,1382082,1981423,1211792,-2.9266453,-1.930675,14705.467,15802.168,23662.617,14251.41,13107962,0.035369743,833550.7,638175,1.8988397
Geo3,12/20/21,1582066,2510950,2400942,1028567,-3.2280593,-0.32891822,17589.436,28709.19,28672.611,12096.572,15714625,0.034751814,833550.7,591086,1.7401309
Geo3,12/27/21,2468742,1458049,1982527,304435,3.6374521,-1.9203746,27447.514,16670.744,23675.8,3580.3406,18186674,0.03537827,833550.7,255221,1.192829
Geo3,1/3/22,2243424,1031675,482513,603782,-2.2127976,-0.70809,24942.424,11795.756,5762.283,7100.8433,18116820,0.034505017,833550.7,430722,1.4017905
Geo3,1/10/22,2335845,1167943,1204032,512592,2.6837413,1.3666886,25969.963,13353.789,14378.832,6028.393,23802898,0.034763224,833550.7,383329,1.3372116
Geo3,1/17/22,1957509,463815,785167,812146,-2.490117,-0.2556698,21763.617,5303.0737,9376.648,9551.33,17987390,0.03531776,833550.7,519262,1.564039
Geo3,1/24/22,2792736,2290753,1130434,406156,-3.965282,-0.9813031,31049.684,26191.547,13499.907,4776.641,13626306,0.035493772,833550.7,321346,1.2639211
Geo3,1/31/22,908451,572839,116216,762654,1.4640234,-2.4738574,10100.173,6549.6104,1387.8787,8969.274,17857086,0.03480743,833550.7,498642,1.529462
Geo3,2/7/22,1525346,1002923,1271814,468875,1.6549032,-2.7977571,16958.822,11467.018,15188.3,5514.255,16714066,0.03514553,833550.7,359448,1.3044307
Geo3,2/14/22,1306498,1073477,1053021,948126,2.705946,1.1439879,14525.666,12273.703,12575.423,11150.538,20956456,0.03534868,833550.7,566871,1.6725605
Geo3,2/21/22,1405295,912812,610911,0,-1.3029826,-3.610241,15624.093,10436.725,7295.642,0,9809706,0.035391096,833550.7,0,0
Geo3,2/28/22,1029416,203513,757838,1228750,-5.3901653,2.5140638,11445.063,2326.8855,9050.278,14450.847,14216233,0.03512992,833550.7,642939,1.9111456
Geo3,3/7/22,1647329,1080041,1373849,1139949,1.2268826,4.872803,18315.031,12348.753,16406.826,13406.492,23461812,0.035481885,833550.7,621321,1.8347182
Geo3,3/14/22,2570341,971088,1089751,1004595,0.4928242,2.1710367,28577.094,11103.028,13014.062,11814.647,21046254,0.035090677,833550.7,583744,1.7209513
Geo3,3/21/22,1329557,1945299,2064700,101741,-8.241293,0.45652914,14782.036,22241.764,24657.13,1196.536,11371646,0.034757122,833550.7,95536,1.0649494
Geo3,3/28/22,1493912,0,728507,924802,0.298517,0.020094423,16609.338,0,8700.001,10876.233,13185327,0.035233762,833550.7,558413,1.6561254
Geo3,4/4/22,1457969,1947061,449537,569253,-5.897101,1.6756651,16209.723,22261.91,5368.476,6694.761,13132935,0.035409562,833550.7,412855,1.3788207
Geo3,4/11/22,1368571,1169048,568238,1705858,0.98182595,-0.2757126,15215.795,13366.424,6786.0312,20061.926,20902094,0.035491355,833550.7,726177,2.349094
Geo3,4/18/22,2790130,447731,728073,414893,-2.7645826,-1.4508733,31020.71,5119.176,8694.818,4879.3936,14128039,0.03490276,833550.7,326437,1.2709742
Geo3,4/25/22,1913393,1873674,1203859,774347,0.96062136,-0.83366287,21273.135,21422.832,14376.766,9106.791,19015700,0.035440754,833550.7,504737,1.5341594
Geo3,5/2/22,1680888,827153,1330312,1158331,1.269914,-7.2897997,18688.14,9457.334,15886.897,13622.676,11557417,0.035126686,833550.7,625395,1.852159
Geo3,5/9/22,1596445,1851552,1004868,690608,1.0470219,5.1881013,17749.3,21169.898,12000.369,8121.9697,21683740,0.035267442,833550.7,469532,1.4708433
Geo3,5/16/22,1963815,1771708,473166,1177602,2.727332,2.164043,21833.727,20256.994,5650.659,13849.314,24109734,0.03492827,833550.7,631081,1.8660077
Geo3,5/23/22,1370424,1270324,589344,1439367,-0.9676062,4.206758,15236.396,14524.372,7038.084,16927.83,22990904,0.03518415,833550.7,684893,2.101594
Geo3,5/30/22,1656730,1160172,347592,622038,-1.150351,3.5135112,18419.55,13264.938,4151.025,7315.545,18541742,0.03532602,833550.7,438433,1.4187756
Geo3,6/6/22,1637890,1076683,401775,519996,0.2142623,-1.2956634,18210.088,12310.359,4798.091,6115.4688,15197802,0.035489872,833550.7,387018,1.3435965
Geo3,6/13/22,1007577,1067757,651460,824235,-1.5659308,5.075159,11202.258,12208.303,7779.8877,9693.504,19014466,0.034587275,833550.7,523325,1.5749965
Geo3,6/20/22,1493177,670779,0,400680,-1.1964092,-0.6123885,16601.166,7669.4165,0,4712.24,14111718,0.03531605,833550.7,318753,1.2570235
Geo3,6/27/22,2813724,1145085,336036,888458,-0.17665887,-4.790841,31283.03,13092.44,4013.0205,10448.806,8578452,0.034773197,833550.7,546206,1.6265987
Geo3,7/4/22,2669165,480214,815112,541763,0.89117706,-5.827774,29675.82,5490.573,9734.258,6371.462,11568893,0.03523253,833550.7,397796,1.3619117
Geo3,7/11/22,1536380,967227,948392,940926,1.2363732,1.4605474,17081.498,11058.884,11325.919,11065.861,18199670,0.034901608,833550.7,564330,1.6673329
Geo3,7/18/22,2685253,775382,863465,567680,-2.6017323,-0.073225655,29854.686,8865.405,10311.701,6676.2617,16664352,0.034747157,833550.7,411684,1.3789217
Geo3,7/25/22,2119770,0,774274,1068016,1.942235,1.4244788,23567.637,0,9246.562,12560.517,16780444,0.034975685,833550.7,601811,1.7746701
Geo3,8/1/22,1808585,1282342,922932,705324,-0.5356807,0.029572755,20107.877,14661.781,11021.87,8295.039,15158567,0.035354577,833550.7,476480,1.4802804
Geo3,8/8/22,2152496,2001161,1272395,1850226,-1.5076518,-2.2029152,23931.486,22880.469,15195.238,21759.781,16801438,0.034859665,833550.7,742674,2.491303
Geo3,8/15/22,1515290,793108,938160,195768,3.3683774,-2.3377662,16847.02,9068.077,11203.727,2302.3506,19925886,0.035396237,833550.7,174680,1.1207236
Geo3,8/22/22,2361270,1276797,1460164,358986,-1.2616299,1.5400554,26252.639,14598.382,17437.62,4221.8936,19116618,0.034681335,833550.7,292291,1.2281802
Geo3,8/29/22,2149392,1271362,699545,273989,-0.48305726,2.5648487,23896.975,14536.24,8354.13,3222.277,17664546,0.034816083,833550.7,233600,1.1728982
Geo3,9/5/22,2123662,1671320,670639,770828,3.1194072,0.7739035,23610.908,19109.2,8008.9277,9065.405,19373310,0.035467573,833550.7,503323,1.5314778
Geo3,9/12/22,1963583,607255,1753331,679843,1.2293782,9.083554,21831.148,6943.109,20938.69,7995.3667,26485592,0.034696423,833550.7,465601,1.4601407
Geo3,9/19/22,2101614,1410242,880941,918411,-2.8746006,1.5752494,23365.78,16124.139,10520.403,10801.071,20319194,0.035276484,833550.7,556693,1.649762
Geo3,9/26/22,2205006,783027,1584227,376089,1.4613256,2.9013968,24515.293,8952.814,18919.209,4423.035,22499088,0.03529427,833550.7,302790,1.2420787
Geo3,10/3/22,2188201,2432481,1319512,908224,5.86298,-3.5921316,24328.455,27812.006,15757.921,10681.266,18453418,0.03474179,833550.7,553130,1.6419721
Geo3,10/10/22,839586,478703,1034970,712078,0.4076782,-2.3757951,9334.53,5473.297,12359.854,8374.47,12771338,0.035148226,833550.7,478802,1.4872077
Geo3,10/17/22,1755994,1150232,569595,0,0.38803488,1.5135702,19523.17,13151.289,6802.237,0,15964937,0.03485133,833550.7,0,0
Geo3,10/24/22,1669430,451047,1838064,1891214,-1.6416175,-5.002382,18560.75,5157.0894,21950.59,22241.826,12914588,0.035271004,833550.7,747053,2.5315661
Geo3,10/31/22,1695632,1543122,2163023,0,3.4813595,0.2737014,18852.064,17643.436,25831.326,0,18310578,0.034570146,833550.7,0,0
Geo3,11/7/22,1718782,1150773,1746715,874238,-1.6711195,0.8480978,19109.445,13157.475,20859.68,10281.57,20560870,0.035182983,833550.7,541100,1.615668
Geo3,11/14/22,2001257,1032667,355462,1440242,-3.1006014,3.1179466,22250.008,11807.098,4245.0103,16938.121,17854090,0.03450484,833550.7,685326,2.101543
Geo3,11/21/22,2221858,1444605,1787057,1685704,7.556942,-4.0006137,24702.652,16517.031,21341.453,19824.902,21647632,0.034633953,833550.7,723360,2.3303804
Geo3,11/28/22,1196174,2367636,509801,0,-0.14273828,2.826827,13299.082,27070.596,6088.1626,0,17782610,0.034787077,833550.7,0,0
Geo3,12/5/22,1912234,1073043,2671773,759537,0.60047674,0.24792664,21260.248,12268.741,31906.938,8932.616,20092454,0.034839895,833550.7,497961,1.5252942
Geo3,12/12/22,1627116,1321763,646155,790596,-0.28870094,-2.1850557,18090.303,15112.505,7716.534,9297.889,17874912,0.034524094,833550.7,510600,1.5483667
Geo3,12/19/22,1826725,1716664,1066295,983726,-1.1354412,-0.68972003,20309.559,19627.645,12733.944,11569.215,18483504,0.035321914,833550.7,577556,1.7032565
Geo3,12/26/22,1354901,1855758,545838,1712940,1.1221176,2.177155,15063.812,21217.988,6518.525,20145.215,20037320,0.0351366,833550.7,726669,2.3572493
Geo3,1/2/23,2162515,954007,1425588,179575,5.244165,-2.1705022,24042.877,10907.731,17024.705,2111.9111,19783136,0.03523243,833550.7,161876,1.1093367
Geo3,1/9/23,1438466,978040,1315605,1476898,-1.6213671,2.0665572,15992.889,11182.515,15711.263,17369.217,18235664,0.03478044,833550.7,691134,2.13692
Geo3,1/16/23,1608962,470268,586624,898708,-1.3008019,-0.74966705,17888.465,5376.8545,7005.601,10569.352,17778024,0.03534654,833550.7,549979,1.634077
Geo3,1/23/23,2330127,1211348,1594273,913603,4.211075,1.4335958,25906.39,13850.064,19039.182,10744.526,21552720,0.035453785,833550.7,554694,1.6470397
Geo3,1/30/23,1065118,1578012,1213720,765837,-2.984132,-2.684457,11841.999,18042.354,14494.528,9006.708,14705299,0.03473408,833550.7,501011,1.5285832
Geo3,2/6/23,46747,625017,1011003,1569663,3.4028084,1.2671806,519.7339,7146.1924,12073.635,18460.19,21712580,0.03524125,833550.7,706291,2.2224026
Geo3,2/13/23,1072715,2304753,704158,1234235,-2.2680423,-1.9469857,11926.463,26351.617,8409.22,14515.354,14975260,0.03549545,833550.7,643507,1.9179822
Geo3,2/20/23,1227273,600083,1530105,670217,-4.0790496,9.645912,13644.841,6861.107,18272.871,7882.159,24320282,0.03526038,833550.7,460873,1.4542336
Geo3,2/27/23,1020477,1326750,1255283,1584034,4.6533017,-2.8851032,11345.68,15169.524,14990.883,18629.201,20737434,0.03490583,833550.7,708639,2.2353187
Geo3,3/6/23,1825954,2292826,970356,2295392,0.28651527,-1.6873695,20300.986,26215.248,11588.219,26995.203,18897390,0.034636416,833550.7,780381,2.9413736
Geo3,3/13/23,1963540,1247524,1511550,825304,1.738968,-0.13305472,21830.67,14263.687,18051.283,9706.076,19274118,0.03477705,833550.7,524799,1.5726097
Geo3,3/20/23,550844,593193,2175248,191609,4.453293,0.86977136,6124.2925,6782.3296,25977.32,2253.4382,19291936,0.034789275,833550.7,171335,1.1183296
Geo3,3/27/23,1356016,1537880,948513,292962,2.4741888,1.86516,15076.208,17583.5,11327.364,3445.4111,19032404,0.03525776,833550.7,246691,1.1875666
Geo3,4/3/23,2148046,1176122,965922,533771,1.1798378,1.1897808,23882.01,13447.305,11535.267,6277.471,19778386,0.03455241,833550.7,394193,1.3540854
Geo3,4/10/23,1973368,855028,1006997,258872,0.19008838,-4.7419252,21939.938,9776.045,12025.794,3044.492,12347968,0.035481036,833550.7,222113,1.1654968
Geo3,4/17/23,1518901,1582326,398455,301601,3.097579,-2.2975054,16887.166,18091.678,4758.443,3547.011,18045958,0.034902323,833550.7,253572,1.1894097
Geo3,4/24/23,1188474,1235775,273117,803671,-2.7915368,-1.1071991,13213.474,14129.353,3261.6272,9451.659,14330656,0.035425715,833550.7,515999,1.557505
Geo3,5/1/23,2108068,1382998,1363823,492287,1.337892,-0.88923585,23437.535,15812.642,16287.093,5789.594,18848012,0.03503183,833550.7,371832,1.32395
Geo3,5/8/23,1380740,1406480,623262,1028,-2.1968231,-0.42498487,15351.09,16081.125,7443.1406,12.089905,15314265,0.035486773,833550.7,1010,1.0178218
Geo3,5/15/23,2882465,612130,1046291,1592898,-0.9903987,0.011307464,32047.293,6998.8477,12495.052,18733.447,14678068,0.03478687,833550.7,710581,2.241684
Geo3,5/22/23,1687498,556233,1016875,649691,-0.8809408,-0.599287,18761.63,6359.7437,12143.759,7640.7607,16437132,0.03467573,833550.7,451457,1.4390982
Geo3,5/29/23,1648089,1433248,1753959,2194994,0.38543338,3.1921785,18323.48,16387.18,20946.19,25814.463,20847048,0.035288423,833550.7,774004,2.8358948
Geo3,6/5/23,1518825,1533392,1434632,384285,-0.9767527,-5.283375,16886.32,17532.186,17132.71,4519.425,12035165,0.034940068,833550.7,307983,1.2477474
Geo3,6/12/23,2165868,650799,590234,502127,1.6232468,-3.1465263,24080.156,7440.973,7048.7124,5905.3184,13032556,0.03490831,833550.7,377147,1.3313828
Geo3,6/19/23,2911606,0,1867824,1235209,-3.1089315,-7.1750007,32371.283,0,22305.99,14526.808,7699469,0.03500494,833550.7,643632,1.919123
Geo3,6/26/23,2382238,1968650,431641,457177,2.7908995,4.9962425,26485.76,22508.75,5154.758,5376.679,21024750,0.035421424,833550.7,352438,1.2971842
Geo3,7/3/23,1132485,1119701,1116726,654078,-0.60264003,-1.4643106,12590.986,12802.21,13336.203,7692.3545,14960992,0.034515575,833550.7,453097,1.4435717
Geo3,7/10/23,2632044,0,1653967,850897,2.334811,-3.4444957,29263.107,0,19752.06,10007.065,15634572,0.035454888,833550.7,533480,1.5949932
Geo3,7/17/23,1874263,797312,0,994836,1.7935469,0.4642176,20838.086,9116.144,0,11699.876,18981922,0.035012063,833550.7,581139,1.7118727
Geo3,7/24/23,1044093,1211808,561972,1455518,-3.2478604,-4.2040806,11608.243,13855.324,6711.201,17117.775,6998539,0.03543522,833550.7,688519,2.1139839
Geo3,7/31/23,1476610,1159226,1070020,1143229,3.9446826,-0.8638628,16416.975,13254.123,12778.429,13445.067,22136272,0.035395924,833550.7,621882,1.8383375
Geo3,8/7/23,2048642,1791337,1854590,12435,-5.05091,3.9007378,22776.834,20481.426,22147.947,146.24315,16685599,0.03481087,833550.7,12546,0.9911526
Geo3,8/14/23,2700086,1989587,537038,1556780,1.5788453,1.2575935,30019.6,22748.135,6413.4336,18308.678,19183354,0.03473639,833550.7,704871,2.2086027
Geo3,8/21/23,1946439,1553911,411608,727588,-0.5379672,3.1268625,21640.541,17766.791,4915.519,8556.877,19419976,0.035029933,833550.7,485262,1.4993715
Geo3,8/28/23,1831704,2388682,1641133,1005792,-0.06614646,6.3508453,20364.914,27311.227,19598.795,11828.725,25610986,0.035329454,833550.7,584856,1.7197258
Geo3,9/4/23,972706,1271705,1159373,1781356,-8.349494,3.3196416,10814.562,14540.162,13845.504,20949.828,17941408,0.034594208,833550.7,735281,2.4226873
Geo3,9/11/23,2103746,1745322,1675318,1230474,1.3080473,0.54010487,23389.482,19955.309,20007.04,14471.122,18601302,0.035439573,833550.7,643455,1.9122922
Geo3,9/18/23,2125552,1079407,861344,771298,1.685194,5.29001,23631.922,12341.504,10286.371,9070.933,25298104,0.035128772,833550.7,503319,1.5324237
Geo3,9/25/23,2423289,1536002,1446878,1956982,-5.576234,-0.018356653,26942.166,17562.027,17278.955,23015.297,18110172,0.03456927,833550.7,753916,2.595756
Geo3,10/2/23,2605531,1435311,476350,757612,-1.290417,1.0989608,28968.336,16410.768,5688.683,8909.978,17648342,0.034971025,833550.7,497745,1.5220886
Geo3,10/9/23,2346694,767428,1437055,1464876,2.547718,1.2789378,26090.582,8774.462,17161.646,17227.832,21712056,0.035021074,833550.7,689880,2.123378
Geo3,10/16/23,2458254,782271,486559,1883297,-3.7215936,1.539876,27330.908,8944.171,5810.6016,22148.717,19197352,0.034761243,833550.7,746667,2.5222716
Geo3,10/23/23,2604688,974999,1050633,1457598,4.880795,-2.6825275,28958.963,11147.745,12546.905,17142.238,19658380,0.03476458,833550.7,687873,2.1189928
Geo3,10/30/23,2845012,1560676,1236992,21251,0.37771076,-4.0412936,31630.889,17844.14,14772.448,249.92467,15474880,0.035184916,833550.7,20989,1.0124828
Geo3,11/6/23,1660656,977498,0,1182866,-3.8426003,-1.30141,18463.201,11176.318,0,13911.223,12966229,0.03512982,833550.7,631430,1.873313
Geo3,11/13/23,2461416,1081395,1725883,1676466,0.44201565,-1.2238691,27366.062,12364.234,20610.898,19716.258,18868138,0.03490953,833550.7,722426,2.3206058
Geo3,11/20/23,1959983,660192,457538,1344155,-3.2435923,3.8274202,21791.123,7548.369,5464.026,15808.079,23073010,0.0347475,833550.7,667039,2.0151072
Geo3,11/27/23,1669876,918350,1387238,857567,2.6528594,5.169341,18565.709,10500.044,16566.72,10085.509,23530536,0.034892287,833550.7,535656,1.600966
Geo3,12/4/23,1943755,1083431,613170,905073,2.663143,-5.108531,21610.7,12387.513,7322.6196,10644.208,16352243,0.034885027,833550.7,552375,1.6385119
Geo3,12/11/23,1811380,1516659,0,209974,1.2391118,-1.7899399,20138.953,17340.867,0,2469.4219,15712846,0.03549581,833550.7,185129,1.1342037
Geo3,12/18/23,2648915,1246437,535079,1784733,-1.7159117,-0.24111688,29450.68,14251.258,6390.0386,20989.545,20167468,0.035245135,833550.7,735164,2.4276664
Geo3,12/25/23,2021510,695612,214960,1017588,-1.22434,-0.7605599,22475.182,7953.347,2567.1025,11967.453,15144986,0.034601938,833550.7,587362,1.7324716
Geo3,1/1/24,2149806,1346522,156993,132066,-5.932314,1.7177911,23901.578,15395.59,1874.8472,1553.1764,14899238,0.035321034,833550.7,122347,1.079438
Geo3,1/8/24,1265006,454335,752548,838356,6.573517,-0.32655257,14064.357,5194.683,8987.1045,9859.576,18968552,0.03540552,833550.7,529005,1.584779
Geo3,1/15/24,2020305,2520178,1159264,1865626,0.6554209,-3.7427135,22461.783,28814.7,13844.202,21940.895,14259843,0.03529422,833550.7,744473,2.5059686
Geo4,1/25/21,541397,118002,147076,0,5.28395,0.5928951,6019.2607,1349.1873,1756.416,0,4007684.8,0.034840796,157739.06,0,0
Geo4,2/1/21,393582,314451,196095,140083,-5.1799483,2.624165,4375.851,3595.306,2341.8123,1647.4612,2439327.8,0.035022207,157739.06,92938,1.5072737
Geo4,2/8/21,328616,279634,192979,52309,-2.4948502,-2.9910402,3653.558,3197.2224,2304.6003,615.1856,2174891.2,0.03474469,157739.06,44558,1.173953
Geo4,2/15/21,461651,58259,213340,133350,-3.9437814,3.278959,5132.643,666.1099,2547.756,1568.277,3009718.5,0.034926943,157739.06,89776,1.4853636
Geo4,2/22/21,421470,233794,238920,152101,2.3959284,4.0964994,4685.91,2673.1062,2853.2385,1788.8002,4134975.2,0.035331722,157739.06,97556,1.5591148
Geo4,3/1/21,211630,338849,191960,104745,-1.1094705,4.2524486,2352.9058,3874.2627,2292.4312,1231.8649,3865516.2,0.035025872,157739.06,76360,1.371726
Geo4,3/8/21,647599,277700,409008,84342,-6.266182,-0.647339,7200.016,3175.1099,4884.469,991.91315,2724171.2,0.034577794,157739.06,65302,1.2915684
Geo4,3/15/21,204599,62884,297388,18465,-1.193085,-6.1964626,2274.735,718.9903,3551.477,217.15962,1673404.2,0.03535468,157739.06,17390,1.0618172
Geo4,3/22/21,351920,229845,267813,98842,1.1022873,-0.78364474,3912.6523,2627.955,3198.2854,1162.4419,2852472.5,0.035369776,157739.06,73254,1.3493052
Geo4,3/29/21,355360,135873,112009,99069,0.8889397,-2.7696226,3950.8982,1553.5171,1337.6377,1165.1116,2922315.5,0.03532036,157739.06,73866,1.3411989
Geo4,4/5/21,484560,190240,171245,286635,1.327452,3.0227714,5387.3457,2175.1274,2045.0479,3371.0017,3989193.2,0.035329618,157739.06,132350,2.1657348
Geo4,4/12/21,459836,226354,299697,191760,1.8962667,1.4728643,5112.464,2588.0403,3579.0518,2255.214,3746178,0.034969997,157739.06,110745,1.7315454
Geo4,4/19/21,539728,390271,163009,186178,1.8415062,5.34391,6000.7046,4462.201,1946.6917,2189.5664,4184103.5,0.035042744,157739.06,108972,1.708494
Geo4,4/26/21,249007,371845,198314,90378,2.711775,3.9003787,2768.4639,4251.526,2368.3123,1062.9001,4014177.8,0.035319533,157739.06,68902,1.311689
Geo4,5/3/21,288749,256592,161083,215529,0.8206171,2.4985178,3210.3162,2933.7695,1923.6909,2534.752,3523669.8,0.034690708,157739.06,117542,1.8336339
Geo4,5/10/21,152016,205542,36839,249654,1.0440661,-0.6742797,1690.1163,2350.0842,439.93994,2936.0828,2652176.8,0.035362523,157739.06,125380,1.9911789
Geo4,5/17/21,362815,320454,94336,40220,1.1336415,-1.6386225,4033.783,3663.942,1126.5825,473.01163,2878239,0.035344027,157739.06,35399,1.1361903
Geo4,5/24/21,518048,309682,261424,106384,-0.9163922,2.7547362,5759.666,3540.779,3121.9866,1251.1405,2884112,0.035368424,157739.06,77196,1.3781025
Geo4,5/31/21,249087,223781,74741,360692,-3.3760142,1.6423497,2769.3533,2558.6218,892.5745,4241.957,2884506,0.035035256,157739.06,141776,2.5440977
Geo4,6/7/21,196314,97251,264589,324382,-0.33583343,0.027652603,2182.6223,1111.9287,3159.7837,3814.9294,3249516.5,0.035113376,157739.06,137710,2.3555443
Geo4,6/14/21,301304,305411,296936,64261,1.3216357,3.5209808,3349.9028,3491.9463,3546.079,755.7484,3740010.5,0.035187963,157739.06,52602,1.2216456
Geo4,6/21/21,244601,54110,155737,53514,1.6141443,2.0151598,2719.4778,618.67194,1859.8477,629.3571,3604944.8,0.035436306,157739.06,45421,1.1781775
Geo4,6/28/21,397643,252783,63624,179904,-0.8301717,2.7627623,4421.0015,2890.219,759.8127,2115.7803,2975503.8,0.034959394,157739.06,107545,1.6728253
Geo4,7/5/21,368118,389951,151949,402180,6.396917,-3.0862577,4092.742,4458.5425,1814.6105,4729.881,3465652.5,0.034793124,157739.06,145308,2.767776
Geo4,7/12/21,298270,331471,274207,167713,-2.2336535,-1.5711894,3316.1707,3789.9058,3274.644,1972.4067,2701310.8,0.03548282,157739.06,103388,1.6221708
Geo4,7/19/21,318578,30114,317362,7267,0.7609664,2.3055477,3541.9553,344.31134,3790.0112,85.46433,2836137.2,0.034916807,157739.06,7145,1.0170748
Geo4,7/26/21,135182,77565,177127,165062,-0.70445657,1.8562248,1502.9557,886.8469,2115.292,1941.2294,3385696.5,0.034824148,157739.06,102205,1.6150091
Geo4,8/2/21,219214,182630,307322,197715,0.34591618,1.5125294,2437.2249,2088.1177,3670.111,2325.2485,3928500,0.03455829,157739.06,112600,1.7559059
Geo4,8/9/21,356066,328327,243917,0,-4.296552,4.892353,3958.7476,3753.9585,2912.9138,0,3736337.5,0.03541315,157739.06,0,0
Geo4,8/16/21,201096,193431,278246,233582,2.7953756,6.0542107,2235.7886,2211.612,3322.879,2747.0662,4123473.8,0.03456895,157739.06,121923,1.9158157
Geo4,8/23/21,428379,136822,50952,22187,2.5745747,0.28722122,4762.7246,1564.3676,608.4807,260.9326,3058626.8,0.034843035,157739.06,20627,1.075629
Geo4,8/30/21,396750,182093,98348,142093,-0.012564478,-4.529769,4411.0728,2081.978,1174.4949,1671.1,2559125.2,0.034751013,157739.06,93856,1.5139469
Geo4,9/6/21,263224,199740,0,33890,1.6316497,1.8615289,2926.5288,2283.7466,0,398.567,3115720.5,0.03519069,157739.06,30372,1.1158304
Geo4,9/13/21,223285,235059,431996,158422,3.4110599,-1.2673763,2482.4863,2687.5698,5158.997,1863.1389,3386604,0.03451283,157739.06,99923,1.5854408
Geo4,9/20/21,227350,433873,0,227067,2.5018768,-3.336574,2527.681,4960.729,0,2670.4458,3168789.5,0.034983184,157739.06,120175,1.8894695
Geo4,9/27/21,416925,183037,174979,65869,0.57004374,-2.7151575,4635.379,2092.7712,2089.6401,774.6594,2450643.2,0.03502683,157739.06,53727,1.2259943
Geo4,10/4/21,136619,237543,145280,203354,-6.7781754,-0.4343477,1518.9323,2715.971,1734.9678,2391.5667,2092619.5,0.035376213,157739.06,114587,1.774669
Geo4,10/11/21,461281,273303,200305,255139,-0.99568486,-4.7028127,5128.53,3124.8362,2392.089,3000.5896,2689323.2,0.034574203,157739.06,126390,2.0186644
Geo4,10/18/21,456897,314435,171133,0,0.028532557,2.3147624,5079.788,3595.123,2043.7103,0,3785543.8,0.03461472,157739.06,0,0
Geo4,10/25/21,364161,166365,253155,137021,-0.7254974,1.6907959,4048.7478,1902.1503,3023.2363,1611.4502,4014171.8,0.03514938,157739.06,91663,1.4948343
Geo4,11/1/21,463834,345768,0,153728,-1.821231,1.0100566,5156.914,3953.3718,0,1807.9347,2888723.5,0.034720056,157739.06,98237,1.5648687
Geo4,11/8/21,297067,328216,273065,85309,2.9510083,0.20351005,3302.7957,3752.6895,3261.006,1003.28564,3825640.5,0.035463575,157739.06,65954,1.2934622
Geo4,11/15/21,309506,261754,253450,51485,-3.606164,4.0377803,3441.0928,2992.7898,3026.7593,605.4949,3207190.8,0.03533599,157739.06,43801,1.1754298
Geo4,11/22/21,479829,75681,99066,88903,-2.4960976,-5.1651096,5334.7466,865.306,1183.0693,1045.5532,1938934,0.034679744,157739.06,67909,1.309149
Geo4,11/29/21,412776,268320,88114,128532,3.5230014,1.34147,4589.2505,3067.8628,1052.278,1511.6144,3543282,0.03535618,157739.06,88195,1.4573616
Geo4,12/6/21,450602,256531,294179,135876,4.405478,1.2878274,5009.8003,2933.072,3513.1545,1597.9843,4103084,0.035055652,157739.06,91230,1.4893785
Geo4,12/13/21,250896,251269,118234,162906,3.410991,4.115385,2789.4658,2872.9084,1411.978,1915.8735,4081858.8,0.035253625,157739.06,101553,1.6041476
Geo4,12/20/21,269057,348401,320165,230092,1.4824653,-3.5133681,2991.3801,3983.4766,3823.4854,2706.0217,3006118,0.03502729,157739.06,121126,1.8996087
Geo4,12/27/21,302666,187172,180681,24440,4.8018537,-3.258723,3365.0454,2140.049,2157.7349,287.42923,3101827,0.035133485,157739.06,22847,1.0697247
Geo4,1/3/22,346525,333972,87228,327053,-0.59671986,1.7915078,3852.6707,3818.5012,1041.6971,3846.342,3999613.2,0.03513326,157739.06,137854,2.3724592
Geo4,1/10/22,505383,358810,63621,31528,1.8375202,1.52632,5618.8564,4102.489,759.77686,370.78842,4126149.8,0.035169363,157739.06,28282,1.1147727
Geo4,1/17/22,417313,187501,165340,58739,-0.92830086,5.212494,4639.693,2143.8108,1974.5289,690.80634,4275316,0.03541004,157739.06,49038,1.1978261
Geo4,1/24/22,535850,303549,215993,0,1.0586716,0.98664236,5957.589,3470.6567,2579.439,0,3197309.5,0.034696363,157739.06,0,0
Geo4,1/31/22,235100,91510,225361,92573,0.6118285,-4.015169,2613.8457,1046.2885,2691.3137,1088.7147,2851071,0.03493181,157739.06,69750,1.3272115
Geo4,2/7/22,300608,136381,202682,165965,-4.0661216,2.3133483,3342.1646,1559.3253,2420.4758,1951.8492,3053526.2,0.035236366,157739.06,102742,1.6153569
Geo4,2/14/22,183410,137074,229257,123893,-3.6600718,0.3573358,2039.1554,1567.2488,2737.8408,1457.0569,2765931.2,0.034774944,157739.06,85923,1.4419073
Geo4,2/21/22,503422,319278,299844,0,1.8250272,2.7664752,5597.0537,3650.4958,3580.8071,0,3116992.8,0.03481055,157739.06,0,0
Geo4,2/28/22,386009,87892,15744,61564,2.7780957,-4.3685236,4291.6543,1004.9217,188.01852,724.03,2287655,0.035081875,157739.06,50985,1.2074924
Geo4,3/7/22,419856,0,285689,0,1.5878122,-2.0411415,4667.966,0,3411.765,0,2644170.8,0.035000235,157739.06,0,0
Geo4,3/14/22,404686,198322,251696,108332,-10.441645,-5.445258,4499.3057,2267.5337,3005.8125,1274.0502,757264.7,0.034888137,157739.06,78422,1.3813981
Geo4,3/21/22,343601,319021,362154,59473,-0.05924557,-3.0081596,3820.1614,3647.5574,4324.9277,699.4386,2304889.5,0.034791566,157739.06,49420,1.2034197
Geo4,3/28/22,316001,0,162971,41052,-0.08994427,-0.42676905,3513.3042,0,1946.2378,482.79645,1997109,0.035169736,157739.06,35894,1.1437008
Geo4,4/4/22,294065,327770,196106,73642,-1.3923278,-5.301443,3269.4194,3747.59,2341.9436,866.07465,1521477.2,0.035422627,157739.06,58738,1.253737
Geo4,4/11/22,509195,313266,231894,262878,4.7020135,4.7501497,5661.2383,3581.757,2769.3323,3091.605,4889776,0.034634504,157739.06,127701,2.058543
Geo4,4/18/22,333546,132914,246217,136647,2.1904054,0.31791037,3708.3699,1519.685,2940.381,1607.0518,3626918.8,0.03468046,157739.06,91685,1.4903965
Geo4,4/25/22,341914,360432,248273,102198,1.7995362,2.3836625,3801.4053,4121.034,2964.9343,1201.9105,3774893,0.035343926,157739.06,75163,1.359685
Geo4,5/2/22,339522,142891,357206,124093,-1.1245847,-1.5585527,3774.811,1633.758,4265.8374,1459.409,2651380.8,0.03529004,157739.06,85947,1.4438317
Geo4,5/9/22,189641,415204,261850,186260,3.9444275,-0.23228891,2108.4316,4747.275,3127.074,2190.5308,3166689.8,0.034607865,157739.06,109292,1.7042419
Geo4,5/16/22,499459,285949,120386,320978,1.5427155,0.30737096,5552.993,3269.4255,1437.6777,3774.8962,3739765.5,0.034864876,157739.06,137271,2.3382797
Geo4,5/23/22,262304,121196,201690,89092,3.3670113,0.45791396,2916.3,1385.7062,2408.6292,1047.776,3970681.2,0.03457679,157739.06,67899,1.3121253
Geo4,5/30/22,363530,78412,0,105777,-2.376847,0.045319077,4041.7324,896.5312,0,1244.0017,2500621.2,0.034595683,157739.06,76850,1.3764086
Geo4,6/6/22,309390,257907,115558,77564,-2.688211,-0.101753086,3439.803,2948.8047,1380.0206,912.19977,2298408.5,0.03519038,157739.06,61410,1.2630516
Geo4,6/13/22,179061,361792,279428,196937,2.8280056,0.101281285,1990.8031,4136.584,3336.9946,2316.0986,3435752.2,0.034776382,157739.06,112572,1.7494315
Geo4,6/20/22,303944,167368,69875,68812,-3.4420602,1.1297846,3379.2544,1913.6182,834.4636,809.27094,2686873.8,0.03515701,157739.06,55854,1.2319977
Geo4,6/27/22,250417,182313,208942,134537,-2.607654,1.9984413,2784.1404,2084.4934,2495.2341,1582.2368,2337790.2,0.03487477,157739.06,90419,1.4879284
Geo4,7/4/22,436358,189802,182439,265858,-5.44795,-1.5510962,4851.4355,2170.1196,2178.7292,3126.6516,2060646.8,0.03488284,157739.06,128546,2.0681934
Geo4,7/11/22,366583,141955,220927,210359,-1.0137196,-3.082434,4075.6758,1623.0563,2638.3618,2473.9497,2285008.8,0.034689702,157739.06,116287,1.808964
Geo4,7/18/22,419932,364120,240411,45385,4.0609827,2.5785618,4668.8105,4163.201,2871.0444,533.7552,4268061,0.035411753,157739.06,39139,1.1595851
Geo4,7/25/22,408799,0,244081,373232,-0.056892194,-0.11354141,4545.0337,0,2914.8723,4389.435,2692814.2,0.0346682,157739.06,143192,2.6065142
Geo4,8/1/22,257202,78484,0,119107,1.383528,2.2683706,2859.576,897.35443,0,1400.7706,2975637.5,0.034637943,157739.06,83633,1.4241627
Geo4,8/8/22,331086,349236,128067,401189,0.104089215,4.146315,3681.0195,3993.0237,1529.4061,4718.226,3903163.2,0.035021245,157739.06,145119,2.7645519
Geo4,8/15/22,247091,370010,59430,172029,0.16300781,1.4849763,2747.1616,4230.545,709.727,2023.1655,3591541.5,0.034983676,157739.06,104502,1.6461791
Geo4,8/22/22,289688,343377,274319,206361,-0.8765554,2.1882966,3220.7559,3926.0342,3275.9817,2426.9307,3882803.2,0.034739174,157739.06,114867,1.7965212
Geo4,8/29/22,474413,196434,187308,170502,0.42079931,6.809022,5274.5312,2245.947,2236.876,2005.207,4247241,0.035070226,157739.06,104394,1.6332548
Geo4,9/5/22,329897,279049,96156,381042,-0.20342842,0.55669117,3667.8003,3190.5337,1148.3174,4481.285,3105075.5,0.035370555,157739.06,143797,2.6498606
Geo4,9/12/22,468270,141377,263905,196235,2.562241,-2.492056,5206.2334,1616.4476,3151.6152,2307.8428,2892894.8,0.035123263,157739.06,112227,1.7485542
Geo4,9/19/22,413004,337650,138745,156527,-2.420045,0.06625232,4591.785,3860.554,1656.9253,1840.8525,3411182.5,0.034566566,157739.06,99283,1.5765741
Geo4,9/26/22,289016,248912,262855,91903,1.1766342,-1.5787959,3213.2847,2845.9595,3139.076,1080.8351,3475127.2,0.03537448,157739.06,69964,1.3135755
Geo4,10/3/22,445045,395440,302139,275580,-2.7454715,-1.444174,4948.0176,4521.3013,3608.2146,3240.9883,2865841.8,0.035121202,157739.06,130285,2.1152089
Geo4,10/10/22,447210,172365,19563,166059,3.2529523,0.3643915,4972.088,1970.752,233.62592,1952.9547,3173576,0.03521753,157739.06,102729,1.6164764
Geo4,10/17/22,365550,151920,0,89646,1.0275587,0.6877267,4064.191,1736.9921,0,1054.2914,2774175.2,0.035193127,157739.06,68361,1.3113618
Geo4,10/24/22,518393,241441,273029,223275,4.1379623,2.7843885,5763.502,2760.539,3260.5762,2625.8496,4166484,0.03450103,157739.06,119762,1.8643225
Geo4,10/31/22,260375,387013,226620,0,-6.0552864,4.270907,2894.8535,4424.9507,2706.349,0,2593899.8,0.03522664,157739.06,0,0
Geo4,11/7/22,286843,287086,141274,117856,1.8687813,-1.6862407,3189.1252,3282.4255,1687.1272,1386.0581,3527960.2,0.035310023,157739.06,82872,1.422145
Geo4,11/14/22,562755,296367,37529,235890,2.6878328,-2.2102277,6256.719,3388.5408,448.18008,2774.2097,2915777,0.035104048,157739.06,122226,1.9299494
Geo4,11/21/22,358772,0,93597,338319,0.13854355,3.3176727,3988.833,0,1117.7573,3978.837,3759109,0.035111055,157739.06,139497,2.425278
Geo4,11/28/22,345557,530202,184085,136456,-1.07846,2.1588466,3841.9084,6062.1157,2198.3862,1604.8054,3150328.2,0.03468808,157739.06,91255,1.4953263
Geo4,12/5/22,457700,380526,283643,285909,-0.77589136,-1.7612541,5088.716,4350.781,3387.331,3362.4634,3155000.2,0.0346187,157739.06,132143,2.1636333
Geo4,12/12/22,246155,392441,197247,166927,-3.9679623,1.3253541,2736.7554,4487.012,2355.5698,1963.163,3271484,0.03527317,157739.06,103288,1.6161315
Geo4,12/19/22,445338,262975,82039,208911,0.8923104,2.6205058,4951.275,3006.75,979.72894,2456.9202,4178330,0.035395373,157739.06,115640,1.8065635
Geo4,12/26/22,386695,296844,9451,294888,3.1035376,3.566861,4299.2812,3393.9946,112.86605,3468.062,3791607.2,0.03490629,157739.06,133345,2.2114666
Geo4,1/2/23,539193,305324,182183,224324,-0.39510888,-1.0895488,5994.7563,3490.9514,2175.6719,2638.1865,3211643.5,0.035207823,157739.06,119671,1.874506
Geo4,1/9/23,363733,155028,124151,365800,-8.813908,-1.4028813,4043.9895,1772.5276,1482.6403,4302.0303,1978594.6,0.035108138,157739.06,142128,2.5737364
Geo4,1/16/23,437328,260908,167164,206923,-3.2259812,-1.1198127,4862.2197,2983.117,1996.3116,2433.54,3024351,0.034747284,157739.06,115302,1.7946177
Geo4,1/23/23,404714,154617,124299,149324,4.1061034,9.692093,4499.6167,1767.8284,1484.4077,1756.141,4873570,0.034513433,157739.06,96566,1.5463414
Geo4,1/30/23,207105,187406,296653,164798,1.9328117,3.3118424,2302.5967,2142.7246,3542.6995,1938.1245,4231382,0.03455067,157739.06,102201,1.6124891
Geo4,2/6/23,144225,30014,457973,233490,-2.8339288,-0.035226986,1603.4958,343.16797,5469.2207,2745.9841,2663816.8,0.03451449,157739.06,122076,1.912661
Geo4,2/13/23,261325,402128,156079,311215,-0.8836968,0.564495,2905.4155,4597.7695,1863.9319,3660.0774,3342423,0.03497939,157739.06,135738,2.2927625
Geo4,2/20/23,285071,121172,289062,168773,-1.9431591,-1.2041092,3169.424,1385.4318,3452.046,1984.873,2940918.5,0.0352818,157739.06,103748,1.626759
Geo4,2/27/23,235863,252634,100335,173559,1.3777726,5.1163135,2622.3286,2888.5154,1198.224,2041.1593,4389631,0.0351056,157739.06,105313,1.6480302
Geo4,3/6/23,454521,458213,155775,369272,-4.2128754,-0.8936765,5053.372,5239.0225,1860.3015,4342.863,2926164.8,0.034752734,157739.06,142591,2.5897286
Geo4,3/13/23,392253,303835,343163,73662,-2.1944814,-0.8852495,4361.075,3473.9268,4098.133,866.3099,2447208.8,0.03532839,157739.06,58608,1.2568592
Geo4,3/20/23,273825,286076,77600,165155,8.159902,-0.10721971,3044.3909,3270.8777,926.71735,1942.3231,3679470.5,0.034845967,157739.06,102591,1.6098391
Geo4,3/27/23,73091,314636,159085,78704,0.04948528,-1.8210833,812.6269,3597.4211,1899.8303,925.6068,2505327.5,0.03481255,157739.06,62390,1.2614843
Geo4,4/3/23,348893,221726,114844,133709,-2.9250503,-5.1389523,3878.998,2535.1257,1371.4939,1572.499,2076365.4,0.035244174,157739.06,90625,1.4754096
Geo4,4/10/23,234438,309869,229328,9981,1.2863748,2.678352,2606.4856,3542.9172,2738.6887,117.38262,3514016.8,0.034996122,157739.06,9759,1.0227482
Geo4,4/17/23,258566,209941,131860,281680,2.4362805,-2.2265096,2874.741,2400.3806,1574.703,3312.7278,3478035,0.03496822,157739.06,131347,2.1445484
Geo4,4/24/23,389202,250407,214346,0,2.5024338,1.100522,4327.1543,2863.0527,2559.77,0,3540231.8,0.03533273,157739.06,0,0
Geo4,5/1/23,420364,312530,326360,15436,3.3550122,0.74284416,4673.614,3573.342,3897.4675,181.53673,3727472.2,0.034823652,157739.06,14784,1.0441017
Geo4,5/8/23,326511,71862,245945,96469,1.263695,1.4623828,3630.1545,821.6411,2937.1328,1134.534,3469757.2,0.035318576,157739.06,72399,1.3324631
Geo4,5/15/23,482264,300474,200342,251632,-0.37674335,-2.6842313,5361.819,3435.4985,2392.531,2959.3452,2074553.6,0.03466309,157739.06,125804,2.0001907
Geo4,5/22/23,283806,155006,249051,153830,-5.725504,3.2995713,3155.3596,1772.2761,2974.2253,1809.1343,3037067.8,0.03466537,157739.06,98245,1.5657794
Geo4,5/29/23,448479,286473,171087,346794,-5.268272,-0.3681684,4986.197,3275.4167,2043.161,4078.508,2306840.8,0.035048727,157739.06,140176,2.4739897
Geo4,6/5/23,293262,340650,294355,26364,-5.292353,0.31034356,3260.4917,3894.8547,3515.2563,310.05664,2463330.2,0.03470458,157739.06,24481,1.0769168
Geo4,6/12/23,403543,123607,140060,212911,4.330891,0.56358135,4486.5977,1413.2726,1672.6293,2503.9626,3027871.8,0.03485237,157739.06,116712,1.8242426
Geo4,6/19/23,415716,0,329443,225831,0.46780252,-0.5990884,4621.937,0,3934.2854,2655.9097,3036409.5,0.034621567,157739.06,119740,1.8860114
Geo4,6/26/23,376894,242256,155352,88087,-1.7775941,-2.8326173,4190.3135,2769.8574,1855.2499,1035.9567,1906703,0.034908462,157739.06,67814,1.2989501
Geo4,7/3/23,312625,421640,143626,262491,1.0095246,-3.1572542,3475.7698,4820.862,1715.2153,3087.0535,2660797.5,0.035295777,157739.06,127911,2.0521379
Geo4,7/10/23,446568,34198,191162,232916,-5.8441296,0.49125242,4964.95,391.00613,2282.9014,2739.2336,2335264.2,0.03498252,157739.06,121730,1.913382
Geo4,7/17/23,368862,0,93763,189400,0.24437906,1.0366029,4101.0137,0,1119.7396,2227.459,3286245.5,0.034630254,157739.06,110195,1.7187712
Geo4,7/24/23,137263,315980,136662,283326,1.5973356,4.82541,1526.0923,3612.7878,1632.0496,3332.086,3332676.2,0.03455478,157739.06,131453,2.1553407
Geo4,7/31/23,279801,270026,100210,274345,-2.5643947,-1.5109982,3110.832,3087.3684,1196.7312,3226.4639,2850486.2,0.03493425,157739.06,130033,2.1098106
Geo4,8/7/23,218935,450650,273374,0,2.1315453,-1.4972782,2434.1228,5152.5503,3264.6963,0,3274159,0.034596805,157739.06,0,0
Geo4,8/14/23,452198,328117,143848,242103,1.9572183,-0.65206164,5027.545,3751.5574,1717.8665,2847.2783,3053767,0.03480374,157739.06,123584,1.9590157
Geo4,8/21/23,420655,257620,94977,390638,3.7956927,-3.6386356,4676.849,2945.5232,1134.2375,4594.14,2921063.2,0.03454193,157739.06,144527,2.702872
Geo4,8/28/23,353202,431772,259342,215247,1.903057,1.874367,3926.9055,4936.707,3097.1228,2531.4355,3982819.5,0.034980975,157739.06,117477,1.832248
Geo4,9/4/23,320374,190701,104133,154922,2.060133,0.61221546,3561.9233,2180.3984,1243.5807,1821.9768,3911103,0.035288483,157739.06,98856,1.5671482
Geo4,9/11/23,223128,192759,423384,81699,0.15216434,-0.19716278,2480.7407,2203.9287,5056.151,960.82983,2950803,0.035280548,157739.06,63606,1.2844543
Geo4,9/18/23,555009,133211,93935,241200,-2.7851164,-1.5415637,6170.599,1523.0808,1121.7937,2836.6584,2923279.5,0.035069175,157739.06,123520,1.9527202
Geo4,9/25/23,348726,403233,333234,209442,-2.0167284,-2.3933074,3877.1414,4610.4033,3979.5583,2463.165,3169685.8,0.035293873,157739.06,115955,1.8062352
Geo4,10/2/23,550855,396152,196357,184724,-0.4957114,-1.962863,6124.415,4529.4424,2344.9412,2172.4666,2955577.2,0.035264768,157739.06,108980,1.6950266
Geo4,10/9/23,333357,343068,268736,243892,1.8108677,3.2446065,3706.2686,3922.5012,3209.308,2868.318,4317257.5,0.034543518,157739.06,124221,1.9633718
Geo4,10/16/23,462254,283932,52314,157198,2.4817739,-1.5254663,5139.3477,3246.364,624.74603,1848.7439,3555589,0.035213526,157739.06,99271,1.5835239
Geo4,10/23/23,384046,103659,271975,252464,-4.115989,2.15658,4269.8296,1185.1952,3247.989,2969.13,2917093.5,0.03539025,157739.06,126013,2.003476
Geo4,10/30/23,645711,250198,241781,88765,4.7018394,-5.6353726,7179.0254,2860.663,2887.4053,1043.9303,3103573.8,0.03500573,157739.06,67587,1.3133442
Geo4,11/6/23,285128,253814,469,325104,0.08001201,-2.3106205,3170.0576,2902.0068,5.600908,3823.4204,2615658.5,0.034859948,157739.06,137674,2.3614044
Geo4,11/13/23,642153,213511,396589,245774,3.6504443,2.2957716,7139.4673,2441.1987,4736.1587,2890.4514,4233428,0.035100058,157739.06,124690,1.9710803
Geo4,11/20/23,238015,106790,277655,147491,-3.0792696,5.861602,2646.2546,1220.9938,3315.821,1734.5837,4366052.5,0.035499625,157739.06,95770,1.5400543
Geo4,11/27/23,280304,149683,118839,180381,-0.001261822,-2.1427422,3116.4243,1711.415,1419.2031,2121.3901,2622193.5,0.035108805,157739.06,107633,1.6758894
Geo4,12/4/23,266394,209120,165461,135076,1.0959044,-0.2668855,2961.7727,2390.9937,1975.974,1588.5758,3551715.2,0.034909,157739.06,90619,1.4905925
Geo4,12/11/23,394772,143250,0,233410,2.3343396,-0.72353524,4389.0815,1637.8627,0,2745.0435,3256731.8,0.035073444,157739.06,121928,1.9143264
Geo4,12/18/23,557655,254854,128694,434830,-0.029949166,-1.6009142,6200.017,2913.898,1536.8938,5113.8647,3674690.2,0.035296563,157739.06,147697,2.944068
Geo4,12/25/23,310009,140177,325674,26819,1.3629473,0.022639804,3446.685,1602.7273,3889.2751,315.4077,3076779.8,0.034935705,157739.06,24374,1.1003118
Geo4,1/1/24,264237,241451,112739,106533,0.44845575,-0.861437,2937.7913,2760.6533,1346.3555,1252.8928,3038090,0.03545734,157739.06,77354,1.3772138
Geo4,1/8/24,202806,167181,321851,209897,-2.0497088,0.008861756,2254.8003,1911.4801,3843.6199,2468.516,2304909.2,0.035242707,157739.06,116296,1.8048514
Geo4,1/15/24,347298,380151,102271,219794,-0.6429887,-3.162663,3861.265,4346.493,1221.3442,2584.911,2137359.5,0.034798916,157739.06,118651,1.8524412
Geo5,1/25/21,1467892,739454,979052,142400,5.0974426,-3.087994,16320.047,8454.619,11692.068,1674.7104,13721927,0.035334755,598300.25,126682,1.1240745
Geo5,2/1/21,1517023,497293,151239,302226,1.3117996,4.692358,16866.287,5685.8477,1806.1315,3554.3613,13489331,0.03517577,598300.25,238019,1.2697557
Geo5,2/8/21,2050348,1307694,993555,508567,-6.8315687,-0.36508188,22795.803,14951.6455,11865.267,5981.0566,8897731,0.03453498,598300.25,342441,1.485123
Geo5,2/15/21,1438764,484694,137556,121633,-0.57820547,-3.5686905,15996.201,5541.796,1642.726,1430.4779,9192370,0.034980394,598300.25,110123,1.1045195
Geo5,2/22/21,965812,274585,1163624,503596,1.9627616,-2.2274857,10737.913,3139.4941,13896.27,5922.5947,11561244,0.034937922,598300.25,339995,1.4811865
Geo5,3/1/21,1382902,1010331,974203,536606,-0.53683954,3.312888,15375.127,11551.717,11634.16,6310.8125,15278817,0.03458613,598300.25,354443,1.5139416
Geo5,3/8/21,1081984,447841,1755950,874746,3.0374455,-1.6569117,12029.516,5120.4336,20969.965,10287.544,14730406,0.035471935,598300.25,459746,1.9026723
Geo5,3/15/21,1076534,295048,1001520,515226,5.7918453,-4.123851,11968.923,3373.46,11960.386,6059.3706,11329791,0.03460621,598300.25,345585,1.4908807
Geo5,3/22/21,1695756,307527,1003345,521670,-1.7150556,-0.1977746,18853.443,3516.1396,11982.181,6135.1562,10701513,0.03469829,598300.25,348140,1.4984488
Geo5,3/29/21,908785,787947,633154,1100421,-1.6774231,0.15138721,10103.887,9009.068,7561.273,12941.619,13469607,0.035165504,598300.25,503303,2.1863987
Geo5,4/5/21,1619909,605044,491932,791268,4.678532,1.5209825,18010.174,6917.829,5874.767,9305.792,16364239,0.035414748,598300.25,439101,1.8020182
Geo5,4/12/21,1554179,1018384,1315619,1282721,3.8709044,2.7948332,17279.387,11643.792,15711.43,15085.578,16758792,0.03458433,598300.25,528397,2.4275706
Geo5,4/19/21,1870363,1084792,1157927,494461,-1.2457634,-2.028568,20794.727,12403.074,13828.235,5815.1616,10808711,0.035124782,598300.25,336579,1.4690785
Geo5,4/26/21,1363029,1349175,745255,391302,1.3611557,0.20899287,15154.179,15425.923,8900.01,4601.949,12665239,0.034616414,598300.25,287478,1.3611546
Geo5,5/3/21,506635,985941,614446,118370,-1.3773481,-1.201791,5632.7764,11272.852,7337.858,1392.1031,9807022,0.035368435,598300.25,107408,1.1020595
Geo5,5/10/21,1095522,705379,641638,658511,2.3496869,2.8167148,12180.031,8065.019,7662.5913,7744.4893,13774915,0.03482923,598300.25,398995,1.6504242
Geo5,5/17/21,1081692,1044309,832520,335350,1.7489886,-0.08488897,12026.27,11940.208,9942.148,3943.9197,13100145,0.034823976,598300.25,257070,1.3045084
Geo5,5/24/21,2340393,972151,459439,740772,-5.16749,-2.640785,26020.527,11115.183,5486.728,8711.929,6503220,0.035024717,598300.25,424339,1.745708
Geo5,5/31/21,1099220,976474,621696,717415,3.6817493,-6.2603416,12221.1455,11164.61,7424.439,8437.236,10870302,0.03514176,598300.25,418020,1.7162217
Geo5,6/7/21,634226,523822,503960,826124,-3.1263351,-1.2602206,7051.335,5989.1694,6018.408,9715.72,10237469,0.034836534,598300.25,447187,1.8473793
Geo5,6/14/21,1432813,812072,1127798,1005631,4.48185,1.2444413,15930.038,9284.903,13468.428,11826.831,16294185,0.035210073,598300.25,486974,2.0650609
Geo5,6/21/21,1747080,799742,899273,0,1.9877057,-1.7960382,19424.064,9143.928,10739.328,0,12463647,0.034887526,598300.25,0,0
Geo5,6/28/21,978235,1049446,228599,95547,-1.7832295,2.7812984,10876.032,11998.942,2729.9827,1123.6908,11349259,0.034874983,598300.25,89393,1.068842
Geo5,7/5/21,1408035,1439069,611667,1584429,4.272492,3.9480135,15654.556,16453.734,7304.6704,18633.848,16777124,0.035229687,598300.25,555988,2.8497539
Geo5,7/12/21,1345880,983617,1024838,856775,1.6449962,-2.4105225,14963.516,11246.28,12238.855,10076.194,12170845,0.034798272,598300.25,455566,1.8806825
Geo5,7/19/21,1170006,1046940,799250,244125,-1.2573013,-0.41704997,13008.1455,11970.29,9544.83,2871.0583,8247727.5,0.035234686,598300.25,200504,1.2175567
Geo5,7/26/21,392926,517791,727992,836926,-0.9741875,-6.887061,4368.5576,5920.2134,8693.851,9842.758,7556432.5,0.035350937,598300.25,450991,1.8557488
Geo5,8/2/21,696367,840976,1580093,693803,1.1387751,0.440819,7742.2197,9615.381,18869.84,8159.5444,15245690,0.03453577,598300.25,410383,1.6906232
Geo5,8/9/21,1608193,920298,897077,0,-1.5553712,1.2811344,17879.916,10522.316,10713.104,0,13425587,0.034563307,598300.25,0,0
Geo5,8/16/21,850806,703364,1227348,525259,-1.4769402,-2.8711438,9459.274,8041.9805,14657.277,6177.3647,8592227,0.03454142,598300.25,349413,1.5032612
Geo5,8/23/21,1394536,788399,676868,0,0.81015766,-0.14580393,15504.474,9014.236,8083.316,0,10718253,0.035325393,598300.25,0,0
Geo5,8/30/21,1604229,838508,474883,891646,0.6656285,0.25266647,17835.844,9587.162,5671.164,10486.299,13469398,0.034780197,598300.25,463321,1.9244671
Geo5,9/6/21,1302442,1043687,0,0,4.190567,-2.2763755,14480.571,11933.097,0,0,11220264,0.034853503,598300.25,0,0
Geo5,9/13/21,759876,525982,1210929,600287,0.752671,3.533663,8448.313,6013.866,14461.197,7059.7397,15547629,0.035043996,598300.25,378686,1.585184
Geo5,9/20/21,628290,2088782,926406,970233,3.1885135,1.7552624,6985.3384,23882.291,11063.357,11410.529,16343221,0.035465892,598300.25,480537,2.01906
Geo5,9/27/21,1384609,740572,805391,323829,5.299465,0.9761812,15394.105,8467.401,9618.168,3808.4258,14342524,0.034877528,598300.25,249642,1.2971735
Geo5,10/4/21,1023137,127877,305002,497831,6.3917055,-1.2348745,11375.254,1462.094,3642.4053,5854.795,13065924,0.034538362,598300.25,337536,1.4748975
Geo5,10/11/21,1889549,480016,547360,263830,-6.161953,-2.7397323,21008.037,5488.3096,6536.701,3102.801,8920584,0.034849644,598300.25,214071,1.2324415
Geo5,10/18/21,955052,665571,822247,0,0.19829372,0.8974159,10618.283,7609.8706,9819.466,0,13026873,0.03500496,598300.25,0,0
Geo5,10/25/21,1200931,1214553,609847,724491,1.8978214,-0.44309074,13351.971,13886.709,7282.9355,8520.454,15934392,0.035429694,598300.25,420144,1.7243874
Geo5,11/1/21,1332092,929119,965689,549636,-3.9736047,2.6531415,14810.221,10623.172,11532.484,6464.053,11711513,0.035247352,598300.25,360288,1.5255462
Geo5,11/8/21,1011453,1336466,1351260,492336,-2.0992627,1.6423198,11245.351,15280.613,16137.0625,5790.1704,13626740,0.0351317,598300.25,335280,1.4684323
Geo5,11/15/21,1541726,578635,173696,141133,-1.2472553,-3.5926595,17140.936,6615.8794,2074.3184,1659.8098,8476823,0.03465259,598300.25,125369,1.1257408
Geo5,11/22/21,761030,580446,1166190,0,-4.699387,1.085192,8461.144,6636.5854,13926.914,0,11666927,0.035418976,598300.25,0,0
Geo5,11/29/21,1701128,989523,142690,969093,-0.89153314,-1.4963458,18913.168,11313.807,1704.0374,11397.122,10192045,0.034772858,598300.25,479682,2.0202823
Geo5,12/6/21,1192209,1164458,1488551,743071,1.2105132,3.7367477,13254.999,13313.943,17776.625,8738.966,16000681,0.034587197,598300.25,426106,1.7438642
Geo5,12/13/21,1373416,733036,1088707,504971,2.1350553,-0.15037473,15269.661,8381.238,13001.594,5938.7656,12510305,0.03504272,598300.25,341468,1.4788238
Geo5,12/20/21,1399866,1625474,1539758,547512,-0.21557549,-0.65348005,15563.732,18585.014,18388.15,6439.0737,12893001,0.034723554,598300.25,358956,1.52529
Geo5,12/27/21,1717829,1205289,779720,581816,2.0340562,-5.3692613,19098.852,13780.788,9311.599,6842.51,10271287,0.035118606,598300.25,372382,1.562417
Geo5,1/3/22,1887231,1365232,424022,710159,-0.7561006,0.39609888,20982.266,15609.512,5063.77,8351.901,15249958,0.03521038,598300.25,414729,1.7123446
Geo5,1/10/22,1843576,1138311,360643,410518,0.89147663,2.8758998,20496.908,13014.989,4306.8833,4827.941,17038706,0.034852125,598300.25,296539,1.3843642
Geo5,1/17/22,1604730,691427,970382,493019,-2.3634493,0.71843517,17841.414,7905.4976,11588.528,5798.203,14212395,0.034965362,598300.25,335633,1.4689229
Geo5,1/24/22,1870820,1315666,423664,367216,0.015118224,0.89567757,20799.807,15042.795,5059.4946,4318.683,12056941,0.03501361,598300.25,275015,1.3352581
Geo5,1/31/22,913052,563892,112429,0,5.507882,-0.46536386,10151.327,6447.314,1342.6534,0,14948466,0.035264943,598300.25,0,0
Geo5,2/7/22,1669789,435056,425296,491288,1.9257199,3.9648795,18564.74,4974.255,5078.9844,5777.845,15757606,0.034523234,598300.25,334338,1.4694351
Geo5,2/14/22,897146,447354,947617,1010566,2.2151878,3.0926147,9974.483,5114.865,11316.664,11884.87,15808569,0.03502454,598300.25,488241,2.0698097
Geo5,2/21/22,1665450,703770,302722,573436,2.4504218,-1.102834,18516.5,8046.6226,3615.177,6743.9556,9972622,0.03466171,598300.25,368537,1.5559795
Geo5,2/28/22,621090,128749,730351,303514,-3.121945,1.2772139,6905.2886,1472.0641,8722.022,3569.509,10105979,0.035404567,598300.25,237437,1.2782928
Geo5,3/7/22,1552893,405714,1561417,683028,-3.7905903,-2.6967402,17265.09,4638.77,18646.807,8032.824,9780478,0.034644157,598300.25,406971,1.678321
Geo5,3/14/22,1054070,448496,512998,537278,5.299771,1.2241215,11719.167,5127.9224,6126.3423,6318.716,14469047,0.03532515,598300.25,354019,1.517653
Geo5,3/21/22,684120,1106452,958248,924021,-4.8686385,-0.8777073,7606.057,12650.726,11443.622,10867.048,9229606,0.035337836,598300.25,470311,1.9647021
Geo5,3/28/22,1511441,329621,409422,290818,-1.193629,3.01259,16804.225,3768.7537,4889.413,3420.1963,10306282,0.0353427,598300.25,230934,1.2593122
Geo5,4/4/22,1711057,1045715,1120117,129774,3.4992094,0.9685366,19023.559,11956.283,13376.699,1526.2211,12984095,0.03502004,598300.25,117407,1.1053344
Geo5,4/11/22,1206789,1249734,398380,1366714,-8.228298,4.523733,13417.1,14288.954,4757.5474,16073.387,13079438,0.034985926,598300.25,537262,2.5438502
Geo5,4/18/22,1531119,418283,851830,1161576,-3.1312413,-0.15345155,17023.006,4782.479,10172.753,13660.839,11635586,0.03473314,598300.25,512366,2.2670825
Geo5,4/25/22,1064170,1453394,722394,580592,-3.599955,1.0942582,11831.459,16617.521,8626.998,6828.1147,12286191,0.035142742,598300.25,371136,1.5643646
Geo5,5/2/22,1459984,467408,1266398,722856,-0.07449637,1.5119493,16232.126,5344.155,15123.621,8501.226,13090940,0.035131536,598300.25,419523,1.7230426
Geo5,5/9/22,723494,1549910,334959,695226,1.6930437,1.2157999,8043.818,17721.045,4000.1587,8176.28,12124760,0.035403606,598300.25,410671,1.6929026
Geo5,5/16/22,2021839,778710,500746,1008008,4.958696,-4.2695665,22478.838,8903.456,5980.026,11854.786,14120357,0.034606025,598300.25,487263,2.0687144
Geo5,5/23/22,385003,1110642,567410,742325,-1.451255,-5.3971305,4280.4697,12698.633,6776.143,8730.192,10426466,0.03486843,598300.25,425560,1.7443486
Geo5,5/30/22,1584869,860865,259893,206545,4.651414,-2.6425564,17620.6,9842.783,3103.703,2429.0947,11883921,0.034710687,598300.25,174271,1.1851944
Geo5,6/6/22,1282740,992942,303710,57259,-4.7251844,-5.1172647,14261.524,11352.898,3626.9758,673.40063,5182868,0.034877043,598300.25,54450,1.0515887
Geo5,6/13/22,1563833,862373,805310,621976,3.9310331,1.4338014,17386.72,9860.025,9617.2,7314.8154,13811768,0.035416555,598300.25,387002,1.6071649
Geo5,6/20/22,969828,1292322,859223,298783,1.6582114,0.98372257,10782.563,14775.889,10261.042,3513.8696,13128903,0.035300154,598300.25,235590,1.268233
Geo5,6/27/22,1626072,250946,800146,345990,1.226139,-4.7465334,18078.695,2869.2153,9555.53,4069.0525,6918970.5,0.03549866,598300.25,262165,1.3197414
Geo5,7/4/22,1440907,991447,599485,833869,-4.156238,6.88994,16020.027,11335.805,7159.19,9806.806,14027134,0.03516942,598300.25,449740,1.8541135
Geo5,7/11/22,1319931,319060,956610,866397,4.8349185,-2.127889,14675.015,3648.0034,11424.061,10189.3545,12552039,0.035161927,598300.25,457965,1.891841
Geo5,7/18/22,1689952,1242991,707244,570366,-1.68063,-5.157504,18788.914,14211.857,8446.073,6707.8506,9115245,0.035194818,598300.25,367427,1.5523247
Geo5,7/25/22,1383099,0,968865,828434,4.283909,-5.0965643,15377.317,0,11570.412,9742.887,9628377,0.034895312,598300.25,448665,1.8464422
Geo5,8/1/22,1586550,864514,657119,469289,-1.429649,3.181348,17639.29,9884.505,7847.4688,5519.1235,12166424,0.035166893,598300.25,325299,1.4426389
Geo5,8/8/22,1364190,1688299,765483,1113408,-0.34804183,-7.0631633,15167.087,19303.33,9141.577,13094.3545,9273656,0.0346226,598300.25,504748,2.205869
Geo5,8/15/22,1371660,1255354,662909,193805,-2.9110105,1.0448904,15250.138,14353.211,7916.6143,2279.2644,12359065,0.035359215,598300.25,166272,1.1655902
Geo5,8/22/22,1264360,491030,1252703,356962,-1.2083256,3.66224,14057.175,5614.239,14960.072,4198.09,14314840,0.034898486,598300.25,269377,1.3251392
Geo5,8/29/22,1630546,1972392,542602,134835,3.7523725,2.9441364,18128.438,22551.535,6479.88,1585.7415,14395984,0.03477851,598300.25,120666,1.1174233
Geo5,9/5/22,1146138,545740,106890,767996,-1.6281477,0.6646787,12742.781,6239.771,1276.5054,9032.1,10537360,0.035455074,598300.25,432782,1.7745563
Geo5,9/12/22,1533237,686608,1006766,510812,-1.2030334,-1.1257653,17046.555,7850.399,12023.035,6007.4595,10702761,0.035174202,598300.25,344177,1.4841549
Geo5,9/19/22,1402389,1066511,372946,1021417,0.35403338,-1.6116847,15591.783,12194.057,4453.8086,12012.484,13956242,0.03536656,598300.25,489894,2.0849755
Geo5,9/26/22,858972,522994,846921,520121,-1.7061453,2.6918259,9550.064,5979.7026,10114.129,6116.939,14705327,0.035231266,598300.25,347091,1.4985148
Geo5,10/3/22,1932599,1170142,720157,1108172,7.2748365,3.4884381,21486.668,13378.932,8600.283,13032.775,18518760,0.034570396,598300.25,504504,2.1965575
Geo5,10/10/22,946441,89580,0,350110,-0.91808844,0.7506082,10522.546,1024.2216,0,4117.5063,9658188,0.034620825,598300.25,264101,1.325667
Geo5,10/17/22,777108,843141,0,160831,0.37919044,1.5846009,8639.899,9640.134,0,1891.4702,11570216,0.035410788,598300.25,140411,1.1454302
Geo5,10/24/22,1540020,418217,629902,847623,1.1907349,3.2734914,17121.967,4781.7246,7522.437,9968.562,14425056,0.035143573,598300.25,453329,1.8697745
Geo5,10/31/22,1175686,1458416,720220,667049,2.895759,0.10034606,13071.296,16674.94,8601.036,7844.9014,12836528,0.03486055,598300.25,402475,1.6573676
Geo5,11/7/22,1308096,982273,1033869,846368,-2.9315805,1.5500839,14543.433,11230.913,12346.705,9953.802,14777480,0.035422493,598300.25,452562,1.8701702
Geo5,11/14/22,1365001,969734,392782,814096,2.3247077,1.7603927,15176.104,11087.548,4690.6943,9574.264,14499590,0.034676302,598300.25,444626,1.830968
Geo5,11/21/22,1118777,1078949,505118,1561112,6.0700693,2.8092697,12438.581,12336.268,6032.2373,18359.625,17932224,0.034950107,598300.25,554398,2.8158689
Geo5,11/28/22,1310022,1116427,42369,0,4.5995836,0.8168297,14564.846,12764.776,505.9805,0,12736936,0.035333782,598300.25,0,0
Geo5,12/5/22,1763010,1566462,1476284,952448,-1.5985105,2.2351737,19601.174,17910.295,17630.129,11201.367,15002614,0.03508426,598300.25,476166,2.0002437
Geo5,12/12/22,1534575,1119128,576746,0,3.0697267,1.1894207,17061.43,12795.658,6887.6357,0,15427147,0.03528139,598300.25,0,0
Geo5,12/19/22,1700100,1349685,510007,518551,-1.0702916,0.47932887,18901.74,15431.754,6090.623,6098.4746,13239995,0.035284854,598300.25,345973,1.4988192
Geo5,12/26/22,1507275,588802,434769,1375424,-3.9606686,6.4716454,16757.908,6732.1245,5192.1133,16175.821,14101098,0.03466278,598300.25,538347,2.5549023
Geo5,1/2/23,1967779,964462,967137,487560,-0.10120299,-1.6588569,21877.799,11027.27,11549.776,5734.002,13115200,0.034913052,598300.25,333452,1.4621595
Geo5,1/9/23,1179036,824226,724277,1322951,-4.726771,-0.22897828,13108.541,9423.868,8649.485,15558.707,10112837,0.03492696,598300.25,533076,2.4817305
Geo5,1/16/23,1674030,480600,359779,83918,1.9484997,-1.0274239,18611.893,5494.987,4296.565,986.92664,13487706,0.035400726,598300.25,78644,1.0670617
Geo5,1/23/23,946005,1070957,1538289,115707,-0.8745072,2.3736043,10517.699,12244.891,18370.607,1360.7845,12398853,0.035036985,598300.25,105565,1.0960735
Geo5,1/30/23,869985,1364460,919135,676586,4.693236,-3.7662716,9672.508,15600.686,10976.525,7957.0625,13656172,0.035367064,598300.25,404911,1.6709499
Geo5,2/6/23,1194351,473573,1307798,1157098,1.7863152,-4.563995,13278.813,5414.6426,15618.029,13608.175,10601737,0.034710612,598300.25,511829,2.2607121
Geo5,2/13/23,890969,1546212,426160,746916,3.499753,0.19744316,9905.808,17678.764,5089.3022,8784.186,14452235,0.03506311,598300.25,426816,1.7499719
Geo5,2/20/23,1219853,313806,1016441,1006300,1.6764584,-0.4069394,13562.346,3587.9312,12138.576,11834.699,13925279,0.03540524,598300.25,486624,2.067921
Geo5,2/27/23,1833665,584590,972302,1059986,-8.490673,-1.7590195,20386.717,6683.9663,11611.458,12466.079,9471795,0.035348978,598300.25,496429,2.1352217
Geo5,3/6/23,1259964,1303163,851951,1088261,0.9882447,1.986872,14008.3,14899.84,10174.198,12798.61,16131165,0.034982555,598300.25,501586,2.1696398
Geo5,3/13/23,2192934,709754,1047490,0,-4.491328,0.3903147,24381.076,8115.041,12509.37,0,9504657,0.035308965,598300.25,0,0
Geo5,3/20/23,1330538,1358422,513586,830587,3.418066,-4.9043064,14792.943,15531.649,6133.3643,9768.208,9609278,0.034892347,598300.25,449195,1.8490566
Geo5,3/27/23,971009,962345,1343875,916332,1.3331484,4.37755,10795.693,11003.064,16048.869,10776.621,15124793,0.035290558,598300.25,469451,1.9519225
Geo5,4/3/23,1101925,802829,633579,678900,-0.44071192,2.8919835,12251.22,9179.223,7566.3486,7984.2764,14844695,0.03460319,598300.25,405669,1.6735319
Geo5,4/10/23,1008168,795240,1503601,0,1.9251652,0.67592466,11208.828,9092.453,17956.355,0,13809207,0.035260588,598300.25,0,0
Geo5,4/17/23,1135290,1000131,965612,146053,2.8135421,-0.275299,12622.173,11435.095,11531.564,1717.672,15244918,0.03500067,598300.25,129871,1.1246005
Geo5,4/24/23,1274603,407971,620273,778500,3.3506722,-0.87231123,14171.057,4664.5757,7407.4453,9155.633,13582423,0.034529753,598300.25,435531,1.7874732
Geo5,5/1/23,1499637,767336,752187,711074,-3.5271285,-2.3438911,16672.988,8773.41,8982.793,8362.662,10007719,0.034785833,598300.25,415759,1.7103033
Geo5,5/8/23,1226777,901795,945172,119173,-1.758246,-3.2445552,13639.326,10310.761,11287.465,1401.5469,10072948,0.035253488,598300.25,108030,1.1031473
Geo5,5/15/23,1866204,772671,1356914,239605,6.3396797,-3.0745003,20748.486,8834.408,16204.584,2817.9004,11782847,0.035421453,598300.25,197254,1.2147028
Geo5,5/22/23,705266,998590,633835,828625,-4.573764,-2.251344,7841.1587,11417.476,7569.406,9745.133,9393917,0.03527401,598300.25,448140,1.8490316
Geo5,5/29/23,886866,1613533,716910,592114,1.6905937,-6.1139016,9860.19,18448.486,8561.507,6963.62,8579125,0.035077747,598300.25,375980,1.5748551
Geo5,6/5/23,1021240,1427909,546434,434173,-2.8990045,0.45527315,11354.163,16326.136,6525.6426,5106.138,10971117,0.03527915,598300.25,308584,1.4069848
Geo5,6/12/23,841684,449454,822645,162961,-4.9040046,-0.73794734,9357.856,5138.876,9824.219,1916.5204,6842545.5,0.034934465,598300.25,142593,1.1428401
Geo5,6/19/23,2145462,10127,1474983,672541,-8.185248,-1.0658877,23853.281,115.78803,17614.592,7909.4907,7302352.5,0.03519726,598300.25,404213,1.6638283
Geo5,6/26/23,262059,1394964,867124,658983,0.6468897,2.7371538,2913.5762,15949.456,10355.397,7750.0405,11937866,0.034992296,598300.25,398888,1.6520503
Geo5,7/3/23,779979,1226656,566062,458709,-3.4818199,-4.3330045,8671.819,14025.09,6760.045,5394.6963,7520871,0.034827672,598300.25,320702,1.4303279
Geo5,7/10/23,1598592,0,797716,980698,2.766604,-4.1778603,17773.172,0,9526.511,11533.6045,10769690,0.035401806,598300.25,481885,2.0351288
Geo5,7/17/23,1574259,847935,397036,1005120,-0.1154854,-0.90570927,17502.637,9694.947,4741.4966,11820.821,12022995,0.034719232,598300.25,487034,2.0637574
Geo5,7/24/23,1138782,763540,671420,1664253,-1.9724455,1.1541028,12660.997,8730.009,8018.255,19572.627,10013451,0.03522855,598300.25,561420,2.9643636
Geo5,7/31/23,913781,1383930,794382,857049,-1.4775404,-5.867414,10159.432,15823.298,9486.695,10079.417,9867193,0.035342235,598300.25,454847,1.8842578
Geo5,8/7/23,1059888,1074174,937193,0,-1.9946861,-2.7776732,11783.852,12281.672,11192.178,0,9599044,0.034909517,598300.25,0,0
Geo5,8/14/23,1289704,843867,809496,499933,2.916861,2.8461094,14338.95,9648.435,9667.19,5879.5156,14329430,0.034995455,598300.25,339187,1.4739156
Geo5,8/21/23,2042425,884015,899532,771408,2.0835466,6.1762905,22707.715,10107.471,10742.422,9072.227,16894748,0.03535651,598300.25,434754,1.7743552
Geo5,8/28/23,1384353,1878447,517436,1347924,-4.6907024,1.9338452,15391.259,21477.406,6179.342,15852.405,12631908,0.03472086,598300.25,535609,2.5166194
Geo5,9/4/23,1128640,805592,526072,442892,1.1335698,5.9734206,12548.238,9210.814,6282.475,5208.6787,18253012,0.03471845,598300.25,312867,1.415592
Geo5,9/11/23,1567465,336488,2330425,760267,-5.200347,-2.858014,17427.102,3847.268,27830.48,8941.202,7506850,0.034797005,598300.25,430410,1.7663785
Geo5,9/18/23,1813666,726909,731233,1615987,-1.685883,0.81035703,20164.367,8311.185,8732.556,19004.988,13671750,0.03537392,598300.25,558029,2.8958836
Geo5,9/25/23,1277221,898817,736350,1083015,-0.3272673,-4.371628,14200.164,10276.711,8793.664,12736.914,11897654,0.035208493,598300.25,500437,2.1641386
Geo5,10/2/23,1078087,1141672,395757,1030296,-1.9616308,-2.6088376,11986.188,13053.417,4726.2227,12116.906,10021146,0.03545342,598300.25,491141,2.0977602
Geo5,10/9/23,826237,1470855,90409,1406353,-1.1717123,1.185889,9186.116,16817.162,1079.6854,16539.566,14253221,0.035421044,598300.25,541107,2.5990293
Geo5,10/16/23,1994633,1094209,290205,853428,-4.362804,8.783731,22176.361,12510.744,3465.696,10036.832,17655846,0.034703165,598300.25,454729,1.8767837
Geo5,10/23/23,1799892,522036,888131,771682,0.38047537,-5.593339,20011.229,5968.749,10606.269,9075.449,9797904,0.035083383,598300.25,433516,1.7800542
Geo5,10/30/23,1718494,1002859,876752,487526,-2.1144447,-1.4566218,19106.244,11466.285,10470.378,5733.602,11449661,0.03485748,598300.25,333434,1.4621364
Geo5,11/6/23,1186146,1273445,75962,963131,-0.9918399,-0.18645146,13187.591,14560.057,907.15594,11327.006,11596691,0.03502587,598300.25,478441,2.0130613
Geo5,11/13/23,1361590,234539,810346,1071018,-1.5816182,-0.791325,15138.18,2681.6243,9677.342,12595.822,11978813,0.035064057,598300.25,497805,2.151481
Geo5,11/20/23,1191886,918706,774816,990292,0.8501689,0.44150496,13251.408,10504.114,9253.034,11646.436,16135204,0.034668006,598300.25,483749,2.0471194
Geo5,11/27/23,1030946,635738,603782,738528,-1.4901388,-0.794458,11462.074,7268.772,7210.506,8685.538,11359386,0.034800176,598300.25,424242,1.7408178
Geo5,12/4/23,1293007,611803,795032,359772,1.6325457,2.2301006,14375.673,6995.109,9494.458,4231.137,15336277,0.03484707,598300.25,270529,1.3298833
Geo5,12/11/23,1318802,400249,0,839712,-2.606959,-7.0255756,14662.462,4576.2856,0,9875.523,6638575,0.035323057,598300.25,451289,1.8606968
Geo5,12/18/23,1755945,623170,617017,1389786,-0.696888,-7.642914,19522.625,7125.0747,7368.5615,16344.728,9773805,0.0352958,598300.25,539562,2.575767
Geo5,12/25/23,1366562,440021,765838,212253,4.444513,4.869681,15193.458,5031.0225,9145.816,2496.224,16417477,0.035083555,598300.25,178646,1.1881206
Geo5,1/1/24,697026,1290757,0,0,3.0404735,-2.4212315,7749.5464,14757.995,0,0,11697806,0.035274707,598300.25,0,0
Geo5,1/8/24,964411,358014,914854,869436,-3.0419817,2.2582145,10722.337,4093.3877,10925.4,10225.096,9871411,0.03450444,598300.25,458488,1.8963114
Geo5,1/15/24,994190,1535718,1256220,1201234,3.3284268,-3.0166926,11053.421,17558.781,15002.073,14127.241,11157984,0.0350716,598300.25,517711,2.3202791
Geo6,1/25/21,577181,155845,85967,0,-0.6232828,2.308714,6417.108,1781.8689,1026.6381,0,5248327,0.0345865,227916.27,0,0
Geo6,2/1/21,449536,340784,275532,126044,3.8094645,-2.6565893,4997.9487,3896.3867,3290.4675,1482.354,4649941.5,0.034571074,227916.27,96784,1.3023227
Geo6,2/8/21,662656,203013,282149,397927,0.81491804,-1.4149742,7367.42,2321.1687,3369.4893,4679.8633,5130478,0.034812808,227916.27,188176,2.1146533
Geo6,2/15/21,442442,487071,0,92286,-0.34807786,-4.4221005,4919.077,5568.9736,0,1085.3394,3842845.8,0.035306726,227916.27,75790,1.217654
Geo6,2/22/21,470745,614014,97205,197671,-5.6885214,-0.44298244,5233.7505,7020.3887,1160.8448,2324.731,3930250.5,0.034519687,227916.27,132655,1.4901135
Geo6,3/1/21,179706,399794,250547,0,1.5937018,2.3188071,1997.9742,4571.0835,2992.0908,0,6056700,0.03479431,227916.27,0,0
Geo6,3/8/21,339276,118785,497317,49122,0.59467995,1.3685408,3772.0762,1358.1398,5939.076,577.7045,5748033,0.03542016,227916.27,44208,1.1111563
Geo6,3/15/21,298837,0,331782,211100,-1.4041584,-1.6161652,3322.4746,0,3962.2183,2482.6643,3788274.2,0.035099477,227916.27,137839,1.5314969
Geo6,3/22/21,735775,228996,362783,195798,2.6256425,-3.3911154,8180.3584,2618.2478,4332.4395,2302.7034,4374893.5,0.034705784,227916.27,131260,1.4916806
Geo6,3/29/21,516787,316709,149134,265356,-4.134065,-0.010329868,5745.6465,3621.123,1780.9932,3120.7478,4796168,0.034697905,227916.27,156876,1.6915016
Geo6,4/5/21,539549,93249,177740,246874,2.273797,-3.2834477,5998.7144,1066.1715,2122.6125,2903.3882,5001925,0.034658033,227916.27,150633,1.6389104
Geo6,4/12/21,539578,463605,299607,208645,-1.7164474,-2.9847891,5999.037,5300.673,3577.9768,2453.792,4330144.5,0.03529174,227916.27,136574,1.5277066
Geo6,4/19/21,505197,216546,343842,97872,3.0269146,-3.7645702,5616.7886,2475.8997,4106.2417,1151.0342,4537174.5,0.03470037,227916.27,79726,1.2276045
Geo6,4/26/21,472596,396721,268518,275305,-3.4904118,4.053687,5254.33,4535.9478,3206.7048,3237.754,5276759.5,0.034570917,227916.27,159973,1.7209467
Geo6,5/3/21,651505,420504,196228,154961,1.2483304,3.984435,7243.4434,4807.873,2343.4006,1822.4354,5915592.5,0.034770083,227916.27,112414,1.3784848
Geo6,5/10/21,324371,89320,108960,157552,3.0981798,-1.251411,3606.362,1021.24884,1301.2258,1852.9072,4666827.5,0.03521524,227916.27,113486,1.3882946
Geo6,5/17/21,446216,462266,278368,199163,-2.3393314,0.41176122,4961.0366,5285.363,3324.3357,2342.2778,4808181,0.03468256,227916.27,133187,1.4953637
Geo6,5/24/21,922962,437464,545817,458084,-5.705763,0.36284238,10261.507,5001.787,6518.2744,5387.346,3861089,0.035151195,227916.27,197147,2.3235657
Geo6,5/31/21,322415,200867,245700,384363,-2.0736055,-6.7976017,3584.6152,2296.6323,2934.2068,4520.3423,3498389.2,0.03546092,227916.27,185800,2.0686922
Geo6,6/7/21,515005,206876,469031,281602,-1.696548,-3.4415536,5725.834,2365.3367,5601.278,3311.8105,4378709,0.03484305,227916.27,162154,1.7366331
Geo6,6/14/21,687282,262057,417518,136457,-2.192118,0.73298824,7641.2124,2996.2542,4986.0977,1604.8171,4881226.5,0.034870576,227916.27,102753,1.3280098
Geo6,6/21/21,713364,348115,298147,25144,-2.7201533,3.0591798,7931.1924,3980.2065,3560.5413,295.7087,5382060.5,0.035272487,227916.27,23847,1.0543884
Geo6,6/28/21,496923,391242,139131,341266,6.401317,0.11381842,5524.798,4473.303,1661.5349,4013.4954,5892325.5,0.035328425,227916.27,176792,1.9303249
Geo6,7/5/21,539843,510928,0,523238,-4.372232,-0.11301151,6001.9834,5841.7446,0,6153.5967,4213706.5,0.034746237,227916.27,204850,2.5542495
Geo6,7/12/21,478831,200277,402131,190282,-1.7721269,4.8959475,5323.651,2289.8865,4802.3423,2237.8318,5829550.5,0.034861837,227916.27,129088,1.4740487
Geo6,7/19/21,589880,278187,230081,0,5.98851,2.5352736,6558.2954,3180.678,2747.6812,0,5825738,0.035082385,227916.27,0,0
Geo6,7/26/21,374474,339396,373300,132160,-0.6420793,2.1382022,4163.408,3880.517,4458.036,1554.2819,5249304.5,0.03542532,227916.27,100227,1.3186067
Geo6,8/2/21,341660,315900,386499,164662,-2.6437826,-3.6356106,3798.5813,3611.8733,4615.6616,1936.5251,4746170.5,0.034916602,227916.27,117224,1.4046782
Geo6,8/9/21,607263,691380,400930,0,1.9149351,0.94534326,6751.56,7904.96,4788,0,6389452.5,0.034565266,227916.27,0,0
Geo6,8/16/21,596328,300182,317284,397950,-1.0866812,3.6555297,6629.9844,3432.16,3789.0798,4680.134,5269389,0.034550536,227916.27,188400,2.112261
Geo6,8/23/21,663700,147795,26651,162923,-1.6924334,-2.8977938,7379.0273,1689.8284,318.27246,1916.0735,3646906.2,0.034613397,227916.27,116578,1.397545
Geo6,8/30/21,560926,372761,98967,255383,-4.73353,-0.038703036,6236.3843,4261.999,1181.8871,3003.4592,4648361,0.034515634,227916.27,153425,1.6645463
Geo6,9/6/21,292270,356295,0,0,3.0449643,1.2154899,3249.4626,4073.7334,0,0,5311839.5,0.035454925,227916.27,0,0
Geo6,9/13/21,243435,384261,439108,616548,-3.1856208,5.9804726,2706.5142,4393.4854,5243.9307,7250.979,6330836.5,0.03476808,227916.27,212686,2.898865
Geo6,9/20/21,142202,624038,308555,340271,-1.7925112,2.863689,1581.0042,7134.999,3684.836,4001.7937,5749333.5,0.035050202,227916.27,176320,1.9298491
Geo6,9/27/21,452436,191710,100699,92015,-2.6187632,1.0001446,5030.191,2191.9348,1202.571,1082.1523,4312055,0.03462702,227916.27,75653,1.216277
Geo6,10/4/21,243350,607996,359723,382769,-4.9703803,1.0015451,2705.5693,6951.581,4295.896,4501.5957,4294542,0.03541529,227916.27,185282,2.0658727
Geo6,10/11/21,507853,159956,508164,457336,-2.5660276,5.0689645,5646.318,1828.8724,6068.6133,5378.5493,6308346.5,0.034504574,227916.27,197307,2.3178904
Geo6,10/18/21,630352,0,314607,0,-0.4552314,-0.45159066,7008.2637,0,3757.1104,0,5152770.5,0.03540334,227916.27,0,0
Geo6,10/25/21,514110,383096,357722,347151,-2.6062546,-2.2795126,5715.8833,4380.165,4272,4082.7065,5548909.5,0.034760512,227916.27,178072,1.9494979
Geo6,11/1/21,511739,348968,165073,227378,-0.41593707,2.211854,5689.5225,3989.9595,1971.3403,2674.1033,5217595.5,0.034894537,227916.27,144165,1.5772067
Geo6,11/8/21,479802,548472,478279,250820,0.7103494,-4.819995,5334.4463,6271.008,5711.7197,2949.7957,4900803.5,0.03517161,227916.27,152184,1.6481365
Geo6,11/15/21,453218,161372,145136,157878,-2.269555,1.9141474,5038.8853,1845.0624,1733.248,1856.7412,4981361,0.035189085,227916.27,114352,1.3806317
Geo6,11/22/21,501726,373244,151775,43244,-3.202582,-0.6891101,5578.1978,4267.5215,1812.5326,508.5757,4544501.5,0.035320673,227916.27,39477,1.0954226
Geo6,11/29/21,699643,224847,0,332793,4.0674543,2.2458053,7778.642,2570.8098,0,3913.848,6155359,0.034746923,227916.27,175154,1.9000022
Geo6,12/6/21,768469,354166,359767,291873,2.5343368,0.73076224,8543.851,4049.391,4296.422,3432.6038,6307271,0.03513059,227916.27,164319,1.7762583
Geo6,12/13/21,510694,575552,264092,263154,-5.5480494,6.803914,5677.9043,6580.6294,3153.8484,3094.8508,5437242.5,0.0345861,227916.27,156653,1.679853
Geo6,12/20/21,307540,474518,661581,298069,-5.906532,2.3343277,3419.2346,5425.4473,7900.755,3505.4724,4827765,0.03453252,227916.27,166110,1.7944074
Geo6,12/27/21,398429,522359,271783,0,-2.05995,3.494296,4429.74,5972.4424,3245.696,0,5298207,0.034884814,227916.27,0,0
Geo6,1/3/22,464242,712013,134728,261556,5.5520988,3.1746917,5161.45,8140.8696,1608.9532,3076.0574,7825278.5,0.035246104,227916.27,155509,1.6819348
Geo6,1/10/22,617838,537956,348414,22246,1.8291852,-1.4605085,6869.133,6150.772,4160.8413,261.62646,5976857.5,0.03549914,227916.27,21196,1.0495377
Geo6,1/17/22,452117,195213,161583,10849,-1.42906,-4.2453623,5026.644,2231.9868,1929.662,127.59083,4622230,0.035016287,227916.27,10545,1.0288289
Geo6,1/24/22,538547,535986,363362,110073,-0.9033621,5.873004,5987.574,6128.2476,4339.354,1294.5254,5862303.5,0.034982454,227916.27,87271,1.261278
Geo6,1/31/22,322080,489232,286260,104229,-1.5120074,-0.6557534,3580.8906,5593.681,3418.584,1225.7964,5271309,0.035396975,227916.27,84060,1.2399358
Geo6,2/7/22,621622,237450,345435,459862,-0.3330328,-0.43915182,6911.2036,2714.9075,4125.2656,5408.2563,5311301.5,0.03492854,227916.27,197406,2.329524
Geo6,2/14/22,448220,363198,396180,258823,1.8610215,-3.0555463,4983.3174,4152.6597,4731.2744,3043.9158,5303872.5,0.03466462,227916.27,154712,1.6729342
Geo6,2/21/22,599074,516413,0,0,0.31792036,1.9032683,6660.5146,5904.458,0,0,4389882,0.034884226,227916.27,0,0
Geo6,2/28/22,510710,55499,29165,184969,-7.800659,0.28824475,5678.082,634.55316,348.29526,2175.348,3071862.5,0.03458122,227916.27,126486,1.4623674
Geo6,3/7/22,471703,357424,347800,248448,-0.47259867,0.4517227,5244.4014,4086.6418,4153.509,2921.8994,5440811.5,0.035405103,227916.27,151369,1.64134
Geo6,3/14/22,638270,335611,201873,122389,-0.8846724,-0.304869,7096.2964,3837.2407,2410.8147,1439.369,4809119.5,0.03498399,227916.27,94851,1.2903291
Geo6,3/21/22,752032,508058,532675,225242,-2.4875834,0.30382758,8361.104,5808.93,6361.3296,2648.9827,4432348,0.035336748,227916.27,143085,1.5741832
Geo6,3/28/22,444127,134943,181474,233342,1.6139556,-1.0352551,4937.811,1542.8838,2167.2048,2744.2437,3910632.2,0.034733262,227916.27,146212,1.5959156
Geo6,4/4/22,618984,277224,165660,39151,-3.1442184,-1.964139,6881.874,3169.6675,1978.3505,460.43954,3459110.5,0.03467811,227916.27,35901,1.0905267
Geo6,4/11/22,362101,214014,476587,299361,-1.7149734,2.7859674,4025.8447,2446.9497,5691.513,3520.6672,6287162,0.035184573,227916.27,166473,1.7982556
Geo6,4/18/22,790418,278571,357606,342163,-0.48531765,5.2087016,8787.88,3185.0684,4270.6143,4024.0447,6530360,0.03512474,227916.27,176783,1.9354972
Geo6,4/25/22,759808,246841,50807,193402,-1.0334367,-2.4940376,8447.558,2822.2805,606.7491,2274.525,4537265.5,0.03541395,227916.27,130145,1.4860501
Geo6,5/2/22,383082,366735,165898,538054,0.5165907,-0.7226546,4259.112,4193.1,1981.1927,6327.842,5208611.5,0.035134155,227916.27,206414,2.606674
Geo6,5/9/22,531023,403852,0,45103,3.9894261,-2.240425,5903.9224,4617.481,0,530.43866,4663720,0.03517661,227916.27,40945,1.1015508
Geo6,5/16/22,503562,335053,236506,385630,-5.3699093,0.49831825,5598.6104,3830.8608,2824.41,4535.243,5021956.5,0.03531765,227916.27,186137,2.0717535
Geo6,5/23/22,372768,312684,224018,198929,1.3787689,-3.290134,4144.4404,3575.1028,2675.2754,2339.526,5203925,0.035078745,227916.27,132420,1.502258
Geo6,5/30/22,756141,139405,152180,151142,1.81266,-2.9427462,8406.788,1593.9005,1817.3691,1777.5217,4435378,0.034769103,227916.27,110680,1.3655764
Geo6,6/6/22,750612,484968,0,48541,-4.80099,3.5364637,8345.316,5544.9287,0,570.87164,4246851,0.034652624,227916.27,44120,1.100204
Geo6,6/13/22,263023,360927,295218,59072,1.193852,3.3811255,2924.294,4126.694,3525.5625,694.7226,5411551,0.034721788,227916.27,52335,1.1287284
Geo6,6/20/22,422986,351334,141050,0,1.5308022,-0.15259685,4702.765,4017.0112,1684.4521,0,5000384.5,0.035039477,227916.27,0,0
Geo6,6/27/22,609456,32836,253921,250460,-4.4605365,0.4016226,6775.942,375.4336,3032.384,2945.5618,3075239,0.034567125,227916.27,152003,1.6477306
Geo6,7/4/22,566030,335834,198674,255338,-1.1593647,-4.476141,6293.131,3839.7905,2372.6113,3002.93,3637710.2,0.03522542,227916.27,153472,1.6637433
Geo6,7/11/22,538315,324200,360947,227782,1.4335065,-5.2332983,5984.995,3706.772,4310.5137,2678.8547,3912368,0.034567613,227916.27,143414,1.5882828
Geo6,7/18/22,550944,362082,101810,203704,-3.5909185,-0.87789345,6125.4043,4139.8994,1215.8389,2395.6829,4523691.5,0.034775075,227916.27,134532,1.5141677
Geo6,7/25/22,540332,121818,570681,470488,-3.3375106,-1.8862143,6007.42,1392.8179,6815.206,5533.2246,3746784.8,0.03475811,227916.27,198976,2.3645465
Geo6,8/1/22,494125,193228,326646,337639,-1.7604442,2.0509734,5493.69,2209.291,3900.8828,3970.8396,4749503.5,0.035309475,227916.27,176010,1.9182944
Geo6,8/8/22,496877,560789,231903,483704,1.8696768,-1.4153233,5524.2866,6411.8354,2769.44,5688.653,5530908,0.035018787,227916.27,200799,2.4088964
Geo6,8/15/22,407739,540248,211961,346670,3.185557,-1.9068165,4533.249,6176.9775,2531.2878,4077.0498,5919721,0.034638993,227916.27,178197,1.9454312
Geo6,8/22/22,580963,495837,453037,101250,-3.4866962,1.3194113,6459.1562,5669.2,5410.274,1190.7615,5168391.5,0.035311252,227916.27,81946,1.2355697
Geo6,8/29/22,589700,505625,217567,139338,0.8814838,-6.694659,6556.294,5781.1123,2598.236,1638.6995,3482467.5,0.034840744,227916.27,104169,1.3376149
Geo6,9/5/22,492970,518035,56676,536427,0.6459397,3.2136436,5480.8486,5923.0034,676.8381,6308.7075,5405394,0.03547505,227916.27,206190,2.601615
Geo6,9/12/22,611972,424566,447481,286020,-3.0396671,3.6124315,6803.9146,4854.3164,5343.923,3363.7688,5328091.5,0.035013523,227916.27,162824,1.7566206
Geo6,9/19/22,578066,249822,220568,77186,2.2405667,0.7965156,6426.9473,2856.364,2634.0747,907.7542,6352730.5,0.034912955,227916.27,65617,1.176311
Geo6,9/26/22,485382,458343,562975,67424,2.574357,-5.1081767,5396.485,5240.509,6723.179,792.9472,5351290.5,0.035250653,227916.27,58534,1.1518775
Geo6,10/3/22,835007,532694,579387,318165,1.9143133,0.1714873,9283.621,6090.6084,6919.1753,3741.8137,5700912.5,0.03536401,227916.27,171540,1.854757
Geo6,10/10/22,488712,515556,0,320321,5.042263,-2.3309407,5433.508,5894.659,0,3767.1694,4755444.5,0.035115156,227916.27,172244,1.8596932
Geo6,10/17/22,515245,117525,31343,167584,2.4608507,-0.6468855,5728.5024,1343.7334,374.30545,1970.8896,4969078.5,0.03455918,227916.27,118797,1.4106754
Geo6,10/24/22,696212,239154,452326,319159,-0.018158363,3.7102554,7740.496,2734.3904,5401.7827,3753.5037,6533759,0.035431955,227916.27,171552,1.8604213
Geo6,10/31/22,567100,642103,351990,140871,-3.0732746,-0.8703112,6305.027,7341.547,4203.547,1656.7285,4151984.2,0.03510314,227916.27,105040,1.3411176
Geo6,11/7/22,764077,467287,63092,402448,-0.54437816,0.67627436,8495.0205,5342.771,753.4594,4733.0327,6167676,0.035453714,227916.27,188960,2.1298053
Geo6,11/14/22,707343,339220,6553,297971,-0.07391612,-1.4019697,7864.251,3878.5046,78.25746,3504.3198,4578904,0.034769427,227916.27,165859,1.796532
Geo6,11/21/22,583268,353912,178218,512643,0.8407488,-4.150587,6484.783,4046.487,2128.321,6028.993,4889416,0.035355497,227916.27,203929,2.513831
Geo6,11/28/22,483855,603036,270863,185585,0.5842308,3.1644845,5379.508,6894.8706,3234.7092,2182.5923,5654898.5,0.035248127,227916.27,127284,1.4580387
Geo6,12/5/22,677343,583916,409529,406347,1.7767979,-0.37820512,7530.7104,6676.2603,4890.691,4778.8877,5911083,0.034731694,227916.27,189471,2.1446395
Geo6,12/12/22,424960,498847,415187,170173,6.764539,-2.8533645,4724.7124,5703.615,4958.2603,2001.3379,6361439.5,0.035126276,227916.27,119815,1.420298
Geo6,12/19/22,741824,454816,0,301439,2.1797895,0.09938387,8247.611,5200.1826,0,3545.1057,6297101.5,0.03513017,227916.27,166711,1.808153
Geo6,12/26/22,385528,342934,40856,302449,4.5933623,-7.0860434,4286.3066,3920.969,487.9119,3556.984,4219953,0.035252154,227916.27,167617,1.8044053
Geo6,1/2/23,774410,358632,443102,372443,-2.9348679,-3.9284787,8609.903,4100.4536,5291.628,4380.156,4323624,0.03489507,227916.27,183673,2.0277505
Geo6,1/9/23,635756,170216,179487,351527,2.2262688,0.004395553,7068.3457,1946.1812,2143.4758,4134.171,5691888,0.034641836,227916.27,179541,1.9579204
Geo6,1/16/23,374405,200863,438745,307921,1.1730386,-0.9636569,4162.6406,2296.5864,5239.595,3621.338,5812027.5,0.034752436,227916.27,168894,1.8231612
Geo6,1/23/23,387340,435019,383003,61260,1.9448125,0.36520594,4306.4526,4973.832,4573.9116,720.45483,5272727.5,0.034663834,227916.27,53524,1.1445333
Geo6,1/30/23,462603,550040,308274,134599,2.8798609,4.9641714,5143.2275,6288.9355,3681.4802,1582.966,6956065,0.035062652,227916.27,101595,1.3248585
Geo6,2/6/23,426713,432608,343136,275987,0.89427304,2.6277275,4744.202,4946.2656,4097.8105,3245.7747,5819309,0.0351357,227916.27,159865,1.7263753
Geo6,2/13/23,272077,607635,190673,243692,2.3517048,-1.203626,3024.9565,6947.4536,2277.0615,2865.9658,5402535.5,0.03545266,227916.27,149282,1.6324272
Geo6,2/20/23,412017,111683,161558,231915,1.0838647,-0.94965625,4580.8115,1276.9384,1929.3634,2727.4612,5341842.5,0.034518376,227916.27,145175,1.5974858
Geo6,2/27/23,605128,350699,333628,382577,-3.6236782,-4.870043,6727.8228,4009.751,3984.2637,4499.338,3930160.5,0.03479242,227916.27,185051,2.0674138
Geo6,3/6/23,545111,581839,202986,470366,0.33565524,-0.9717581,6060.5527,6652.5127,2424.1062,5531.79,5455552.5,0.03540485,227916.27,199082,2.3626747
Geo6,3/13/23,709460,304949,276079,62479,2.4975724,-2.2684598,7887.7876,3486.6638,3297,734.791,4730963,0.034887854,227916.27,55088,1.1341672
Geo6,3/20/23,310855,425601,125445,20442,1.3579565,-0.4430924,3456.0908,4866.1504,1498.0935,240.41034,4412799,0.03455361,227916.27,19770,1.0339909
Geo6,3/27/23,214406,320573,197483,78074,0.14897102,-1.4591302,2383.7693,3665.3025,2358.3882,918.19763,4174544,0.034873873,227916.27,65922,1.184339
Geo6,4/3/23,381162,197474,207968,3974,-4.969804,3.5987086,4237.765,2257.8381,2483.6025,46.736652,4622168.5,0.035431873,227916.27,3908,1.0168884
Geo6,4/10/23,551866,117851,260183,0,-0.26912776,1.6054592,6135.6553,1347.4608,3107.1663,0,5230737,0.035051107,227916.27,0,0
Geo6,4/17/23,471493,382954,216232,84381,1.6622629,0.73648494,5242.067,4378.5415,2582.2932,992.3718,5890194,0.035473827,227916.27,70555,1.1959606
Geo6,4/24/23,563203,308657,312550,135373,0.18787895,-0.48940122,6261.7,3529.0596,3732.5452,1592.0687,5049765.5,0.035451554,227916.27,102556,1.319991
Geo6,5/1/23,564054,430990,532841,381384,2.603095,-1.2868071,6271.1616,4927.7656,6363.312,4485.3076,5723229.5,0.035251096,227916.27,185360,2.0575314
Geo6,5/8/23,474929,491255,256064,0,2.8139653,0.9334557,5280.2686,5616.8115,3057.976,0,5992528.5,0.035223786,227916.27,0,0
Geo6,5/15/23,924475,259222,473398,320417,0.033481553,3.698752,10278.328,2963.8398,5653.4297,3768.2986,5653272.5,0.0353943,227916.27,171696,1.8661879
Geo6,5/22/23,513959,314748,363728,133966,3.931278,-0.29372266,5714.2046,3598.7017,4343.7246,1575.5215,5924421.5,0.034538,227916.27,101625,1.3182386
Geo6,5/29/23,318233,436864,241050,319240,6.35177,2.999536,3538.1196,4994.927,2878.6755,3754.4563,6649124,0.035274882,227916.27,171724,1.8590297
Geo6,6/5/23,393007,497717,331425,229749,-3.7303371,0.3650425,4369.458,5690.6953,3957.9548,2701.9878,4577336.5,0.035100725,227916.27,144515,1.5897934
Geo6,6/12/23,438368,243317,330294,187914,0.61423844,-0.1974092,4873.7827,2781.9885,3944.4482,2209.9827,4450920,0.03529874,227916.27,128325,1.46436
Geo6,6/19/23,702540,25559,299920,343838,-9.404146,-5.864049,7810.851,292.2313,3581.7148,4043.7437,1845368,0.03473645,227916.27,177530,1.9367882
Geo6,6/26/23,363793,453638,474109,16848,4.7306967,-4.6092978,4044.6565,5186.714,5661.9204,198.14272,4355954,0.035393257,227916.27,16304,1.0333661
Geo6,7/3/23,484235,200776,220478,266832,-5.4000726,1.3998969,5383.7324,2295.5918,2632.9998,3138.1064,4267243.5,0.034822863,227916.27,157038,1.6991556
Geo6,7/10/23,369002,204053,471131,49876,-10.084149,3.6180353,4102.5703,2333.0598,5626.3564,586.5721,3656470,0.035152648,227916.27,44758,1.1143483
Geo6,7/17/23,531952,350497,156517,317865,0.78007257,-2.7457247,5914.251,4007.4414,1869.1626,3738.2854,4673696.5,0.035324197,227916.27,171748,1.8507639
Geo6,7/24/23,221205,300970,158177,479410,-1.6873605,-0.88888997,2459.3608,3441.1697,1888.9867,5638.153,3525679,0.034674786,227916.27,200139,2.3953853
Geo6,7/31/23,267388,568071,203504,264569,2.1829152,-4.74054,2972.8242,6495.0947,2430.2925,3111.4922,4773016,0.03475753,227916.27,156697,1.6884114
Geo6,8/7/23,373046,481070,479188,80546,0.86965024,-5.266982,4147.5312,5500.3604,5722.575,947.2699,4210610,0.03519321,227916.27,67826,1.1875387
Geo6,8/14/23,681247,617740,289533,299799,-1.9443922,2.5495925,7574.115,7062.99,3457.671,3525.8184,5163314,0.035023358,227916.27,166603,1.7994814
Geo6,8/21/23,737246,354806,186938,290902,0.108672805,-3.6348405,8196.713,4056.7087,2232.4573,3421.184,4518532.5,0.035224352,227916.27,164345,1.770069
Geo6,8/28/23,499716,504459,293910,112850,-2.8825932,3.8322923,5555.8506,5767.781,3509.942,1327.1846,5564043,0.03491245,227916.27,88993,1.2680773
Geo6,9/4/23,350987,274912,201179,430664,-5.551768,0.22941832,3902.279,3143.233,2402.5266,5064.87,5044329.5,0.03483628,227916.27,193415,2.2266319
Geo6,9/11/23,609472,385262,640812,190447,2.1627004,3.5685983,6776.1196,4404.93,7652.7266,2239.7725,5759169.5,0.034797497,227916.27,128704,1.4797287
Geo6,9/18/23,557132,265773,299450,311993,6.0497403,4.038546,6194.2026,3038.7412,3576.102,3669.227,7737921.5,0.035278324,227916.27,169548,1.8401456
Geo6,9/25/23,432785,396916,291274,417923,0.5920596,-2.9658384,4811.7104,4538.1772,3478.4622,4915.0283,5623750,0.034972765,227916.27,191410,2.1833916
Geo6,10/2/23,603976,214709,174068,174243,2.9387689,3.358881,6715.015,2454.8962,2078.7607,2049.2036,6277161,0.035453748,227916.27,121807,1.4304843
Geo6,10/9/23,415711,330515,229036,405637,-0.46484894,1.8628181,4621.882,3778.9753,2735.2014,4770.5376,5924107,0.035026554,227916.27,189343,2.1423395
Geo6,10/16/23,796116,457931,73914,354242,-3.0876431,2.3807452,8851.23,5235.7983,882.6983,4166.101,5479084,0.035182863,227916.27,179707,1.9712198
Geo6,10/23/23,814288,18364,329904,367123,4.301257,-3.6255648,9053.268,209.96657,3939.7908,4317.5894,5163130.5,0.035174325,227916.27,182190,2.0150557
Geo6,10/30/23,942781,493475,310056,116437,2.2693534,-1.5763493,10481.8545,5642.1943,3702.7612,1369.3699,5805297.5,0.035337478,227916.27,91345,1.2746948
Geo6,11/6/23,280028,248313,0,225438,2.0574164,-4.378971,3113.356,2839.1106,0,2651.2878,4380549.5,0.03476587,227916.27,143094,1.5754539
Geo6,11/13/23,467437,413491,353842,233832,-3.2331269,-1.0960681,5196.972,4727.6895,4225.664,2750.0063,4654848.5,0.034727145,227916.27,146417,1.5970277
Geo6,11/20/23,550786,200457,32351,303986,-4.327241,1.7996056,6123.6475,2291.9446,386.3432,3575.06,5430507,0.03548775,227916.27,167732,1.8123316
Geo6,11/27/23,527093,32756,289299,319889,2.7616262,-0.93317175,5860.2285,374.5189,3454.8762,3762.0889,5543308,0.03505147,227916.27,171913,1.8607609
Geo6,12/4/23,519870,188815,346582,249869,-1.8002443,1.0087055,5779.923,2158.8345,4138.9634,2938.611,5413389.5,0.03523695,227916.27,151366,1.6507604
Geo6,12/11/23,685782,302100,0,252941,-1.7293358,1.9207432,7624.535,3454.0896,0,2974.7397,5218450,0.03487789,227916.27,152438,1.6593041
Geo6,12/18/23,686803,489804,175913,511610,-1.0255363,-1.4034208,7635.8867,5600.221,2100.7942,6016.844,5882136,0.03453519,227916.27,203756,2.5108955
Geo6,12/25/23,464406,127457,338907,155400,3.841794,-3.6717825,5163.2734,1457.292,4047.3066,1827.5984,4988419,0.03521096,227916.27,112891,1.376549
Geo6,1/1/24,528594,238632,185865,0,-3.2953298,-5.196823,5876.9165,2728.422,2219.6433,0,3355330.2,0.035183508,227916.27,0,0
Geo6,1/8/24,378344,107478,222444,273005,-3.0638087,1.3481793,4206.4346,1228.8601,2656.4783,3210.7046,3969482.8,0.03540329,227916.27,158802,1.7191534
Geo6,1/15/24,768502,487579,272298,630241,-5.190647,-1.808222,8544.218,5574.7817,3251.8464,7412.017,3391575.5,0.035185806,227916.27,213660,2.9497378
Geo7,1/25/21,1581666,629660,418449,0,1.5266333,-2.573029,17584.988,7199.2783,4997.216,0,9694772,0.034570456,478603.25,0,0
Geo7,2/1/21,1341452,333644,632319,594863,2.9560266,-0.38341096,14914.285,3814.751,7551.3013,6995.95,9781529,0.034626365,478603.25,339941,1.7499007
Geo7,2/8/21,1405808,1703318,407261,651521,-0.2383255,1.0344746,15629.796,19475.05,4863.606,7662.2827,10676065,0.03504965,478603.25,355506,1.8326583
Geo7,2/15/21,918804,416662,163523,514087,-1.951581,-3.2335644,10215.277,4763.9453,1952.83,6045.9756,7272552.5,0.03549673,478603.25,315584,1.6290021
Geo7,2/22/21,872177,564780,0,561850,-2.228815,1.1666284,9696.878,6457.467,0,6607.6973,9343017,0.034883063,478603.25,331394,1.695414
Geo7,3/1/21,117009,442117,981859,7947,-3.0505178,-2.7169511,1300.908,5054.9873,11725.59,93.46155,7395547,0.03518037,478603.25,7859,1.0111973
Geo7,3/8/21,885255,0,982445,12718,1.0778657,-4.0591803,9842.279,0,11732.588,149.57141,8483318,0.03464854,478603.25,12529,1.015085
Geo7,3/15/21,456867,334411,725987,437642,1.0102131,0.7572025,5079.4546,3823.5205,8669.906,5146.9355,9591912,0.035188876,478603.25,286893,1.5254537
Geo7,3/22/21,675730,242788,1114935,356298,4.7880507,-2.1549263,7512.777,2775.9402,13314.814,4190.281,9499299,0.035182197,478603.25,251904,1.4144198
Geo7,3/29/21,996530,935262,662848,991930,3.1143198,-3.9787154,11079.437,10693.408,7915.8857,11665.699,9861679,0.034515053,478603.25,418264,2.3715405
Geo7,4/5/21,1109624,923199,227158,152266,0.3616488,-3.1664894,12336.817,10555.485,2712.774,1790.7406,8646797,0.035263132,478603.25,130756,1.1645049
Geo7,4/12/21,1207448,865970,883527,818934,0.044434194,2.5758862,13424.427,9901.151,10551.286,9631.161,11949414,0.035399474,478603.25,393027,2.0836585
Geo7,4/19/21,1352676,992418,251786,102193,-0.17204809,-0.8172346,15039.073,11346.907,3006.8872,1201.8518,8862648,0.034711633,478603.25,91672,1.1147679
Geo7,4/26/21,880344,1261422,142843,363084,4.2309504,-0.0932156,9787.679,14422.591,1705.8645,4270.0884,10631571,0.034800973,478603.25,254892,1.4244621
Geo7,5/3/21,885104,1292591,562123,0,-0.8616152,1.6075461,9840.601,14778.964,6713.0044,0,9512773,0.034790836,478603.25,0,0
Geo7,5/10/21,866396,641856,533113,645103,0.1270331,0.6057563,9632.6045,7338.7227,6366.56,7586.803,9198507,0.03496537,478603.25,353970,1.8224792
Geo7,5/17/21,858260,970488,498634,0,2.6273236,3.1923041,9542.148,11096.168,5954.8037,0,12227621,0.034598555,478603.25,0,0
Geo7,5/24/21,1659917,1401603,595366,508098,-0.33330494,4.807819,18454.984,16025.363,7110,5975.541,11176391,0.035463147,478603.25,313291,1.6218085
Geo7,5/31/21,946842,655697,327146,1085815,1.9491746,-5.2142386,10527.005,7496.975,3906.854,12769.844,8606461,0.035103466,478603.25,429147,2.5301702
Geo7,6/7/21,1014208,415158,6668,699546,0.12747572,3.0216813,11275.981,4746.749,79.63081,8227.086,11651904,0.03515363,478603.25,367135,1.905419
Geo7,6/14/21,1180235,839119,847394,737545,2.8550358,0.38785613,13121.872,9594.148,10119.777,8673.978,11747519,0.03527371,478603.25,375988,1.9616184
Geo7,6/21/21,1580038,531873,552993,60191,0.84693485,-1.1246698,17566.889,6081.221,6603.9717,707.8827,9652460,0.034980983,478603.25,56846,1.0588431
Geo7,6/28/21,1166569,436798,662321,706598,0.21981001,7.2644806,12969.933,4994.1724,7909.5923,8310.021,13596470,0.035016768,478603.25,369499,1.9123137
Geo7,7/5/21,1449966,768615,492227,1861283,2.4969597,3.8113918,16120.745,8788.034,5878.29,21889.818,13351286,0.03501178,478603.25,468811,3.9702203
Geo7,7/12/21,1021969,629005,191893,313979,-0.75236696,-1.7359226,11362.268,7191.7896,2291.631,3692.5837,8528191,0.03504379,478603.25,230291,1.363401
Geo7,7/19/21,1082300,737958,431746,453172,7.648258,-1.4561629,12033.029,8437.515,5156.0117,5329.578,9970244,0.034884736,478603.25,292479,1.5494173
Geo7,7/26/21,1007378,0,120980,759934,-3.7087474,0.7510555,11200.045,0,1444.7715,8937.285,8915882,0.0349646,478603.25,380543,1.9969728
Geo7,8/2/21,484111,359100,1336919,898402,-1.2966914,0.36394864,5382.354,4105.8047,15965.8,10565.753,12011345,0.03530996,478603.25,405336,2.2164378
Geo7,8/9/21,1260912,1278755,828560,163309,0.56142753,0.1798442,14018.84,14620.769,9894.857,1920.613,11963388,0.035206553,478603.25,138250,1.1812586
Geo7,8/16/21,970307,786158,682998,210730,0.8286718,0.14997435,10787.889,8988.613,8156.522,2478.3127,9088922,0.03488736,478603.25,170185,1.2382407
Geo7,8/23/21,1086802,383462,185590,79851,-4.8420596,2.0055065,12083.082,4384.35,2216.3591,939.09625,7445260.5,0.034834452,478603.25,73894,1.0806155
Geo7,8/30/21,861034,630202,727559,0,-1.6752523,-1.1309334,9572.99,7205.4756,8688.68,0,8962606,0.03454652,478603.25,0,0
Geo7,9/6/21,805875,623918,0,520817,-1.4166065,-3.1326098,8959.731,7133.627,0,6125.124,7101360,0.03505797,478603.25,317485,1.640446
Geo7,9/13/21,650513,732660,1026642,56606,-0.006806889,-3.551033,7232.414,8376.939,12260.398,665.72095,8092155,0.034727234,478603.25,53437,1.0593035
Geo7,9/20/21,943398,1093167,515727,520842,5.5324783,6.3961267,10488.714,12498.831,6158.9326,6125.4185,16685822,0.034995608,478603.25,316976,1.6431592
Geo7,9/27/21,760426,1346159,286212,193127,3.1292617,-2.7202783,8454.429,15391.439,3418.0107,2271.2908,8760435,0.03531329,478603.25,159041,1.2143221
Geo7,10/4/21,885650,657847,380190,608071,2.1457512,1.6018329,9846.671,7521.557,4540.318,7151.284,11227959,0.03537049,478603.25,344080,1.7672373
Geo7,10/11/21,1520286,705777,97538,823752,1.4930358,-5.7637405,16902.564,8069.57,1164.8217,9687.824,7871050,0.03465973,478603.25,393240,2.0947819
Geo7,10/18/21,1215295,380094,165192,365368,0.27984464,1.0087384,13511.67,4345.8413,1972.7615,4296.9497,11034967,0.035249952,478603.25,255998,1.4272299
Geo7,10/25/21,1021821,1180470,453929,262624,-0.95665133,0.880762,11360.622,13497.018,5420.9263,3088.6177,13086346,0.035171233,478603.25,202423,1.297402
Geo7,11/1/21,1051948,742699,509452,848378,5.3520164,5.494935,11695.575,8491.721,6083.995,9977.44,14959770,0.03508154,478603.25,397294,2.135391
Geo7,11/8/21,803258,966208,816766,1014954,-2.9419322,-0.31305078,8930.636,11047.232,9754.011,11936.476,10644265,0.03451952,478603.25,420963,2.411029
Geo7,11/15/21,822532,349776,84579,0,1.8555775,0.28331214,9144.924,3999.1978,1010.0622,0,10520521,0.0348643,478603.25,0,0
Geo7,11/22/21,1218981,462875,170670,128367,-0.26643175,-3.419374,13552.65,5292.326,2038.181,1509.6738,8145312.5,0.03498291,478603.25,112662,1.1393993
Geo7,11/29/21,879553,1011737,193539,650371,-5.4450803,4.099995,9778.885,11567.793,2311.288,7648.758,10025231,0.034631833,478603.25,355311,1.8304274
Geo7,12/6/21,1622450,817429,755288,444480,-2.753223,1.5097952,18038.426,9346.153,9019.826,5227.355,10522158,0.034974273,478603.25,289422,1.5357505
Geo7,12/13/21,720516,746354,342058,104563,-2.613302,-3.1563382,8010.7085,8533.511,4084.9365,1229.7244,6351857,0.03506997,478603.25,94287,1.1089864
Geo7,12/20/21,1040886,759013,971116,474103,3.5253203,4.9468217,11572.588,8678.249,11597.294,5575.7393,14878815,0.03516929,478603.25,300648,1.5769372
Geo7,12/27/21,1436107,1186877,518889,177063,1.1312088,2.3462374,15966.661,13570.273,6196.694,2082.3684,11058692,0.034554902,478603.25,148055,1.1959271
Geo7,1/3/22,622601,736864,370024,558472,-4.6862235,-1.2359535,6922.088,8425.006,4418.913,6567.9697,9095694,0.035227112,478603.25,329781,1.6934632
Geo7,1/10/22,1957899,979716,568219,53209,3.7887359,-2.3866298,21767.953,11201.678,6785.804,625.77014,11783053,0.034661964,478603.25,50192,1.0601091
Geo7,1/17/22,1206360,353892,421338,270657,1.8498013,2.2593021,13412.33,4046.2583,5031.717,3183.0908,13531963,0.035395037,478603.25,207294,1.3056673
Geo7,1/24/22,1293950,1183334,747296,64601,1.9580388,-4.0028996,14386.157,13529.764,8924.384,759.747,7786886,0.03498884,478603.25,60677,1.0646703
Geo7,1/31/22,1101148,362693,667962,445336,-0.3867305,1.852346,12242.581,4146.8853,7976.9585,5237.422,12088106,0.034533154,478603.25,289670,1.5373908
Geo7,2/7/22,1231184,337303,212259,601297,-4.3238745,-1.3261936,13688.323,3856.5864,2534.8467,7071.618,8262232,0.03526982,478603.25,342074,1.7577981
Geo7,2/14/22,778054,681177,845728,676879,-0.17823741,4.4475207,8650.417,7788.303,10099.882,7960.5083,13077044,0.034726586,478603.25,362057,1.8695371
Geo7,2/21/22,1473307,665329,110984,369307,1.4212958,-0.99370635,16380.251,7607.1035,1325.3969,4343.2744,7923989,0.035486687,478603.25,256868,1.4377307
Geo7,2/28/22,979549,38414,484076,706580,-5.005962,-7.299428,10890.642,439.21017,5780.9487,8309.81,3651674.2,0.03540279,478603.25,369362,1.9129742
Geo7,3/7/22,1022595,0,392786,687589,2.7236302,2.138488,11369.228,0,4690.742,8086.4644,12476377,0.03451884,478603.25,365012,1.8837435
Geo7,3/14/22,1336560,469367,435524,470210,5.730734,0.31423908,14859.8955,5366.553,5201.1294,5529.955,12072651,0.0352061,478603.25,299349,1.5707753
Geo7,3/21/22,786136,958367,881186,629165,2.9393516,-0.47249216,8740.272,10957.582,10523.329,7399.3623,10907891,0.034757625,478603.25,349641,1.79946
Geo7,3/28/22,1257578,281374,235371,507888,-0.49214226,-2.1103644,13981.772,3217.117,2810.8555,5973.0713,6795038.5,0.034567755,478603.25,312554,1.6249608
Geo7,4/4/22,1386864,897529,957640,454010,3.0804656,-2.4697862,15419.177,10261.984,11436.361,5339.433,9452029,0.03468774,478603.25,293696,1.5458502
Geo7,4/11/22,468745,373747,643064,729388,0.31066877,1.6155696,5211.5146,4273.2725,7679.6206,8578.046,12586278,0.034734335,478603.25,374225,1.9490627
Geo7,4/18/22,1138104,217048,596594,725212,0.65909976,1.2623363,12653.459,2481.6394,7124.665,8528.934,11269238,0.034597717,478603.25,373538,1.9414678
Geo7,4/25/22,934705,924394,1194806,937560,0.42657614,-0.8667898,10392.065,10569.148,14268.652,11026.275,10812476,0.035343356,478603.25,411081,2.2807183
Geo7,5/2/22,515570,631987,659046,987117,5.384507,3.7803307,5732.1157,7225.8843,7870.4814,11609.096,14383362,0.035042558,478603.25,417611,2.3637238
Geo7,5/9/22,599164,793519,731701,499107,1.8497446,-1.2037423,6661.515,9072.776,8738.145,5869.8013,9222148,0.03474044,478603.25,309765,1.611244
Geo7,5/16/22,1303762,544230,594712,691636,0.87244296,-1.0134184,14495.247,6222.5063,7102.19,8134.0596,11216375,0.035418827,478603.25,365778,1.8908628
Geo7,5/23/22,899360,535849,693147,308599,0.3566946,-4.2528596,9999.099,6126.681,8277.724,3629.3118,8787016,0.034630783,478603.25,227496,1.356503
Geo7,5/30/22,1518292,823136,218016,742868,-2.2852626,-2.622929,16880.395,9411.405,2603.5981,8736.579,7294059,0.035261326,478603.25,377263,1.9690984
Geo7,6/6/22,1070136,813485,359346,0,2.5883887,0.048737917,11897.789,9301.06,4291.394,0,9727889,0.034826696,478603.25,0,0
Geo7,6/13/22,838867,1225771,249691,509401,-1.3811463,-6.139728,9326.537,14014.972,2981.8684,5990.865,5156112,0.034717694,478603.25,313834,1.6231543
Geo7,6/20/22,951408,365082,438351,260286,-4.005064,-0.8970014,10577.77,4174.2,5234.89,3061.1213,7730020,0.035060942,478603.25,200816,1.2961417
Geo7,6/27/22,958349,99789,0,54822,3.152677,2.2884302,10654.939,1140.9471,0,644.74,9245466,0.035142504,478603.25,51679,1.0608177
Geo7,7/4/22,1357386,775667,541178,807637,0.113475695,-2.5182114,15091.439,8868.664,6462.874,9498.302,8569777,0.034811184,478603.25,390036,2.070673
Geo7,7/11/22,1164330,704197,307528,763363,-2.0087805,-2.2381,12945.04,8051.5044,3672.5713,8977.612,7461259,0.03499608,478603.25,381015,2.0034986
Geo7,7/18/22,1538275,852573,806168,391041,3.1681342,-0.7842214,17102.566,9747.976,9627.447,4598.88,11825611,0.035210077,478603.25,267083,1.4641179
Geo7,7/25/22,1325123,428634,462115,680722,-4.8096604,0.8773003,14732.739,4900.828,5518.6855,8005.704,7611179,0.034554828,478603.25,362946,1.8755462
Geo7,8/1/22,1255641,120402,0,352721,-1.0371941,-5.835124,13960.237,1376.6279,0,4148.2134,4290307,0.03542974,478603.25,249577,1.4132752
Geo7,8/8/22,1250219,1396092,502574,459292,0.68548864,2.3695226,13899.955,15962.353,6001.8564,5401.5527,12537081,0.03531063,478603.25,294693,1.5585439
Geo7,8/15/22,690689,956791,617005,155377,-1.1350217,1.0108857,7679.0913,10939.5625,7368.418,1827.3279,10931224,0.0351632,478603.25,132686,1.1710128
Geo7,8/22/22,1294344,668297,1477069,596930,4.828764,-0.59287,14390.537,7641.0386,17639.504,7020.2593,12664353,0.03463368,478603.25,341403,1.7484615
Geo7,8/29/22,977188,1179270,377555,724436,-1.7896497,-0.17683491,10864.392,13483.298,4508.85,8519.808,9001552,0.03475715,478603.25,373314,1.940554
Geo7,9/5/22,1193895,577852,555338,191438,0.8698759,-3.1121843,13273.744,6606.927,6631.976,2251.4272,7580977,0.034953814,478603.25,157923,1.2122236
Geo7,9/12/22,1147846,991186,443392,676948,1.9556977,-0.7530461,12761.7705,11332.821,5295.091,7961.32,9974653,0.03542851,478603.25,362497,1.8674582
Geo7,9/19/22,1177964,528786,588354,501846,-1.6273866,-7.1157312,13096.623,6045.926,7026.261,5902.0137,7220287.5,0.03507046,478603.25,310839,1.6144885
Geo7,9/26/22,557767,942137,518139,87280,2.8797808,-0.35218373,6201.2627,10772.015,6187.7373,1026.4658,11758761,0.03526796,478603.25,80121,1.0893524
Geo7,10/3/22,1418700,936776,895839,662807,-5.4378,3.4151897,15773.13,10710.719,10698.319,7795.0127,10413683,0.03454261,478603.25,359301,1.8447124
Geo7,10/10/22,937931,469798,0,142840,-2.363326,2.2339835,10427.932,5371.481,0,1679.8851,8152161,0.035195597,478603.25,123397,1.1575646
Geo7,10/17/22,1224890,1222019,653721,416001,3.9668806,-0.9579909,13618.347,13972.072,7806.889,4892.4243,10187812,0.035186157,478603.25,278156,1.4955672
Geo7,10/24/22,1487339,334396,984861,407807,-1.8690455,4.5271726,16536.26,3823.349,11761.44,4796.058,11928297,0.03452675,478603.25,274372,1.4863287
Geo7,10/31/22,1139164,1489707,712565,338247,5.3255506,-4.64908,12665.244,17032.709,8509.618,3977.9902,8838754,0.034935582,478603.25,242774,1.3932588
Geo7,11/7/22,1178234,549689,556142,783095,2.279426,0.2087287,13099.625,6284.9224,6641.5776,9209.673,13255134,0.035032503,478603.25,384801,2.035065
Geo7,11/14/22,1219399,929270,0,742364,2.594794,1.4186146,13557.298,10624.898,0,8730.651,11556863,0.03504631,478603.25,376629,1.9710749
Geo7,11/21/22,1341834,899240,426308,929878,-2.8584924,-3.8008597,14918.532,10281.548,5091.07,10935.93,8179127,0.03476512,478603.25,410350,2.2660606
Geo7,11/28/22,746103,995447,338315,0,0.011871003,0.91084945,8295.186,11381.54,4040.2368,0,9459566,0.035448458,478603.25,0,0
Geo7,12/5/22,1250248,1130084,909865,933657,-0.18607865,4.9392214,13900.277,12920.925,10865.82,10980.373,13953497,0.034724973,478603.25,410881,2.2723296
Geo7,12/12/22,544023,1188984,576096,303265,-3.5577235,2.1333008,6048.4565,13594.363,6879.873,3566.5806,11078238,0.035361037,478603.25,225247,1.3463664
Geo7,12/19/22,1625499,1231194,616195,397412,-6.650112,-1.3195688,18072.324,14076.976,7358.7446,4673.8066,8131787,0.03519237,478603.25,270070,1.4715148
Geo7,12/26/22,338713,575507,0,758846,0.43572414,-3.821909,3765.8167,6580.1147,0,8924.49,6978088.5,0.034570318,478603.25,380682,1.9933856
Geo7,1/2/23,1327679,435002,1026001,695583,-0.64589316,2.3161716,14761.156,4973.637,12252.744,8180.4785,11901675,0.035493147,478603.25,367006,1.8952905
Geo7,1/9/23,895499,443579,382650,827957,-0.9962262,1.2734672,9956.173,5071.7036,4569.696,9737.277,10571759,0.034749478,478603.25,393731,2.1028495
Geo7,1/16/23,1055532,273639,626847,322364,1.2078465,1.9181819,11735.422,3128.678,7485.9536,3791.1965,12315030,0.035295185,478603.25,234362,1.375496
Geo7,1/23/23,965172,673802,824264,0,5.596727,0.98304695,10730.798,7703.9805,9843.554,0,12084342,0.034581598,478603.25,0,0
Geo7,1/30/23,738057,943715,432995,674411,-1.2916951,1.6657045,8205.7295,10790.057,5170.9277,7931.483,11055134,0.035100676,478603.25,361627,1.8649354
Geo7,2/6/23,1010933,841104,1123131,978790,2.4442205,-4.334375,11239.569,9616.844,13412.693,11511.165,9071559,0.03519623,478603.25,416849,2.3480685
Geo7,2/13/23,1068639,1521219,330812,217265,1.6009493,2.029123,11881.1455,17393.004,3950.6343,2555.1685,11434076,0.03515444,478603.25,174210,1.2471442
Geo7,2/20/23,1176217,794905,974091,471885,-3.9426894,0.9221469,13077.199,9088.623,11632.822,5549.6543,10007605,0.034606706,478603.25,300262,1.5715774
Geo7,2/27/23,1140358,505451,490729,63396,-2.7631412,9.716289,12678.519,5779.123,5860.4004,745.57544,14562027,0.03510948,478603.25,59491,1.0656402
Geo7,3/6/23,785177,1516703,647914,719092,-6.866073,-1.335635,8729.61,17341.371,7737.5405,8456.959,7612203.5,0.034552127,478603.25,372275,1.9316151
Geo7,3/13/23,1438687,671279,667709,410800,-1.9302094,7.1624928,15995.346,7675.1333,7973.937,4831.2573,12766230,0.03465073,478603.25,275532,1.4909339
Geo7,3/20/23,776134,440618,527697,0,-5.580845,4.374217,8629.07,5037.8486,6301.881,0,8508035,0.03522887,478603.25,0,0
Geo7,3/27/23,814238,741741,341869,688111,3.317021,-1.596793,9052.711,8480.768,4082.6794,8092.6035,9724385,0.03462512,478603.25,365001,1.8852304
Geo7,4/3/23,874145,986028,530325,265680,3.1992896,3.386716,9718.758,11273.847,6333.265,3124.558,13309379,0.035398543,478603.25,203784,1.3037333
Geo7,4/10/23,1083077,1029780,967749,0,-3.1100836,-4.075087,12041.668,11774.089,11557.085,0,7015450.5,0.034801424,478603.25,0,0
Geo7,4/17/23,823567,697915,288892,431753,4.542299,-2.6312535,9156.432,7979.6787,3450.0159,5077.6777,11459754,0.03500665,478603.25,284144,1.5194865
Geo7,4/24/23,660645,867506,878242,206626,-4.6798816,-4.277636,7345.062,9918.714,10488.171,2430.0474,6443760,0.034508593,478603.25,168789,1.2241675
Geo7,5/1/23,1301538,666156,760351,528243,-3.3972402,-0.003328445,14470.5205,7616.559,9080.289,6212.4585,9079108,0.034522317,478603.25,320619,1.6475724
Geo7,5/8/23,894664,1255219,153042,372660,3.189869,-1.9249531,9946.889,14351.668,1827.6633,4382.708,10608823,0.035278652,478603.25,259226,1.4375873
Geo7,5/15/23,1317786,931595,1040049,709194,-2.410648,-1.2868192,14651.166,10651.481,12420.509,8340.552,7237983.5,0.0352278,478603.25,369892,1.9173002
Geo7,5/22/23,643168,436311,1036523,272858,1.7064781,2.1663542,7150.7524,4988.604,12378.4,3208.9758,12655886,0.03538716,478603.25,207446,1.3153206
Geo7,5/29/23,609561,1108106,893201,1078554,-3.264048,-2.281745,6777.109,12669.637,10666.815,12684.45,7435964,0.03481021,478603.25,428222,2.5186796
Geo7,6/5/23,286339,514277,782762,0,-0.96400404,1.8994128,3183.5217,5880.0356,9347.927,0,9911283,0.035026222,478603.25,0,0
Geo7,6/12/23,1186971,233236,343005,264493,6.8625107,-6.748894,13196.763,2666.7263,4096.246,3110.5984,6037714.5,0.03473139,478603.25,203399,1.3003653
Geo7,6/19/23,1290884,0,711812,819636,-2.063282,-5.9733505,14352.069,0,8500.625,9639.417,5646233.5,0.03486443,478603.25,392225,2.0897088
Geo7,6/26/23,1393630,1046421,333005,332497,3.5800672,-0.36229926,15494.401,11964.355,3976.8235,3910.3667,9670149,0.035462633,478603.25,239586,1.3877981
Geo7,7/3/23,616422,908103,728072,164097,-0.6346443,-1.0177928,6853.3896,10382.884,8694.806,1929.8804,8721982,0.035490323,478603.25,138904,1.1813699
Geo7,7/10/23,970021,519995,471757,332146,-5.1385136,1.4242353,10784.709,5945.413,5633.8325,3906.2388,8119351,0.034742,478603.25,239470,1.3870046
Geo7,7/17/23,1384177,420599,207352,365427,-2.145403,-1.6944026,15389.303,4808.9595,2476.246,4297.6436,7972108,0.03510855,478603.25,255625,1.4295433
Geo7,7/24/23,307225,1199060,924134,712985,-1.9759798,-2.4323816,3415.7324,13709.568,11036.225,8385.137,5711392,0.03482965,478603.25,370379,1.9250146
Geo7,7/31/23,761696,1586631,343677,542482,0.15195732,-4.3241982,8468.549,18140.898,4104.271,6379.918,8778571,0.035121392,478603.25,325144,1.6684362
Geo7,8/7/23,771235,964231,733287,0,-3.439172,4.7760773,8574.604,11024.628,8757.085,0,11130016,0.03507277,478603.25,0,0
Geo7,8/14/23,713321,864816,301511,220516,2.140554,-4.125928,7930.7144,9887.957,3600.7148,2593.402,7083328,0.03488956,478603.25,176396,1.2501191
Geo7,8/21/23,1599684,864756,250398,284698,-0.6076553,7.9445095,17785.312,9887.271,2990.3115,3348.2214,13521168,0.03469441,478603.25,215459,1.3213558
Geo7,8/28/23,1103332,1360645,912060,88717,1.631089,0.21101478,12266.863,15557.066,10892.034,1043.3658,10858870,0.03501621,478603.25,80942,1.0960565
Geo7,9/4/23,1026895,354209,978782,938865,-2.0213733,1.9909201,11417.035,4049.8828,11688.844,11041.623,11968336,0.034951054,478603.25,411429,2.2819612
Geo7,9/11/23,1224610,344880,1313322,602710,-4.981666,-2.8092728,13615.233,3943.2188,15683.998,7088.236,6324478.5,0.0352998,478603.25,342700,1.7587103
Geo7,9/18/23,1137329,339652,763351,361277,-3.4718435,-0.3044954,12644.842,3883.444,9116.116,4248.837,9683259,0.034811012,478603.25,253274,1.4264275
Geo7,9/25/23,1022887,641125,782011,820918,2.9327888,1.4318475,11372.475,7330.3647,9338.958,9654.494,13695163,0.035426434,478603.25,391939,2.0945046
Geo7,10/2/23,1355366,812717,331176,636133,-1.891237,-0.6498963,15068.981,9292.278,3954.9812,7481.3105,9035920,0.034644403,478603.25,352192,1.8062109
Geo7,10/9/23,1061846,873186,323382,760790,0.48753145,-0.7625631,11805.621,9983.656,3861.9036,8947.353,11045966,0.035370782,478603.25,380957,1.9970496
Geo7,10/16/23,1595342,1063857,251172,514091,-1.578114,-2.4061441,17737.04,12163.712,2999.5547,6046.0225,9105139,0.03497944,478603.25,315242,1.630782
Geo7,10/23/23,1512855,299671,717596,810657,-6.327168,-1.2993158,16819.947,3426.3174,8569.699,9533.818,6703865,0.035431646,478603.25,390880,2.073928
Geo7,10/30/23,1466400,442525,572562,212554,3.490192,-1.6486657,16303.459,5059.6523,6837.6694,2499.7642,10985828,0.03481357,478603.25,171791,1.2372825
Geo7,11/6/23,1049057,611201,148581,705140,-2.9707007,-0.19022052,11663.433,6988.2256,1774.389,8292.875,8989040,0.03526935,478603.25,368410,1.9140089
Geo7,11/13/23,961396,515489,972250,1110723,-2.463209,3.8946326,10688.816,5893.8936,11610.837,13062.777,12098952,0.035043202,478603.25,431447,2.5744135
Geo7,11/20/23,1014046,423582,505137,717294,-3.4098608,-2.8515656,11274.18,4843.066,6032.4644,8435.813,9560457,0.03499028,478603.25,372217,1.9270855
Geo7,11/27/23,547152,0,554282,868450,-2.8222833,-2.8883839,6083.2446,0,6619.365,10213.499,6919919.5,0.034873042,478603.25,400107,2.1705444
Geo7,12/4/23,991786,1073653,642786,105172,-0.47822577,-6.394107,11026.692,12275.716,7676.301,1236.8866,7047329.5,0.03535223,478603.25,94460,1.1134025
Geo7,12/11/23,1609020,572413,0,615086,6.889221,-2.7573802,17889.111,6544.7393,0,7233.785,11183116,0.035294276,478603.25,346223,1.7765602
Geo7,12/18/23,2013042,1085052,496698,1123024,3.3923085,-1.0244905,22381.033,12406.047,5931.6836,13207.444,13540236,0.035076685,478603.25,432805,2.5947576
Geo7,12/25/23,906926,442654,893734,192539,2.2150989,2.640047,10083.218,5061.1274,10673.181,2264.3755,12055999,0.034689657,478603.25,158815,1.2123477
Geo7,1/1/24,861866,1047964,421688,359583,-1.6277372,1.286732,9582.24,11981.998,5035.8965,4228.9146,10799170,0.03510649,478603.25,252923,1.4217094
Geo7,1/8/24,446924,0,490946,747119,0.3500511,5.603826,4968.908,0,5862.992,8786.573,11379454,0.035095755,478603.25,377522,1.9790078
Geo7,1/15/24,1374556,1354576,844403,990415,0.006751759,-2.1473103,15282.336,15487.676,10084.059,11647.882,8092795.5,0.035422,478603.25,417809,2.370497
Geo8,1/25/21,1507540,456088,417850,0,2.4761655,6.5531454,16760.854,5214.726,4990.0625,0,16423793,0.035175208,515234.28,0,0
Geo8,2/1/21,1057695,643602,341158,457407,-0.119546294,3.2739663,11759.47,7358.6855,4074.1887,5379.3843,11957321,0.035368036,515234.28,303061,1.5092902
Geo8,2/8/21,1342619,1092094,581084,342448,-3.1162667,-1.9743972,14927.26,12486.5625,6939.441,4027.3965,8360376,0.03474791,515234.28,249440,1.3728672
Geo8,2/15/21,628804,524966,155577,0,-7.158885,-0.7552972,6991.053,6002.2495,1857.9369,0,7333518,0.035045598,515234.28,0,0
Geo8,2/22/21,1279351,892858,747978,562487,-3.900733,-5.073763,14223.845,10208.578,8932.528,6615.189,6540618,0.0353267,515234.28,342262,1.6434398
Geo8,3/1/21,615126,610105,501258,424556,-3.6588001,-4.079611,6838.981,6975.6943,5986.14,4993.0366,7499299,0.035419494,515234.28,289145,1.4683152
Geo8,3/8/21,1592128,576643,1371694,277758,-4.836912,2.7140656,17701.305,6593.1035,16381.091,3266.6028,12152970,0.03505019,515234.28,214097,1.2973465
Geo8,3/15/21,300281,220653,616562,483684,1.9108984,5.804362,3338.529,2522.8574,7363.1274,5688.4175,14519459,0.03465508,515234.28,313399,1.5433489
Geo8,3/22/21,1154715,360650,1342199,370827,1.2265987,-0.15549666,12838.14,4123.527,16028.8545,4361.151,11273897,0.035423316,515234.28,264161,1.4037917
Geo8,3/29/21,1118182,670706,916741,1093876,-0.90571886,-5.7409105,12431.966,7668.582,10947.936,12864.646,8636536,0.034692917,515234.28,453580,2.4116495
Geo8,4/5/21,1795523,649582,521637,402507,3.731749,0.43868774,19962.654,7427.0586,6229.511,4733.7266,14186063,0.035250157,515234.28,279130,1.4420055
Geo8,4/12/21,1445146,936339,516752,563749,-2.0871809,-3.611214,16067.156,10705.723,6171.1733,6630.031,8372147.5,0.0351443,515234.28,342359,1.6466603
Geo8,4/19/21,1586076,587929,1140925,351433,0.27327806,1.2253273,17634.02,6722.143,13625.193,4133.0654,11663227,0.034624547,515234.28,253892,1.384183
Geo8,4/26/21,1617189,582808,127305,529744,4.8216634,-3.821651,17979.934,6663.592,1520.306,6230.1113,10678498,0.03497443,515234.28,331000,1.600435
Geo8,5/3/21,1157068,1340094,411323,257866,-5.4652767,3.4396484,12864.301,15322.095,4912.115,3032.661,10377051,0.0354744,515234.28,202139,1.2756865
Geo8,5/10/21,0,839745,0,600061,2.64189,-2.643181,0,9601.306,0,7057.082,8975290,0.035391115,515234.28,354692,1.6917804
Geo8,5/17/21,644477,1224915,324205,588225,0.47376513,-0.14808981,7165.3057,14005.185,3871.732,6917.8833,11188051,0.03465544,515234.28,350340,1.6790118
Geo8,5/24/21,1825914,1147212,942708,810612,5.058757,1.8405299,20300.541,13116.76,11258.039,9533.289,13236133,0.03511127,515234.28,408102,1.9862975
Geo8,5/31/21,701500,1180484,532649,1069972,-5.207896,-4.5432024,7799.2886,13497.178,6361.019,12583.5205,7560433,0.035362963,515234.28,450900,2.3729696
Geo8,6/7/21,720063,867985,385975,831070,2.5514767,-0.63612837,8005.672,9924.19,4609.404,9773.888,12583092,0.03544318,515234.28,412674,2.0138657
Geo8,6/14/21,1304349,794026,1067187,515271,1.3554192,-1.035418,14501.773,9078.573,12744.597,6059.9,11839859,0.035449207,515234.28,325859,1.5812699
Geo8,6/21/21,1180086,287590,830203,400376,-1.0275995,-0.5269047,13120.215,3288.188,9914.479,4708.665,10911003,0.03506921,515234.28,278610,1.4370482
Geo8,6/28/21,1216830,1035769,225394,451843,2.2561283,-4.2672462,13528.735,11842.565,2691.7078,5313.948,8440760,0.034675624,515234.28,300937,1.5014538
Geo8,7/5/21,1111104,982015,673655,1200402,-0.6227236,-0.5846299,12353.272,11227.964,8044.946,14117.457,11128938,0.03522447,515234.28,465032,2.581332
Geo8,7/12/21,456577,452706,713104,745799,3.2422366,-6.583475,5076.2305,5176.0576,8516.055,8771.049,8745027,0.034733426,515234.28,393934,1.893208
Geo8,7/19/21,928883,731827,985238,394768,-4.4849415,2.6956553,10327.336,8367.415,11765.942,4642.7114,9237585,0.03515868,515234.28,276130,1.4296454
Geo8,7/26/21,290039,290516,1190363,559562,-4.4442225,1.8182826,3224.6582,3321.6428,14215.594,6580.789,10631708,0.034598764,515234.28,341473,1.6386713
Geo8,8/2/21,747181,811872,1231161,346134,1.852276,-1.9832945,8307.171,9282.617,14702.8125,4070.746,12288903,0.034779344,515234.28,252377,1.3714958
Geo8,8/9/21,1816179,1034369,953206,0,-6.573106,0.9487226,20192.307,11826.558,11383.409,0,10241095,0.03460432,515234.28,0,0
Geo8,8/16/21,1120938,1167200,917695,738236,0.30268165,4.998814,12462.606,13345.294,10959.328,8682.104,13714764,0.03451038,515234.28,392455,1.8810717
Geo8,8/23/21,1454118,96732,45610,0,4.301113,-4.081915,16166.907,1105.9946,544.6853,0,8211416,0.03533087,515234.28,0,0
Geo8,8/30/21,1365528,483122,369644,694076,1.5272994,1.4597055,15181.963,5523.8223,4414.375,8162.7554,13011607,0.03454927,515234.28,380822,1.8225733
Geo8,9/6/21,1001121,604913,0,277837,-1.0580432,-3.4834592,11130.4795,6916.331,0,3267.532,7745050.5,0.035498176,515234.28,214817,1.293366
Geo8,9/13/21,972673,915689,1257643,374980,-5.951865,1.6592803,10814.194,10469.619,15019.066,4409.9927,10320237,0.034924038,515234.28,266656,1.4062313
Geo8,9/20/21,1034140,1616910,0,346436,-1.0969012,-4.2468815,11497.585,18487.098,0,4074.2979,8531962,0.035294544,515234.28,252811,1.3703359
Geo8,9/27/21,1179121,1361280,239145,754778,-0.48060656,-0.84598243,13109.486,15564.326,2855.9255,8876.647,10127379,0.03530205,515234.28,395890,1.9065347
Geo8,10/4/21,577226,1312339,30500,984902,0.8401284,-6.025214,6417.608,15004.755,364.23813,11583.046,6891993,0.03454441,515234.28,439445,2.2412407
Geo8,10/11/21,1374126,89038,726527,932914,-1.5259005,8.637915,15277.555,1018.0246,8676.355,10971.636,17591006,0.034569927,515234.28,430853,2.1652722
Geo8,10/18/21,904974,684782,962216,355615,-6.9012365,1.1163855,10061.516,7829.521,11491.009,4182.2485,11072615,0.03501837,515234.28,256649,1.3856083
Geo8,10/25/21,1238622,990841,472009,554304,0.5720763,-1.5194879,13771.02,11328.876,5636.842,6518.9517,13986336,0.034982473,515234.28,339494,1.6327357
Geo8,11/1/21,1110617,730503,624046,340741,-3.9967918,0.29697928,12347.857,8352.276,7452.5034,4007.321,9589891,0.035198685,515234.28,249091,1.3679378
Geo8,11/8/21,835739,1111921,1009659,894951,-1.3616326,-0.9831469,9291.76,12713.256,12057.584,10525.167,11287380,0.034716673,515234.28,424515,2.108173
Geo8,11/15/21,573094,743034,400868,0,-3.9151058,-0.62036514,6371.6685,8495.551,4787.2593,0,8459855,0.03494599,515234.28,0,0
Geo8,11/22/21,1004160,740633,364685,0,0.57001483,3.3232188,11164.268,8468.099,4355.154,0,14125936,0.03524182,515234.28,0,0
Geo8,11/29/21,1281878,1202375,0,1016170,1.6475999,-3.4798193,14251.94,13747.471,0,11950.776,9042890,0.034980156,515234.28,443525,2.2911222
Geo8,12/6/21,1141802,682260,589192,531141,3.393324,-0.28280768,12694.573,7800.6855,7036.2686,6246.5405,13388396,0.034760393,515234.28,331407,1.602685
Geo8,12/13/21,945563,774269,637320,315762,-2.2264662,-3.148984,10512.785,8852.68,7611.0244,3713.553,7754344,0.03528534,515234.28,235727,1.3395241
Geo8,12/20/21,1099553,975467,1268684,567886,1.3762275,-7.826556,12224.848,11153.097,15150.921,6678.684,7338853.5,0.03512452,515234.28,344241,1.6496756
Geo8,12/27/21,1608362,1036491,658545,0,-0.6615646,1.1214489,17881.795,11850.82,7864.4985,0,11018213,0.035331976,515234.28,0,0
Geo8,1/3/22,1164862,741417,442296,169406,3.2774987,0.2270889,12950.955,8477.0625,5282.0024,1992.3175,14010587,0.034776546,515234.28,144115,1.1754918
Geo8,1/10/22,1431851,1294904,772021,551861,-4.832271,-0.33799294,15919.343,14805.41,9219.655,6490.2207,11235431,0.035085954,515234.28,339446,1.6257696
Geo8,1/17/22,1394938,363110,583205,716043,-0.99942756,-1.006468,15508.943,4151.6533,6964.7705,8421.101,12551856,0.03471304,515234.28,386613,1.8520924
Geo8,1/24/22,1672797,1225549,880807,819032,-3.746255,-0.4064241,18598.184,14012.433,10518.803,9632.313,10339350,0.03454253,515234.28,410122,1.9970448
Geo8,1/31/22,411690,702634,778193,273056,5.1165066,0.5127443,4577.1763,8033.634,9293.363,3211.3044,15422881,0.03498661,515234.28,211961,1.288237
Geo8,2/7/22,984691,776544,1046592,843280,0.4932698,5.906778,10947.811,8878.691,12498.646,9917.485,16224027,0.03461698,515234.28,415185,2.0310946
Geo8,2/14/22,1122368,590881,628536,66490,0.23714814,-3.1154888,12478.506,6755.895,7506.124,781.96277,10161559,0.034890473,515234.28,62656,1.0611913
Geo8,2/21/22,1279211,526383,291160,169866,1.7332102,-3.125585,14222.289,6018.451,3477.1008,1997.7273,6955461,0.03489623,515234.28,144940,1.1719747
Geo8,2/28/22,1109384,502671,473009,108839,0.3206595,-0.10288778,12334.149,5747.3374,5648.784,1280.0127,9691750,0.034989562,515234.28,97528,1.1159769
Geo8,3/7/22,1558197,364139,510440,328690,5.772503,-1.9180337,17324.059,4163.4185,6095.794,3865.594,12205967,0.034565892,515234.28,243440,1.350189
Geo8,3/14/22,1072061,749469,888964,68611,-2.1322265,-0.030750616,11919.191,8569.126,10616.216,806.90704,9621424,0.035005506,515234.28,64340,1.0663817
Geo8,3/21/22,1109609,1116306,1203094,671890,-2.2055805,-3.4665594,12336.65,12763.393,14367.63,7901.8345,7579691.5,0.034519967,515234.28,375427,1.7896688
Geo8,3/28/22,1256421,0,137250,433613,2.2175136,-2.9865415,13968.909,0,1639.0717,5099.5522,7097111.5,0.035383217,515234.28,293746,1.4761494
Geo8,4/4/22,1186865,1228967,237845,161306,-1.974936,-2.9604733,13195.584,14051.513,2840.4006,1897.0565,6924282,0.034514308,515234.28,138539,1.1643364
Geo8,4/11/22,1443897,644280,554644,877104,2.036191,-3.0444875,16053.2705,7366.4375,6623.6885,10315.275,11969911,0.035408635,515234.28,421033,2.083219
Geo8,4/18/22,1973089,128114,1091741,570540,-4.591695,1.2944553,21936.836,1464.8038,13037.826,6709.897,10573523,0.0345435,515234.28,344779,1.6547991
Geo8,4/25/22,1288166,1731745,305781,544864,1.4253303,-3.712982,14321.851,19800.074,3651.7083,6407.9316,9986243,0.03467148,515234.28,335831,1.6224351
Geo8,5/2/22,816651,105890,1025438,629120,-3.840416,1.0222614,9079.539,1210.7036,12246.0205,7398.8335,10564592,0.03545044,515234.28,363889,1.7288789
Geo8,5/9/22,921913,1013728,302786,270354,-0.913609,-2.25724,10249.844,11590.558,3615.9412,3179.5273,7566302.5,0.03544615,515234.28,210237,1.2859488
Geo8,5/16/22,1167100,623897,670004,641841,0.85442233,-1.468545,12975.837,7133.3867,8001.344,7548.44,12951681,0.03527513,515234.28,367132,1.7482568
Geo8,5/23/22,1176915,866457,619543,505336,-1.0555184,1.371017,13084.96,9906.72,7398.7275,5943.058,13419366,0.034845725,515234.28,322346,1.5676819
Geo8,5/30/22,1102792,0,61250,523526,-1.47662,-2.6938539,12260.859,0,731.46185,6156.984,7647374.5,0.03502363,515234.28,329171,1.5904378
Geo8,6/6/22,751856,974502,399253,309425,0.3395238,-3.9860964,8359.147,11142.0625,4767.9727,3639.026,8019762,0.035447113,515234.28,232839,1.3289225
Geo8,6/13/22,1523402,658095,542596,576529,-1.1295686,-1.3404124,16937.209,7524.393,6479.808,6780.331,8876618,0.034584865,515234.28,346924,1.6618308
Geo8,6/20/22,1270819,664909,0,814248,1.558038,4.9483976,14128.986,7602.3013,0,9576.051,14365510,0.035114158,515234.28,408723,1.9921756
Geo8,6/27/22,1281297,614158,302528,1007976,-0.7214395,0.14088386,14245.48,7022.0347,3612.86,11854.41,9651357,0.03501444,515234.28,442305,2.2789161
Geo8,7/4/22,1376416,1202344,799228,259655,4.569272,1.8442183,15303.016,13747.116,9544.567,3053.7004,14016239,0.034859005,515234.28,204280,1.271074
Geo8,7/11/22,1024334,831439,479642,748399,1.1251498,-4.316169,11388.5625,9506.338,5727.997,8801.627,8482841,0.035383303,515234.28,394780,1.8957368
Geo8,7/18/22,1657841,707959,960814,339920,4.8490357,1.8867998,18431.902,8094.5176,11474.266,3997.6658,14910893,0.03453711,515234.28,248970,1.3653051
Geo8,7/25/22,1114138,595772,1008665,1066173,0.808232,-3.7612324,12387.004,6811.817,12045.713,12538.842,8353234.5,0.034686226,515234.28,450498,2.3666542
Geo8,8/1/22,1387949,196938,820358,226452,1.359064,-2.2879472,15431.239,2251.7097,9796.907,2663.2131,9216050,0.034771204,515234.28,183953,1.2310319
Geo8,8/8/22,691576,946748,25793,1305620,-0.92997813,2.4227052,7688.953,10824.734,308.02603,15354.884,12483552,0.03453482,515234.28,474291,2.7527826
Geo8,8/15/22,1032520,781567,309973,719285,0.47702795,-3.5334406,11479.574,8936.122,3701.77,8459.229,10426795,0.034888152,515234.28,387809,1.8547404
Geo8,8/22/22,1261783,1217342,874170,282920,3.3024907,-2.5089703,14028.523,13918.598,10439.543,3327.311,12621805,0.03512788,515234.28,217525,1.3006321
Geo8,8/29/22,1200389,1077402,937260,376055,-0.29357508,-1.3224368,13345.944,12318.58,11192.979,4422.6353,10430175,0.035166796,515234.28,267032,1.4082769
Geo8,9/5/22,1080049,786609,228179,961199,-2.0737967,0.7029501,12008.002,8993.7705,2724.967,11304.284,10066303,0.034512784,515234.28,435676,2.2062244
Geo8,9/12/22,1215883,916045,1081992,715007,-2.1458464,6.8128095,13518.207,10473.689,12921.401,8408.917,14741497,0.035109814,515234.28,386718,1.8489106
Geo8,9/19/22,1432874,303316,635314,358395,0.68990946,-0.40274984,15930.717,3467.993,7587.0684,4214.943,12940179,0.034705102,515234.28,258736,1.3851764
Geo8,9/26/22,722007,903915,943206,350427,-0.49507043,5.9314966,8027.2856,10335,11263.986,4121.2344,16360618,0.03487797,515234.28,254080,1.3791995
Geo8,10/3/22,1667497,1161058,900660,657637,1.0191349,2.2888324,18539.258,13275.069,10755.893,7734.2104,13426242,0.03535272,515234.28,372094,1.7673948
Geo8,10/10/22,858835,913841,509349,994041,2.1744356,-0.9169333,9548.541,10448.489,6082.7646,11690.526,10636829,0.035350453,515234.28,440154,2.2583938
Geo8,10/17/22,527921,1098761,0,532927,-3.7919269,6.3856354,5869.434,12562.79,0,6267.5454,12993547,0.034975596,515234.28,332124,1.6046025
Geo8,10/24/22,1638489,468260,903434,963564,-4.5795383,-1.5541974,18216.748,5353.896,10789.0205,11332.098,9359043,0.035327222,515234.28,435995,2.2100346
Geo8,10/31/22,1216593,1755095,840242,0,-1.4892358,0.5139107,13526.101,20067.049,10034.366,0,10100453,0.03455713,515234.28,0,0
Geo8,11/7/22,1373002,542429,433201,1133960,-2.4428096,-3.3269525,15265.059,6201.9146,5173.3877,13336.059,10062157,0.035461888,515234.28,458463,2.4733949
Geo8,11/14/22,1443530,1234636,461296,536980,-1.9745332,-0.79571825,16049.189,14116.33,5508.905,6315.211,9858156,0.035364013,515234.28,333015,1.6124799
Geo8,11/21/22,982347,0,680567,1232312,-2.6610723,-4.8881474,10921.75,0,8127.49,14492.737,8118237,0.035427134,515234.28,468381,2.6310034
Geo8,11/28/22,823847,1176932,0,0,3.0526738,6.6473823,9159.544,13456.565,0,0,14695934,0.035005223,515234.28,0,0
Geo8,12/5/22,1123183,1266807,1032290,758819,1.3067154,-2.3456779,12487.566,14484.16,12327.849,8924.172,11270583,0.035173114,515234.28,397163,1.9105984
Geo8,12/12/22,1372588,1037656,1239522,338082,1.9742464,-3.4813771,15260.456,11864.141,14802.662,3976.0496,11567944,0.035268527,515234.28,247802,1.3643231
Geo8,12/19/22,1799274,629037,660789,158936,0.6903807,-3.4930294,20004.357,7192.1553,7891.297,1869.1838,10367097,0.034991868,515234.28,136630,1.1632584
Geo8,12/26/22,830992,1017813,257604,1294639,4.967598,-2.159913,9238.982,11637.264,3076.3672,15225.741,11722202,0.03489341,515234.28,473215,2.7358367
Geo8,1/2/23,1685452,706289,1613933,542483,-1.2676041,-2.644207,18738.883,8075.424,19273.965,6379.9297,10184260,0.035021804,515234.28,335502,1.6169293
Geo8,1/9/23,1171672,943427,370798,746139,1.8579731,-2.4670982,13026.668,10786.764,4428.1562,8775.048,10270975,0.035084046,515234.28,393720,1.8951006
Geo8,1/16/23,950285,416216,832258,988830,0.9258467,0.37310985,10565.284,4758.8457,9939.02,11629.241,13910703,0.034786757,515234.28,439968,2.2475045
Geo8,1/23/23,1205901,589302,1161699,228221,-3.241901,-3.402369,13407.227,6737.8413,13873.281,2684.0176,7555875.5,0.034758665,515234.28,184008,1.2402776
Geo8,1/30/23,869270,1166570,317840,686475,-4.8321166,0.94857347,9664.558,13338.091,3795.7197,8073.363,10841723,0.034629606,515234.28,379277,1.8099568
Geo8,2/6/23,949628,1014974,521626,62059,-1.8840685,0.03567932,10557.9795,11604.804,6229.38,729.85156,10439818,0.035444316,515234.28,58651,1.0581064
Geo8,2/13/23,1391897,1249242,440102,1018583,0.08930003,4.0248566,15475.134,14283.329,5255.801,11979.154,14474486,0.034790248,515234.28,443863,2.2948139
Geo8,2/20/23,1011091,154836,1087482,604286,-3.6366763,-3.9297574,11241.326,1770.3324,12986.965,7106.7705,8015756,0.03526561,515234.28,355512,1.6997626
Geo8,2/27/23,1135403,817686,295463,534791,-0.88223666,0.4897923,12623.429,9349.092,3528.4883,6289.467,12018624,0.034753945,515234.28,332327,1.6092312
Geo8,3/6/23,1209083,1098392,455684,749533,2.275158,3.824646,13442.6045,12558.571,5441.885,8814.963,14830432,0.0347709,515234.28,394728,1.8988595
Geo8,3/13/23,1400132,219948,795429,25592,-0.34167993,0.11078505,15566.69,2514.7966,9499.199,300.97748,10066558,0.034507707,515234.28,24770,1.0331854
Geo8,3/20/23,724548,479752,437714,560951,-3.0308595,-1.6778083,8055.5366,5485.291,5227.283,6597.1245,6961807.5,0.034863126,515234.28,341472,1.6427438
Geo8,3/27/23,306983,0,752683,407506,1.5187855,-4.80673,3413.042,0,8988.717,4792.518,7160543,0.03545088,515234.28,280793,1.4512683
Geo8,4/3/23,996618,693688,248002,495772,2.736843,5.035556,11080.415,7931.3486,2961.698,5830.5796,15729626,0.03502396,515234.28,318176,1.558169
Geo8,4/10/23,1325682,824429,927114,125939,0.6385874,-4.176026,14738.954,9426.188,11071.8125,1481.1191,8686079,0.03504959,515234.28,111944,1.1250179
Geo8,4/17/23,1020883,806515,622960,464742,6.0581913,1.4988873,11350.193,9221.367,7439.534,5465.648,15712721,0.035273924,515234.28,306286,1.5173465
Geo8,4/24/23,808298,795162,767552,272831,0.21340507,1.0936861,8986.67,9091.562,9166.285,3208.6582,12353124,0.034695487,515234.28,211557,1.2896335
Geo8,5/1/23,1379867,1072740,564561,328439,1.7405651,-3.384602,15341.384,12265.276,6742.1196,3862.642,10039124,0.03474948,515234.28,242687,1.353344
Geo8,5/8/23,971804,894907,486223,175393,-1.904552,-1.2463304,10804.532,10232.006,5806.589,2062.7283,9977463,0.03473631,515234.28,148829,1.1784867
Geo8,5/15/23,1354856,973210,857580,238740,-1.2666831,-0.12141791,15063.311,11127.291,10241.421,2807.7273,9260946,0.03456349,515234.28,191112,1.2492151
Geo8,5/22/23,850529,430229,713347,122684,2.2253704,0.041860797,9456.195,4919.065,8518.957,1442.8384,11836444,0.034670733,515234.28,109024,1.1252935
Geo8,5/29/23,1011636,1008821,718200,1418425,-1.9556289,2.8972292,11247.386,11534.452,8576.912,16681.54,11456092,0.0345159,515234.28,482488,2.939814
Geo8,6/5/23,1197394,847570,889796,0,0.70722926,1.1226852,13312.6455,9690.773,10626.152,0,11834107,0.035185706,515234.28,0,0
Geo8,6/12/23,1107881,507142,579294,272448,0.29863355,0.49110612,12317.438,5798.457,6918.0645,3204.154,9736405,0.035375576,515234.28,212154,1.2841992
Geo8,6/19/23,1615343,335814,771215,505077,2.5325007,1.6836977,17959.41,3839.5618,9210.03,5940.012,12997848,0.034759928,515234.28,322100,1.5680752
Geo8,6/26/23,1005213,1021568,1020084,135588,0.38041508,-4.3240356,11175.975,11680.196,12182.082,1594.5973,6519410.5,0.035266135,515234.28,118857,1.1407658
Geo8,7/3/23,717652,883608,955375,129667,1.8843968,-2.690341,7978.8667,10102.817,11409.312,1524.9626,9400154,0.03492695,515234.28,114811,1.1293952
Geo8,7/10/23,1221216,545338,520238,658637,-1.0841143,-2.1314254,13577.499,6235.175,6212.8037,7745.971,9042259,0.034883223,515234.28,372273,1.7692312
Geo8,7/17/23,1260742,590162,340557,484094,-1.0517213,0.817122,14016.95,6747.6743,4067.0112,5693.2393,11089941,0.034562603,515234.28,313950,1.5419462
Geo8,7/24/23,904321,948662,137845,961651,-2.1675866,3.9857826,10054.256,10846.619,1646.1772,11309.6,9685333,0.03451572,515234.28,435614,2.207576
Geo8,7/31/23,1165368,1388475,611592,392825,0.74002683,-3.056519,12956.58,15875.264,7303.775,4619.8604,10604515,0.034681637,515234.28,275587,1.4254119
Geo8,8/7/23,869209,1338054,845573,160334,0.81493354,3.622222,9663.88,15298.77,10098.03,1885.6252,13331303,0.03454792,515234.28,137413,1.1668037
Geo8,8/14/23,1042026,822212,331321,390489,-4.0096827,-1.1846038,11585.262,9400.841,3956.713,4592.3877,7836144,0.034690693,515234.28,274115,1.4245445
Geo8,8/21/23,1574047,989875,337937,896933,0.24006268,5.794747,17500.28,11317.832,4035.7227,10548.477,14387146,0.034672704,515234.28,424979,2.110535
Geo8,8/28/23,1000204,1154462,474787,543474,-6.103748,1.3964833,11120.284,13199.653,5670.0176,6391.5845,10281223,0.035338387,515234.28,335733,1.6187685
Geo8,9/4/23,938655,909146,643330,817259,-1.4934795,0.27368656,10435.981,10394.809,7682.7974,9611.462,12824263,0.035147183,515234.28,409449,1.9959971
Geo8,9/11/23,1425350,748825,996952,581960,-1.0372062,2.1192336,15847.064,8561.763,11905.834,6844.203,11957773,0.035397314,515234.28,348317,1.670777
Geo8,9/18/23,1176606,703810,276508,740435,-3.9764557,-0.81600523,13081.524,8047.0796,3302.1233,8707.965,10659513,0.0352725,515234.28,392851,1.8847731
Geo8,9/25/23,1345396,926659,913787,549129,1.15472,0.6913992,14958.135,10595.045,10912.658,6458.0903,14096882,0.035498634,515234.28,337859,1.6253201
Geo8,10/2/23,1811789,910135,581110,566058,2.8255296,2.0984898,20143.5,10406.116,6939.7515,6657.186,14388830,0.03474949,515234.28,343252,1.6491033
Geo8,10/9/23,1450646,949599,794024,1038486,0.83157325,-6.563773,16128.306,10857.332,9482.42,12213.227,9444648,0.035080384,515234.28,446510,2.3257844
Geo8,10/16/23,1421499,772168,594631,566926,-0.35759842,0.9049814,15804.249,8828.657,7101.2227,6667.394,13423363,0.03458656,515234.28,343592,1.6499977
Geo8,10/23/23,1363475,0,981194,1011965,2.8974686,0.29854915,15159.137,0,11717.648,11901.323,12890763,0.035308577,515234.28,443153,2.2835567
Geo8,10/30/23,1653899,1234368,459821,24164,0.36424854,-1.6767364,18388.076,14113.266,5491.29,284.18332,11245924,0.03471537,515234.28,23631,1.0225551
Geo8,11/6/23,616438,812839,8108,589352,-4.54069,-3.2333908,6853.568,9293.673,96.82763,6931.1377,7398732,0.034660034,515234.28,351399,1.6771591
Geo8,11/13/23,1232259,715530,700361,942877,4.2945175,-0.13574912,13700.275,8181.0815,8363.875,11088.807,13783014,0.035428446,515234.28,432198,2.1815858
Geo8,11/20/23,788329,744655,335521,892587,-1.6195664,4.8525243,8764.654,8514.085,4006.8704,10497.365,16245602,0.035060097,515234.28,423842,2.1059427
Geo8,11/27/23,677493,593658,646066,296864,-0.8967131,1.5188012,7532.378,6787.646,7715.471,3491.301,11468525,0.034619004,515234.28,226026,1.3134065
Geo8,12/4/23,1579364,383897,1008588,352494,-6.089191,4.3785267,17559.395,4389.323,12044.794,4145.5435,12235028,0.03506106,515234.28,255525,1.3794893
Geo8,12/11/23,996102,512059,0,675131,-3.1741943,-2.556891,11074.678,5854.6763,0,7939.9507,8564799,0.03499133,515234.28,376235,1.7944397
Geo8,12/18/23,1502042,718360,823920,1087753,-4.334429,7.185186,16699.727,8213.438,9839.445,12792.636,16629700,0.034520213,515234.28,453124,2.4005637
Geo8,12/25/23,1013388,616682,828556,581887,-7.2524567,-0.722121,11266.864,7050.893,9894.81,6843.3447,7685996.5,0.03519748,515234.28,348643,1.6690053
Geo8,1/1/24,1183208,1076138,0,226094,-0.15315813,0.45568538,13154.926,12304.128,0,2659.0027,11718439,0.03492948,515234.28,182884,1.23627
Geo8,1/8/24,995306,147371,476754,1009034,1.1068594,-2.8536413,11065.828,1684.9806,5693.508,11866.853,8231775.5,0.03540812,515234.28,442799,2.278763
Geo8,1/15/24,798077,1665829,373905,839001,-0.43624306,1.2813729,8873.033,19046.418,4465.2607,9867.161,11146607,0.034908578,515234.28,413323,2.029892
Geo9,1/25/21,952068,252930,158528,0,1.5659827,2.8694344,10585.107,2891.8997,1893.1785,0,10806310,0.03507051,418599.44,0,0
Geo9,2/1/21,1174527,521932,625082,159471,-4.7222447,-2.0890894,13058.41,5967.56,7464.8755,1875.4758,5049613,0.03529241,418599.44,132383,1.2046185
Geo9,2/8/21,1516622,638483,398486,416234,-4.4000654,-1.5643828,16861.828,7300.157,4758.813,4895.1646,6280848,0.034694444,418599.44,263468,1.5798275
Geo9,2/15/21,941301,468528,426821,147104,0.40542674,-0.6926373,10465.399,5356.9604,5097.1963,1730.0323,8761397,0.035307813,418599.44,123841,1.1878457
Geo9,2/22/21,1168859,180485,723012,324950,-0.19225158,3.4376264,12995.394,2063.5928,8634.378,3821.6094,10713383,0.035328194,418599.44,226521,1.4345249
Geo9,3/1/21,846575,309282,809492,450207,4.977575,3.0492349,9412.234,3536.2056,9667.143,5294.7075,12606928,0.035180703,418599.44,276163,1.630222
Geo9,3/8/21,653439,603836,687370,198831,1.578871,3.2981236,7264.9453,6904.017,8208.733,2338.3733,12208595,0.034848228,418599.44,158739,1.2525655
Geo9,3/15/21,337678,158003,582526,240885,-3.9248662,-0.64948905,3754.3096,1806.5426,6956.6616,2832.9539,6371037,0.03514142,418599.44,182998,1.3163259
Geo9,3/22/21,1274973,585580,443984,302026,0.8541024,-0.9512531,14175.171,6695.2856,5302.1606,3552.0093,8106072,0.034778282,418599.44,215310,1.4027495
Geo9,3/29/21,940684,275465,400374,501381,-5.2386723,1.2741532,10458.54,3149.5557,4781.36,5896.545,9163191,0.034844667,418599.44,292113,1.716394
Geo9,4/5/21,1099522,443771,0,204827,1.0540514,-2.6388707,12224.503,5073.8984,0,2408.89,7649828,0.034582913,418599.44,161770,1.2661618
Geo9,4/12/21,920113,618919,513181,451979,3.763883,-4.995618,10229.831,7076.47,6128.5273,5315.5474,7847800.5,0.034863338,418599.44,276773,1.6330314
Geo9,4/19/21,901712,773939,525825,802053,-0.19676512,1.7868483,10025.249,8848.906,6279.525,9432.631,9910808,0.034757774,418599.44,357181,2.2455087
Geo9,4/26/21,1212864,603197,378913,394295,1.0846121,-4.953687,13484.642,6896.7114,4525.068,4637.1484,6996736.5,0.034899525,418599.44,255468,1.5434222
Geo9,5/3/21,722278,1000714,441585,442247,-2.0771976,-1.5667725,8030.2983,11441.761,5273.511,5201.0933,7137877,0.035265725,418599.44,272794,1.6211756
Geo9,5/10/21,450539,196222,63897,171482,2.0163572,-3.848609,5009.1,2243.5232,763.07294,2016.7324,6191322.5,0.03454044,418599.44,140670,1.2190374
Geo9,5/17/21,962112,626387,793793,431992,-0.961285,3.6909256,10696.776,7161.8564,9479.662,5080.4883,11002949,0.03480869,418599.44,268600,1.6083097
Geo9,5/24/21,1442662,879016,841296,688579,-1.7063838,3.114561,16039.539,10050.314,10046.953,8098.1074,9245710,0.035183925,418599.44,337585,2.0397203
Geo9,5/31/21,801448,752931,0,498570,-0.5550942,2.9119935,8910.512,8608.709,0,5863.486,10692726,0.035385877,418599.44,291638,1.7095509
Geo9,6/7/21,461855,949296,667377,1118996,-1.7537402,6.051424,5134.911,10853.867,7969.972,13160.072,12168428,0.035404254,418599.44,389724,2.8712525
Geo9,6/14/21,1301507,749470,719363,586135,0.33698654,3.5902605,14470.176,8569.138,8590.801,6893.3037,11417612,0.034913648,418599.44,315550,1.8575028
Geo9,6/21/21,959923,508614,543887,17188,-4.2220435,1.8521781,10672.439,5815.2876,6495.2256,202.14133,8562768,0.03457733,418599.44,16701,1.0291599
Geo9,6/28/21,689296,944528,175875,546295,0.4403401,-2.693841,7663.604,10799.353,2100.3403,6424.761,7136832,0.034525003,418599.44,304695,1.792924
Geo9,7/5/21,931912,1142610,275958,837948,2.7085576,1.5935459,10361.013,13064.142,3295.555,9854.777,10827955,0.03543676,418599.44,362243,2.3132207
Geo9,7/12/21,1055314,367735,694448,286975,-6.331634,-0.120482534,11732.998,4204.5337,8293.261,3375.0002,6788704.5,0.035071336,418599.44,207673,1.3818599
Geo9,7/19/21,1142170,211064,680628,262772,3.3629987,0.099705905,12698.665,2413.2207,8128.2188,3090.3584,8309077,0.034673024,418599.44,195063,1.3471135
Geo9,7/26/21,733254,147439,518471,529867,-0.4544028,-5.210504,8152.33,1685.758,6191.702,6231.5576,6394359.5,0.035360813,418599.44,300136,1.765423
Geo9,8/2/21,919096,1082368,931022,381052,6.0088177,3.5545793,10218.524,12375.359,11118.482,4481.403,14806952,0.035175577,418599.44,250373,1.5219373
Geo9,8/9/21,1043177,959284,698029,21928,4.0346894,1.6354091,11598.059,10968.066,8336.025,257.8866,11839727,0.034947142,418599.44,21485,1.020619
Geo9,8/16/21,1157497,869766,707776,458584,-1.3018718,-2.913289,12869.07,9944.554,8452.427,5393.2266,6419342,0.03489296,418599.44,278388,1.6472837
Geo9,8/23/21,903769,314341,247866,0,-0.9976281,0.6643662,10048.118,3594.0483,2960.0737,0,7738374.5,0.03459894,418599.44,0,0
Geo9,8/30/21,623596,1092615,689356,575797,3.272214,2.816972,6933.1504,12492.52,8232.45,6771.7227,12940196,0.03456527,418599.44,312651,1.8416605
Geo9,9/6/21,773741,731252,0,0,3.7593646,-0.699903,8602.465,8360.841,0,0,8969430,0.035236694,418599.44,0,0
Geo9,9/13/21,363134,232998,1163024,676590,1.9666247,-1.7364585,4037.3296,2664.0051,13889.1045,7957.1094,9128723,0.034788918,418599.44,335802,2.014848
Geo9,9/20/21,443473,582852,480878,341182,3.3184252,2.5828083,4930.54,6664.0947,5742.7573,4012.5076,12050966,0.03505759,418599.44,233953,1.4583356
Geo9,9/27/21,729575,694170,584044,261819,-3.1389241,2.3100896,8111.427,7936.86,6974.79,3079.1504,8790748,0.034794684,418599.44,194808,1.3439848
Geo9,10/4/21,856308,531769,261259,1019744,1.409451,-0.8314358,9520.446,6080.032,3120.016,11992.809,8803375,0.035405476,418599.44,381796,2.6709132
Geo9,10/11/21,979781,731886,807854,400871,4.164734,2.2582977,10893.221,8368.09,9647.581,4714.4863,12621139,0.035394974,418599.44,257971,1.5539383
Geo9,10/18/21,761514,272666,539626,208509,-1.8817964,1.5451267,8466.525,3117.553,6444.34,2452.1924,10528558,0.035333112,418599.44,164107,1.2705674
Geo9,10/25/21,883720,476160,471994,300173,-4.277379,-2.8162842,9825.213,5444.221,5636.6626,3530.2168,8591578,0.035411254,418599.44,214327,1.4005375
Geo9,11/1/21,1059809,460249,418565,767276,2.9742842,-2.5443711,11782.974,5262.3013,4998.601,9023.632,8911975,0.034566097,418599.44,351875,2.1805358
Geo9,11/8/21,935970,996834,571706,550429,-6.795086,-3.81875,10406.13,11397.398,6827.447,6473.3794,6027895,0.035442997,418599.44,306379,1.7965624
Geo9,11/15/21,507486,584046,49487,103173,-1.519393,3.5231695,5642.238,6677.7466,590.98535,1213.3772,9423705,0.0346382,418599.44,91348,1.12945
Geo9,11/22/21,1457686,472021,327657,0,2.820251,-0.78201973,16206.576,5396.898,3912.9565,0,9941421,0.03496563,418599.44,0,0
Geo9,11/29/21,1036088,457933,0,491623,0.35987514,-1.6718004,11519.243,5235.8213,0,5781.785,7609235,0.035446227,418599.44,289188,1.7000117
Geo9,12/6/21,1192240,698977,494927,328551,2.02098,-4.466367,13255.344,7991.8213,5910.534,3863.9592,7807940.5,0.035048924,418599.44,228021,1.4408804
Geo9,12/13/21,1047877,997040,591007,206654,-1.3906316,6.3095827,11650.313,11399.753,7057.944,2430.3765,10899439,0.03508912,418599.44,163090,1.2671163
Geo9,12/20/21,747584,844835,1662754,592615,1.509245,-4.422395,8311.651,9659.503,19856.998,6969.512,8029625,0.035234366,418599.44,317516,1.8664099
Geo9,12/27/21,1401651,409861,923138,0,-2.761291,-0.3264482,15583.578,4686.1855,11024.33,0,7490098,0.03540657,418599.44,0,0
Geo9,1/3/22,982879,617686,652692,715278,2.6863694,-1.8958464,10927.665,7062.3726,7794.6006,8412.104,10767197,0.034870774,418599.44,342869,2.0861554
Geo9,1/10/22,914598,875098,383888,0,8.481636,3.7754796,10168.516,10005.518,4584.4805,0,15313119,0.034640674,418599.44,0,0
Geo9,1/17/22,1316956,303423,306296,284848,0.16387862,-2.5702732,14641.938,3469.2163,3657.8584,3349.9856,9177279,0.035043374,418599.44,206874,1.3769155
Geo9,1/24/22,1191376,674715,357440,338675,-0.3098436,0.117838785,13245.737,7714.4194,4268.6323,3983.0237,8344922.5,0.03530517,418599.44,231495,1.4629905
Geo9,1/31/22,696808,471053,572260,406743,-2.2935214,-2.9160316,7747.1226,5385.83,6834.063,4783.545,7999078,0.034504216,418599.44,260161,1.563428
Geo9,2/7/22,538344,567849,391187,441510,0.78765106,2.0870385,5985.3174,6492.5566,4671.6465,5192.426,10683067,0.03460531,418599.44,273071,1.6168323
Geo9,2/14/22,671664,723178,711670,543092,-2.3464005,-1.4378824,7467.5713,8268.525,8498.93,6387.092,8367174.5,0.03535535,418599.44,304409,1.7840866
Geo9,2/21/22,1121267,817844,247139,0,-0.16833366,-2.5287216,12466.265,9350.898,2951.3918,0,5735963,0.03455427,418599.44,0,0
Geo9,2/28/22,806515,242320,422763,416276,-0.43207338,4.5265665,8966.847,2770.589,5048.735,4895.6587,10428499,0.03503811,418599.44,263633,1.5789981
Geo9,3/7/22,953525,455815,832494,383252,-1.7239218,-1.7877177,10601.307,5211.605,9941.838,4507.2764,8244124,0.03538782,418599.44,250719,1.5286117
Geo9,3/14/22,716755,536412,1006734,163567,-0.02051791,-2.7145562,7968.8936,6133.1187,12022.653,1923.6472,7106842.5,0.03467775,418599.44,135068,1.2109975
Geo9,3/21/22,688332,903804,612571,550226,-3.2828429,0.1329858,7652.886,10333.73,7315.4663,6470.992,7795997,0.0351822,418599.44,306262,1.7965859
Geo9,3/28/22,748685,402868,443066,77473,4.8623724,6.6616554,8323.892,4606.2305,5291.1978,911.1295,11418834,0.034989633,418599.44,70757,1.0949165
Geo9,4/4/22,1295058,1099678,202195,567625,-1.6738218,3.1044164,14398.476,12573.274,2414.66,6675.6147,9323706,0.035002824,418599.44,310660,1.8271583
Geo9,4/11/22,782539,571128,97718,629170,-2.8017225,-2.5500104,8700.281,6530.0474,1166.9712,7399.4214,7700319,0.0346744,418599.44,325238,1.934491
Geo9,4/18/22,1210760,459256,490263,160120,2.5162182,4.2713723,13461.249,5250.9478,5854.8354,1883.1084,12150110,0.03531384,418599.44,132806,1.2056684
Geo9,4/25/22,826649,1014944,348532,492649,-0.085663885,0.8863498,9190.697,11604.46,4162.2505,5793.8516,9611522,0.034748077,418599.44,289929,1.6992056
Geo9,5/2/22,1091222,9144,964635,790420,1.3804967,-0.45546502,12132.224,104.548805,11519.896,9295.819,9325525,0.035490517,418599.44,354984,2.2266355
Geo9,5/9/22,270573,750367,162393,155665,-5.2721834,-0.30095136,3008.235,8579.394,1939.3352,1830.715,6180421,0.035312552,418599.44,129769,1.1995546
Geo9,5/16/22,1354109,743046,698878,590956,1.7050776,4.369864,15055.006,8495.688,8346.164,6950.0015,12952350,0.03463137,418599.44,316650,1.8662751
Geo9,5/23/22,681118,568772,383364,143612,1.104321,4.2292495,7572.681,6503.11,4578.2227,1688.9644,12253046,0.035367664,418599.44,122004,1.177109
Geo9,5/30/22,1267282,117896,614643,466164,3.555478,-2.1097536,14089.662,1347.9753,7340.2104,5482.3716,8733609,0.03509724,418599.44,280656,1.66098
Geo9,6/6/22,682542,358565,429189,258909,-0.7909906,-1.5488437,7588.513,4099.6875,5125.4756,3044.927,7256172,0.034618042,418599.44,193226,1.3399284
Geo9,6/13/22,550670,606763,443204,474798,2.7954688,6.313777,6122.358,6937.4834,5292.8457,5583.913,12622604,0.035483696,418599.44,284076,1.6713767
Geo9,6/20/22,745322,621950,554546,416419,0.96947217,1.5560486,8286.502,7111.1255,6622.518,4897.3403,9834022,0.035236962,418599.44,263257,1.5817965
Geo9,6/27/22,968703,461726,412497,86042,-1.1807712,-3.1916504,10770.056,5279.189,4926.1357,1011.9062,4808404.5,0.03473319,418599.44,77938,1.1039801
Geo9,7/4/22,1028759,833717,447247,580252,-2.4688144,-3.2631733,11437.759,9532.384,5341.1284,6824.1157,6176780.5,0.03469945,418599.44,313559,1.8505353
Geo9,7/11/22,815945,585226,336986,634006,-3.4811726,3.9310591,9071.689,6691.2383,4024.3657,7456.2954,9336972,0.035107236,418599.44,326303,1.9429978
Geo9,7/18/22,1232485,722960,341192,249246,-0.02181643,-2.3160415,13702.788,8266.033,4074.5947,2931.2844,8387922,0.03512104,418599.44,188098,1.3250859
Geo9,7/25/22,846904,0,598999,720910,0.1299277,1.1130894,9415.893,0,7153.386,8478.34,8739031,0.035163134,418599.44,343483,2.0988228
Geo9,8/1/22,1023698,158480,229934,277749,3.4226956,1.335251,11381.491,1811.9965,2745.9255,3266.4968,9303947,0.03461996,418599.44,202772,1.3697602
Geo9,8/8/22,893257,705523,0,815604,0.09181201,-0.48354462,9931.246,8066.6655,0,9591.998,8906475,0.03491209,418599.44,358866,2.2727258
Geo9,8/15/22,781062,661276,661813,413302,-0.54919344,1.6955334,8683.86,7560.763,7903.526,4860.6826,11018306,0.03465292,418599.44,263044,1.5712277
Geo9,8/22/22,916618,398702,711396,235107,3.4600315,1.3150747,10190.974,4558.5977,8495.657,2765.0012,11270775,0.034955557,418599.44,179965,1.306404
Geo9,8/29/22,957350,572582,391124,464961,2.1245518,-2.0003557,10643.833,6546.672,4670.8945,5468.2236,8180186.5,0.034663543,418599.44,280802,1.6558322
Geo9,9/5/22,1032143,557217,281321,739304,4.3717113,-4.710877,11475.383,6370.9946,3359.601,8694.664,7622221,0.03482913,418599.44,347157,2.1295955
Geo9,9/12/22,1016625,522040,846263,582010,2.4019852,-3.7886338,11302.854,5968.795,10106.2705,6844.791,8157577.5,0.03498009,418599.44,314670,1.8495885
Geo9,9/19/22,874508,797126,194996,794766,-1.1478472,3.7192764,9722.794,9114.018,2328.6877,9346.931,12130742,0.03477607,418599.44,355953,2.2327836
Geo9,9/26/22,469533,481286,1092494,98538,0.5129269,1.3238683,5220.2754,5502.83,13046.819,1158.8667,10869304,0.03478137,418599.44,87359,1.1279662
Geo9,10/3/22,710882,1030451,860989,848155,0.9647793,0.9440092,7903.5977,11781.761,10282.132,9974.818,10336012,0.03503782,418599.44,363239,2.3349779
Geo9,10/10/22,299598,424674,351392,351764,-1.1133075,-1.8956771,3330.9353,4855.5513,4196.4053,4136.9585,6161309,0.0352742,418599.44,238115,1.4772862
Geo9,10/17/22,822668,307329,363243,251291,2.4954848,0.01844514,9146.437,3513.8757,4337.933,2955.3347,8598092,0.03491034,418599.44,189612,1.3252906
Geo9,10/24/22,1534233,572366,680157,1028616,-1.5683552,4.3588295,17057.627,6544.202,8122.5938,12097.148,11444127,0.034850985,418599.44,382542,2.688897
Geo9,10/31/22,655772,474819,260738,12471,-9.191602,3.808979,7290.884,5428.889,3113.7942,146.66653,6773804.5,0.0353739,418599.44,12233,1.0194556
Geo9,11/7/22,698785,425757,307843,482775,-0.35991806,-0.23720486,7769.103,4867.934,3676.333,5677.727,10120321,0.035348743,418599.44,286285,1.686344
Geo9,11/14/22,1225782,320171,0,867037,0.10348025,-0.5992701,13628.264,3660.706,0,10196.882,8269560,0.035306048,418599.44,365620,2.3714156
Geo9,11/21/22,1331815,587972,412770,1155607,0.97766536,4.1277986,14807.141,6722.635,4929.396,13590.641,12265509,0.03478846,418599.44,392224,2.9462934
Geo9,11/28/22,1075514,836904,216889,139529,0.039976597,1.3286226,11957.582,9568.823,2590.1392,1640.9458,8899012,0.035160493,418599.44,119129,1.171243
Geo9,12/5/22,964885,1190468,633731,759979,-1.3391416,5.9889154,10727.607,13611.331,7568.164,8937.814,11889318,0.034727715,418599.44,350322,2.1693728
Geo9,12/12/22,1014249,931396,331856,277358,-4.284645,-4.15279,11276.437,10649.206,3963.102,3261.8984,6519901,0.035317034,418599.44,203438,1.363354
Geo9,12/19/22,1225178,773655,415440,541023,0.2063978,2.796352,13621.549,8845.659,4961.2817,6362.7593,11738926,0.03523098,418599.44,303383,1.7833003
Geo9,12/26/22,547215,485470,254779,466387,5.351425,-0.6222923,6083.9453,5550.668,3042.6304,5484.9946,9884991,0.034614474,418599.44,280924,1.6601893
Geo9,1/2/23,1619932,759968,842676,295947,-11.871215,2.8616557,18010.43,8689.168,10063.434,3480.5164,7230230.5,0.035088595,418599.44,212544,1.3924035
Geo9,1/9/23,1125129,959738,182042,841380,-4.088023,0.4982204,12509.202,10973.257,2173.988,9895.14,8176928,0.035475697,418599.44,362242,2.3227015
Geo9,1/16/23,905679,190885,540936,447396,0.41569072,-0.04482155,10069.354,2182.5022,6459.9844,5261.649,10335313,0.03499497,418599.44,274950,1.6271904
Geo9,1/23/23,608637,624446,689798,47418,1.3057543,2.9332721,6766.836,7139.6636,8237.7295,557.6645,9720852,0.03519575,418599.44,44663,1.0616841
Geo9,1/30/23,648163,1003434,1055221,695960,2.3279734,-0.91752374,7206.2866,11472.859,12601.696,8184.912,10422221,0.035109386,418599.44,339714,2.0486646
Geo9,2/6/23,357487,359496,686878,417455,2.968142,-1.7700751,3974.5461,4110.3325,8202.857,4909.5244,8997689,0.034558594,418599.44,264148,1.580383
Geo9,2/13/23,673323,1266894,298500,823019,-1.0149158,-4.295604,7486.016,14485.155,3564.7568,9679.203,6665607.5,0.03469578,418599.44,359969,2.2863607
Geo9,2/20/23,709272,1163080,913741,682971,3.6381698,-3.563373,7885.6978,13298.1875,10912.108,8032.154,9611610,0.03492339,418599.44,336961,2.0268548
Geo9,2/27/23,681662,569887,418178,107008,4.6100564,5.9615927,7578.729,6515.858,4993.9795,1258.4791,14416660,0.03488093,418599.44,94109,1.1370645
Geo9,3/6/23,1086807,898104,493519,648909,-5.938207,6.6256514,12083.138,10268.559,5893.719,7631.564,11136518,0.035082515,418599.44,329662,1.968407
Geo9,3/13/23,865622,71842,394971,0,-4.3673606,-1.2659792,9623.999,821.4125,4716.836,0,6031543.5,0.03478639,418599.44,0,0
Geo9,3/20/23,545825,455562,824239,0,3.5973797,-4.921013,6068.491,5208.7124,9843.255,0,5705851.5,0.03509368,418599.44,0,0
Geo9,3/27/23,485111,942550,313472,418101,-3.7763758,-2.704637,5393.472,10776.736,3743.556,4917.1216,5281427,0.03549894,418599.44,264285,1.582008
Geo9,4/3/23,1059643,413726,292155,440866,0.42076707,0.7227323,11781.128,4730.3765,3488.9834,5184.852,9822330,0.034914616,418599.44,272652,1.6169549
Geo9,4/10/23,774765,558170,933103,11409,3.8429065,-4.2765584,8613.85,6381.8906,11143.334,134.17677,8429428,0.03483107,418599.44,11161,1.0222203
Geo9,4/17/23,876304,439045,386329,327760,-2.3409135,3.3219974,9742.762,5019.8633,4613.6313,3854.6567,10799913,0.034713615,418599.44,227406,1.4412988
Geo9,4/24/23,747898,608316,746183,568651,-3.355033,3.4103143,8315.142,6955.2397,8911.092,6687.681,9973477,0.03528888,418599.44,311227,1.8271261
Geo9,5/1/23,1108268,733094,736103,491971,-2.0396852,1.0536094,12321.741,8381.901,8790.714,5785.878,9303738,0.03456255,418599.44,289293,1.7005976
Geo9,5/8/23,1018089,748209,166184,56156,-0.40231174,4.0551577,11319.13,8554.72,1984.6082,660.42865,10807264,0.034805447,418599.44,53108,1.0573925
Geo9,5/15/23,1219073,540349,499252,365463,6.18339,0.16079837,13553.674,6178.1323,5962.184,4298.067,9500109,0.03523484,418599.44,243847,1.498739
Geo9,5/22/23,752427,517211,943692,237367,0.260957,1.3934697,8365.495,5913.582,11269.791,2791.58,9708674,0.034948427,418599.44,180929,1.3119345
Geo9,5/29/23,1149928,302751,1009900,538710,-1.4073634,-4.171018,12784.918,3461.533,12060.462,6335.5566,5681148,0.034875125,418599.44,302863,1.778725
Geo9,6/5/23,502238,810586,660006,665416,10.927521,-0.09826313,5583.89,9267.913,7881.946,7825.6963,12312732,0.034902606,418599.44,333116,1.9975504
Geo9,6/12/23,498244,370027,35051,262917,-1.6293443,4.5149627,5539.485,4230.7393,418.58725,3092.0637,9012037,0.035131507,418599.44,195185,1.3470144
Geo9,6/19/23,910202,419060,725242,324820,-3.9568954,1.1951116,10119.641,4791.3633,8661.01,3820.0806,8112972.5,0.034628462,418599.44,225533,1.4402326
Geo9,6/26/23,1194598,862731,472834,541478,-1.9843376,1.3204215,13281.56,9864.118,5646.6943,6368.1104,7784674.5,0.03534151,418599.44,303997,1.7811952
Geo9,7/3/23,453306,977991,592926,50638,-3.661289,0.71529865,5039.8633,11181.955,7080.861,595.5336,7644522.5,0.035018463,418599.44,47735,1.0608149
Geo9,7/10/23,637404,383029,740558,390429,-7.933585,-1.8155773,7086.668,4379.399,8843.917,4591.682,4933302,0.034600314,418599.44,253516,1.5400566
Geo9,7/17/23,620303,445563,547764,204781,-0.37780952,-2.4941273,6896.5386,5094.3877,6541.526,2408.3489,7737605,0.035386704,418599.44,161432,1.268528
Geo9,7/24/23,804898,702675,359613,818308,0.15835112,1.6263335,8948.869,8034.1025,4294.5825,9623.799,7943122.5,0.03479779,418599.44,359532,2.2760367
Geo9,7/31/23,1176304,1089234,543949,543336,0.4991591,-4.247282,13078.167,12453.862,6495.9663,6389.9614,8305524,0.034733523,418599.44,303820,1.7883483
Geo9,8/7/23,803012,982258,1117927,0,0.022483476,-3.3347807,8927.9,11230.742,13350.546,0,7519416.5,0.03474363,418599.44,0,0
Geo9,8/14/23,1250127,676464,722910,547735,2.9500713,-0.9548205,13898.933,7734.4165,8633.16,6441.6963,9411041,0.035478327,418599.44,305417,1.7934005
Geo9,8/21/23,787482,487304,433876,719505,-3.2263975,3.4752967,8755.237,5571.637,5181.4487,8461.815,9719535,0.03501497,418599.44,343234,2.0962522
Geo9,8/28/23,1169473,824451,181272,342427,0.84189034,-2.9759135,13002.22,9426.44,2164.7927,4027.1494,8370234,0.035415478,418599.44,233824,1.4644648
Geo9,9/4/23,643583,569916,581003,689782,-1.0840027,-3.431795,7155.366,6516.19,6938.4736,8112.2554,8099256.5,0.035489686,418599.44,338346,2.0386882
Geo9,9/11/23,771649,429083,1025001,642777,1.3972678,0.3038449,8579.206,4905.962,12240.802,7559.4478,9467462,0.035175785,418599.44,328491,1.9567568
Geo9,9/18/23,829042,698565,309718,671224,0.41284037,4.7515583,9217.303,7987.1104,3698.7249,7894.002,13158858,0.034773994,418599.44,334445,2.0069788
Geo9,9/25/23,769846,740866,1088795,0,1.2729434,-3.2420475,8559.16,8470.763,13002.645,0,8930825,0.035157952,418599.44,0,0
Geo9,10/2/23,1020001,731639,394890,316524,0.073647276,0.3069136,11340.388,8365.266,4715.8687,3722.5144,9016596,0.035288066,418599.44,222189,1.4245709
Geo9,10/9/23,822744,738166,389976,919122,1.352105,0.58211714,9147.281,8439.893,4657.1846,10809.433,10590689,0.034646686,418599.44,372009,2.4706984
Geo9,10/16/23,849198,1038643,62639,692918,-0.12623695,8.367264,9441.397,11875.425,748.04956,8149.1367,14353534,0.035404444,418599.44,338882,2.0447176
Geo9,10/23/23,890872,259464,859305,983278,-3.9130197,0.6003366,9904.7295,2966.6067,10262.021,11563.946,8441587,0.0346204,418599.44,378538,2.5975676
Geo9,10/30/23,1665377,865468,602962,111436,3.2251704,3.1349094,18515.688,9895.412,7200.7134,1310.555,12363821,0.035132695,418599.44,98194,1.1348555
Geo9,11/6/23,704598,647994,149854,829102,0.8223517,-2.8950973,7833.732,7408.902,1789.5916,9750.743,8030147.5,0.03532173,418599.44,360939,2.2970695
Geo9,11/13/23,1035805,508794,674856,534756,0.9715782,2.6558065,11516.097,5817.345,8059.288,6289.055,11193257,0.035153247,418599.44,302047,1.7704397
Geo9,11/20/23,932098,210570,536777,732571,-5.086288,2.110971,10363.081,2407.5725,6410.3164,8615.4795,10267492,0.03518613,418599.44,346183,2.116138
Geo9,11/27/23,1041533,262998,940637,661106,-2.544316,-0.096995324,11579.781,3007.0132,11233.307,7775.0083,8276024,0.035096318,418599.44,332565,1.9879001
Geo9,12/4/23,495464,169496,223301,443847,4.168826,-2.5984805,5508.5767,1937.9489,2666.713,5219.91,10160827,0.034740333,418599.44,273635,1.6220403
Geo9,12/11/23,781983,403452,0,891739,3.615406,-2.3090618,8694.1,4612.907,0,10487.393,9387951,0.03466187,418599.44,368779,2.418085
Geo9,12/18/23,1518548,916440,0,1200758,4.6427507,4.8757753,16883.242,10478.205,0,14121.644,15032698,0.034952722,418599.44,394977,3.0400708
Geo9,12/25/23,1144192,144183,422975,286001,-3.1467526,2.6172423,12721.1455,1648.5303,5051.2666,3363.5454,9142332,0.034518138,418599.44,207232,1.3801006
Geo9,1/1/24,845349,690011,0,0,8.773762,0.048939742,9398.604,7889.3076,0,0,11516372,0.035206947,418599.44,0,0
Geo9,1/8/24,613793,0,412828,499065,-3.4903393,0.22753963,6824.1606,0,4930.0884,5869.3076,6609583,0.034584206,418599.44,291055,1.7146759
Geo9,1/15/24,776548,1022598,534479,884561,3.5409708,-4.651778,8633.673,11691.973,6382.873,10402.975,6829087,0.03527634,418599.44,368195,2.4024253