seed,channel,variant,spend_multiplier,mean,q05,q25,q50,q75,q95,true_mroi,pct_error
101,TV,truth,1.0,5.87507505674133,,,,,,,
101,TV,truth,2.0,4.762085789123219,,,,,,,
101,TV,truth,3.0,3.960940107518028,,,,,,,
101,TV,truth,5.0,2.8946315469787645,,,,,,,
101,TV,truth,10.0,1.6027432811974631,,,,,,,
101,Display,truth,1.0,3.3134590476125436,,,,,,,
101,Display,truth,2.0,1.6613975450895584,,,,,,,
101,Display,truth,3.0,1.0175821917812358,,,,,,,
101,Display,truth,5.0,0.5071189688637499,,,,,,,
101,Display,truth,10.0,0.1760192383592443,,,,,,,
12345,TV,truth,1.0,5.870154612200596,,,,,,,
12345,TV,truth,2.0,4.752674783847383,,,,,,,
12345,TV,truth,3.0,3.9500693987004745,,,,,,,
12345,TV,truth,5.0,2.8843011165097523,,,,,,,
12345,TV,truth,10.0,1.5963216275592176,,,,,,,
12345,Display,truth,1.0,3.3087416212965133,,,,,,,
12345,Display,truth,2.0,1.6566274345575358,,,,,,,
12345,Display,truth,3.0,1.0135043695962682,,,,,,,
12345,Display,truth,5.0,0.504351018965314,,,,,,,
12345,Display,truth,10.0,0.1747069381038157,,,,,,,
1320,TV,truth,1.0,5.86842961899998,,,,,,,
1320,TV,truth,2.0,4.749306832200074,,,,,,,
1320,TV,truth,3.0,3.9457982589352714,,,,,,,
1320,TV,truth,5.0,2.8790399483219855,,,,,,,
1320,TV,truth,10.0,1.5907222329206434,,,,,,,
1320,Display,truth,1.0,3.316133419642419,,,,,,,
1320,Display,truth,2.0,1.662529616120297,,,,,,,
1320,Display,truth,3.0,1.0180600746083883,,,,,,,
1320,Display,truth,5.0,0.5073138665727399,,,,,,,
1320,Display,truth,10.0,0.1761015393774036,,,,,,,
15510,TV,truth,1.0,5.879057004590258,,,,,,,
15510,TV,truth,2.0,4.7710458214356715,,,,,,,
15510,TV,truth,3.0,3.9725613146148495,,,,,,,
15510,TV,truth,5.0,2.908607576336676,,,,,,,
15510,TV,truth,10.0,1.6161319162813916,,,,,,,
15510,Display,truth,1.0,3.3202393304053284,,,,,,,
15510,Display,truth,2.0,1.664837976450437,,,,,,,
15510,Display,truth,3.0,1.019094738364254,,,,,,,
15510,Display,truth,5.0,0.5073454905998063,,,,,,,
15510,Display,truth,10.0,0.1758115360350134,,,,,,,
16847,TV,truth,1.0,5.8635897501494725,,,,,,,
16847,TV,truth,2.0,4.740158391034578,,,,,,,
16847,TV,truth,3.0,3.9351861441101232,,,,,,,
16847,TV,truth,5.0,2.8690475545283465,,,,,,,
16847,TV,truth,10.0,1.5847437529543456,,,,,,,
16847,Display,truth,1.0,3.3072919519613997,,,,,,,
16847,Display,truth,2.0,1.6550507041288476,,,,,,,
16847,Display,truth,3.0,1.0121534550005484,,,,,,,
16847,Display,truth,5.0,0.5033421900385633,,,,,,,
16847,Display,truth,10.0,0.1742237497856249,,,,,,,
2016,TV,truth,1.0,5.8589633295068655,,,,,,,
2016,TV,truth,2.0,4.731533834574058,,,,,,,
2016,TV,truth,3.0,3.92524440504143,,,,,,,
2016,TV,truth,5.0,2.8589778313762975,,,,,,,
2016,TV,truth,10.0,1.5768015300740463,,,,,,,
2016,Display,truth,1.0,3.295951545652677,,,,,,,
2016,Display,truth,2.0,1.6474661467049942,,,,,,,
2016,Display,truth,3.0,1.0073461947528906,,,,,,,
2016,Display,truth,5.0,0.50108212863199,,,,,,,
2016,Display,truth,10.0,0.1735210470205958,,,,,,,
2024,TV,truth,1.0,5.872869701716211,,,,,,,
2024,TV,truth,2.0,4.757065800950317,,,,,,,
2024,TV,truth,3.0,3.954511299447615,,,,,,,
2024,TV,truth,5.0,2.8874661782707327,,,,,,,
2024,TV,truth,10.0,1.5969676988215822,,,,,,,
2024,Display,truth,1.0,3.303588973468535,,,,,,,
2024,Display,truth,2.0,1.6536181490745443,,,,,,,
2024,Display,truth,3.0,1.011820440426298,,,,,,,
2024,Display,truth,5.0,0.5036265349401899,,,,,,,
2024,Display,truth,10.0,0.1744899842430446,,,,,,,
21877,TV,truth,1.0,5.874457391682181,,,,,,,
21877,TV,truth,2.0,4.760115607244989,,,,,,,
21877,TV,truth,3.0,3.957954916407037,,,,,,,
21877,TV,truth,5.0,2.891086366153909,,,,,,,
21877,TV,truth,10.0,1.5998505762790431,,,,,,,
21877,Display,truth,1.0,3.2940065941883296,,,,,,,
21877,Display,truth,2.0,1.6465719562044352,,,,,,,
21877,Display,truth,3.0,1.0070371971058594,,,,,,,
21877,Display,truth,5.0,0.5010839188645058,,,,,,,
21877,Display,truth,10.0,0.1736195007726786,,,,,,,
2559,TV,truth,1.0,5.878495761578846,,,,,,,
2559,TV,truth,2.0,4.768757824510989,,,,,,,
2559,TV,truth,3.0,3.9689461127712464,,,,,,,
2559,TV,truth,5.0,2.9031779833565228,,,,,,,
2559,TV,truth,10.0,1.6098126600425031,,,,,,,
2559,Display,truth,1.0,3.311040163194723,,,,,,,
2559,Display,truth,2.0,1.6588183683849616,,,,,,,
2559,Display,truth,3.0,1.0153836955060556,,,,,,,
2559,Display,truth,5.0,0.5056591258216993,,,,,,,
2559,Display,truth,10.0,0.1753906754884449,,,,,,,
28214,TV,truth,1.0,5.860954367376269,,,,,,,
28214,TV,truth,2.0,4.734906487530882,,,,,,,
28214,TV,truth,3.0,3.9288398981091097,,,,,,,
28214,TV,truth,5.0,2.862265509178291,,,,,,,
28214,TV,truth,10.0,1.5790110883167163,,,,,,,
28214,Display,truth,1.0,3.317397631536703,,,,,,,
28214,Display,truth,2.0,1.6642957148202155,,,,,,,
28214,Display,truth,3.0,1.019254987386523,,,,,,,
28214,Display,truth,5.0,0.5077724351141333,,,,,,,
28214,Display,truth,10.0,0.1760825228831973,,,,,,,
28767,TV,truth,1.0,5.856110877069851,,,,,,,
28767,TV,truth,2.0,4.724420741186174,,,,,,,
28767,TV,truth,3.0,3.915517516387093,,,,,,,
28767,TV,truth,5.0,2.8465133472021664,,,,,,,
28767,TV,truth,10.0,1.5643743099784406,,,,,,,
28767,Display,truth,1.0,3.32220944600926,,,,,,,
28767,Display,truth,2.0,1.6671747051378616,,,,,,,
28767,Display,truth,3.0,1.021168622136043,,,,,,,
28767,Display,truth,5.0,0.5088244867906357,,,,,,,
28767,Display,truth,10.0,0.1765188447645793,,,,,,,
31337,TV,truth,1.0,5.873171490100183,,,,,,,
31337,TV,truth,2.0,4.7595264356594935,,,,,,,
31337,TV,truth,3.0,3.958813995465381,,,,,,,
31337,TV,truth,5.0,2.894026177934285,,,,,,,
31337,TV,truth,10.0,1.6042780357255095,,,,,,,
31337,Display,truth,1.0,3.300221366986865,,,,,,,
31337,Display,truth,2.0,1.6493004818485455,,,,,,,
31337,Display,truth,3.0,1.0081609134993288,,,,,,,
31337,Display,truth,5.0,0.5013347733974283,,,,,,,
31337,Display,truth,10.0,0.173626212507034,,,,,,,
32226,TV,truth,1.0,5.870250024962922,,,,,,,
32226,TV,truth,2.0,4.752513009545052,,,,,,,
32226,TV,truth,3.0,3.949512923395774,,,,,,,
32226,TV,truth,5.0,2.8831047446804257,,,,,,,
32226,TV,truth,10.0,1.5946615378520723,,,,,,,
32226,Display,truth,1.0,3.3118228578472104,,,,,,,
32226,Display,truth,2.0,1.6582268060718586,,,,,,,
32226,Display,truth,3.0,1.0144130362146797,,,,,,,
32226,Display,truth,5.0,0.5046596032442161,,,,,,,
32226,Display,truth,10.0,0.174727621119544,,,,,,,
32325,TV,truth,1.0,5.8547182297861955,,,,,,,
32325,TV,truth,2.0,4.7240894819060335,,,,,,,
32325,TV,truth,3.0,3.9165747729392137,,,,,,,
32325,TV,truth,5.0,2.849946939712377,,,,,,,
32325,TV,truth,10.0,1.569144520524609,,,,,,,
32325,Display,truth,1.0,3.298867774301794,,,,,,,
32325,Display,truth,2.0,1.6493878277309362,,,,,,,
32325,Display,truth,3.0,1.0085784713701886,,,,,,,
32325,Display,truth,5.0,0.5016976256569861,,,,,,,
32325,Display,truth,10.0,0.1737269200959483,,,,,,,
33080,TV,truth,1.0,5.877510168565771,,,,,,,
33080,TV,truth,2.0,4.766494022420994,,,,,,,
33080,TV,truth,3.0,3.965890070335303,,,,,,,
33080,TV,truth,5.0,2.8996132045330008,,,,,,,
33080,TV,truth,10.0,1.6065418037375028,,,,,,,
33080,Display,truth,1.0,3.313201094397347,,,,,,,
33080,Display,truth,2.0,1.6603227530276703,,,,,,,
33080,Display,truth,3.0,1.0161184006660464,,,,,,,
33080,Display,truth,5.0,0.5057996024415231,,,,,,,
33080,Display,truth,10.0,0.1752677248244256,,,,,,,
35532,TV,truth,1.0,5.8778584642850005,,,,,,,
35532,TV,truth,2.0,4.768396242914903,,,,,,,
35532,TV,truth,3.0,3.969215445420201,,,,,,,
35532,TV,truth,5.0,2.904754879512911,,,,,,,
35532,TV,truth,10.0,1.6126128424860695,,,,,,,
35532,Display,truth,1.0,3.3186421327629847,,,,,,,
35532,Display,truth,2.0,1.6648694753808684,,,,,,,
35532,Display,truth,3.0,1.0196935414199897,,,,,,,
35532,Display,truth,5.0,0.5080261990070656,,,,,,,
35532,Display,truth,10.0,0.1761879938979825,,,,,,,
3573,TV,truth,1.0,5.853780277886628,,,,,,,
3573,TV,truth,2.0,4.721626405174083,,,,,,,
3573,TV,truth,3.0,3.913583061249097,,,,,,,
3573,TV,truth,5.0,2.8467681663691025,,,,,,,
3573,TV,truth,10.0,1.566992908655817,,,,,,,
3573,Display,truth,1.0,3.3106382749435723,,,,,,,
3573,Display,truth,2.0,1.6582812032994605,,,,,,,
3573,Display,truth,3.0,1.0148570841648,,,,,,,
3573,Display,truth,5.0,0.5052722158156429,,,,,,,
3573,Display,truth,10.0,0.175155384549412,,,,,,,
36452,TV,truth,1.0,5.870025419634701,,,,,,,
36452,TV,truth,2.0,4.752546839786979,,,,,,,
36452,TV,truth,3.0,3.949868767378261,,,,,,,
36452,TV,truth,5.0,2.883828963346117,,,,,,,
36452,TV,truth,10.0,1.5951892607051312,,,,,,,
36452,Display,truth,1.0,3.311129127511925,,,,,,,
36452,Display,truth,2.0,1.6590269490353458,,,,,,,
36452,Display,truth,3.0,1.01569108464646,,,,,,,
36452,Display,truth,5.0,0.5059176397441567,,,,,,,
36452,Display,truth,10.0,0.1755233352585135,,,,,,,
38578,TV,truth,1.0,5.868417674656497,,,,,,,
38578,TV,truth,2.0,4.74903025763519,,,,,,,
38578,TV,truth,3.0,3.9452003802981728,,,,,,,
38578,TV,truth,5.0,2.878396138100906,,,,,,,
38578,TV,truth,10.0,1.590455121436667,,,,,,,
38578,Display,truth,1.0,3.319681332011964,,,,,,,
38578,Display,truth,2.0,1.6648682264644186,,,,,,,
38578,Display,truth,3.0,1.019303804595498,,,,,,,
38578,Display,truth,5.0,0.5075478642366463,,,,,,,
38578,Display,truth,10.0,0.1759309386081607,,,,,,,
41172,TV,truth,1.0,5.860773378465708,,,,,,,
41172,TV,truth,2.0,4.735688374737474,,,,,,,
41172,TV,truth,3.0,3.930829585313996,,,,,,,
41172,TV,truth,5.0,2.8653955530517963,,,,,,,
41172,TV,truth,10.0,1.582516258320173,,,,,,,
41172,Display,truth,1.0,3.333666948281961,,,,,,,
41172,Display,truth,2.0,1.6792819353194706,,,,,,,
41172,Display,truth,3.0,1.0309595912663103,,,,,,,
41172,Display,truth,5.0,0.5151319167891044,,,,,,,
41172,Display,truth,10.0,0.179328595989563,,,,,,,
42,TV,truth,1.0,5.870535179062455,,,,,,,
42,TV,truth,2.0,4.753827972606016,,,,,,,
42,TV,truth,3.0,3.951643566914736,,,,,,,
42,TV,truth,5.0,2.8862898713600096,,,,,,,
42,TV,truth,10.0,1.598081317174851,,,,,,,
42,Display,truth,1.0,3.3046527395589407,,,,,,,
42,Display,truth,2.0,1.6542092252483476,,,,,,,
42,Display,truth,3.0,1.0121716031521877,,,,,,,
42,Display,truth,5.0,0.5038521234643334,,,,,,,
42,Display,truth,10.0,0.1745841524732209,,,,,,,
42975,TV,truth,1.0,5.867615629178714,,,,,,,
42975,TV,truth,2.0,4.747706735706517,,,,,,,
42975,TV,truth,3.0,3.9440502589811057,,,,,,,
42975,TV,truth,5.0,2.877764167237431,,,,,,,
42975,TV,truth,10.0,1.5906883852761662,,,,,,,
42975,Display,truth,1.0,3.2936555947071824,,,,,,,
42975,Display,truth,2.0,1.6458987122491398,,,,,,,
42975,Display,truth,3.0,1.0062806668787212,,,,,,,
42975,Display,truth,5.0,0.50051281556483,,,,,,,
42975,Display,truth,10.0,0.1733281611289143,,,,,,,
44329,TV,truth,1.0,5.874891780896793,,,,,,,
44329,TV,truth,2.0,4.761372733716325,,,,,,,
44329,TV,truth,3.0,3.9598656781908255,,,,,,,
44329,TV,truth,5.0,2.893318819848053,,,,,,,
44329,TV,truth,10.0,1.6016747656967767,,,,,,,
44329,Display,truth,1.0,3.3107140791294465,,,,,,,
44329,Display,truth,2.0,1.657175959479749,,,,,,,
44329,Display,truth,3.0,1.0136825139959875,,,,,,,
44329,Display,truth,5.0,0.5043351895595751,,,,,,,
44329,Display,truth,10.0,0.1747842121396626,,,,,,,
49024,TV,truth,1.0,5.868223136517281,,,,,,,
49024,TV,truth,2.0,4.748777763885684,,,,,,,
49024,TV,truth,3.0,3.945212799947192,,,,,,,
49024,TV,truth,5.0,2.878673922234986,,,,,,,
49024,TV,truth,10.0,1.5911335361727368,,,,,,,
49024,Display,truth,1.0,3.3072730234612044,,,,,,,
49024,Display,truth,2.0,1.656448444464337,,,,,,,
49024,Display,truth,3.0,1.0138280837172635,,,,,,,
49024,Display,truth,5.0,0.5047981643581199,,,,,,,
49024,Display,truth,10.0,0.1749853514401939,,,,,,,
52463,TV,truth,1.0,5.868694468081935,,,,,,,
52463,TV,truth,2.0,4.74960904310464,,,,,,,
52463,TV,truth,3.0,3.9460533245949265,,,,,,,
52463,TV,truth,5.0,2.879338102916227,,,,,,,
52463,TV,truth,10.0,1.5910495435284866,,,,,,,
52463,Display,truth,1.0,3.3140739383354716,,,,,,,
52463,Display,truth,2.0,1.6614412597772923,,,,,,,
52463,Display,truth,3.0,1.0171292540655292,,,,,,,
52463,Display,truth,5.0,0.5064410447496908,,,,,,,
52463,Display,truth,10.0,0.1754193239316653,,,,,,,
54351,TV,truth,1.0,5.865722283419049,,,,,,,
54351,TV,truth,2.0,4.745125143428469,,,,,,,
54351,TV,truth,3.0,3.9416734229001302,,,,,,,
54351,TV,truth,5.0,2.8765845397017995,,,,,,,
54351,TV,truth,10.0,1.5911367473651894,,,,,,,
54351,Display,truth,1.0,3.314046817033455,,,,,,,
54351,Display,truth,2.0,1.6629737855271154,,,,,,,
54351,Display,truth,3.0,1.0189312252027014,,,,,,,
54351,Display,truth,5.0,0.5079742900423582,,,,,,,
54351,Display,truth,10.0,0.1762922223430501,,,,,,,
55463,TV,truth,1.0,5.860863723841296,,,,,,,
55463,TV,truth,2.0,4.734663511817608,,,,,,,
55463,TV,truth,3.0,3.928899275525554,,,,,,,
55463,TV,truth,5.0,2.8624173177680947,,,,,,,
55463,TV,truth,10.0,1.579329848076495,,,,,,,
55463,Display,truth,1.0,3.3122760481507223,,,,,,,
55463,Display,truth,2.0,1.6586339884172074,,,,,,,
55463,Display,truth,3.0,1.0147919584870606,,,,,,,
55463,Display,truth,5.0,0.5049379652367417,,,,,,,
55463,Display,truth,10.0,0.1748751437811666,,,,,,,
555,TV,truth,1.0,5.872390506997097,,,,,,,
555,TV,truth,2.0,4.75758526298426,,,,,,,
555,TV,truth,3.0,3.956225830363134,,,,,,,
555,TV,truth,5.0,2.890759968984129,,,,,,,
555,TV,truth,10.0,1.600947662951077,,,,,,,
555,Display,truth,1.0,3.3073036995613645,,,,,,,
555,Display,truth,2.0,1.6535921188126272,,,,,,,
555,Display,truth,3.0,1.0106214318912912,,,,,,,
555,Display,truth,5.0,0.5022498356730681,,,,,,,
555,Display,truth,10.0,0.1736817267594563,,,,,,,
57719,TV,truth,1.0,5.865427954849223,,,,,,,
57719,TV,truth,2.0,4.743737102161587,,,,,,,
57719,TV,truth,3.0,3.9392057634040953,,,,,,,
57719,TV,truth,5.0,2.872422404415512,,,,,,,
57719,TV,truth,10.0,1.5857883739557517,,,,,,,
57719,Display,truth,1.0,3.3081012063502695,,,,,,,
57719,Display,truth,2.0,1.654940427853381,,,,,,,
57719,Display,truth,3.0,1.0120272674024984,,,,,,,
57719,Display,truth,5.0,0.5034094134762381,,,,,,,
57719,Display,truth,10.0,0.1743344509638117,,,,,,,
61225,TV,truth,1.0,5.8753131055793295,,,,,,,
61225,TV,truth,2.0,4.762306834976662,,,,,,,
61225,TV,truth,3.0,3.961050690227656,,,,,,,
61225,TV,truth,5.0,2.8948710505761293,,,,,,,
61225,TV,truth,10.0,1.6034636299378071,,,,,,,
61225,Display,truth,1.0,3.313075491936388,,,,,,,
61225,Display,truth,2.0,1.660987830299915,,,,,,,
61225,Display,truth,3.0,1.0170778377667722,,,,,,,
61225,Display,truth,5.0,0.5066703751860838,,,,,,,
61225,Display,truth,10.0,0.1756529419875372,,,,,,,
61686,TV,truth,1.0,5.857713883722667,,,,,,,
61686,TV,truth,2.0,4.7289501241638465,,,,,,,
61686,TV,truth,3.0,3.921858044218933,,,,,,,
61686,TV,truth,5.0,2.854981800618162,,,,,,,
61686,TV,truth,10.0,1.5727943628306054,,,,,,,
61686,Display,truth,1.0,3.319054348032173,,,,,,,
61686,Display,truth,2.0,1.665601287689923,,,,,,,
61686,Display,truth,3.0,1.0204510972052,,,,,,,
61686,Display,truth,5.0,0.5086558807390943,,,,,,,
61686,Display,truth,10.0,0.1765625867500995,,,,,,,
62256,TV,truth,1.0,5.862932167985744,,,,,,,
62256,TV,truth,2.0,4.739521267192919,,,,,,,
62256,TV,truth,3.0,3.9353827853527816,,,,,,,
62256,TV,truth,5.0,2.870273076194272,,,,,,,
62256,TV,truth,10.0,1.5868343876321205,,,,,,,
62256,Display,truth,1.0,3.290748141589317,,,,,,,
62256,Display,truth,2.0,1.6447345228744403,,,,,,,
62256,Display,truth,3.0,1.005856605219711,,,,,,,
62256,Display,truth,5.0,0.5004919295804074,,,,,,,
62256,Display,truth,10.0,0.1733723047776322,,,,,,,
6928,TV,truth,1.0,5.865073978517839,,,,,,,
6928,TV,truth,2.0,4.74284264806476,,,,,,,
6928,TV,truth,3.0,3.93844735877861,,,,,,,
6928,TV,truth,5.0,2.87226284361738,,,,,,,
6928,TV,truth,10.0,1.586802910648817,,,,,,,
6928,Display,truth,1.0,3.3045216358858784,,,,,,,
6928,Display,truth,2.0,1.6548259652766226,,,,,,,
6928,Display,truth,3.0,1.012880194907511,,,,,,,
6928,Display,truth,5.0,0.5043314992784901,,,,,,,
6928,Display,truth,10.0,0.1748442076228131,,,,,,,
7,TV,truth,1.0,5.872906102707943,,,,,,,
7,TV,truth,2.0,4.757403177551883,,,,,,,
7,TV,truth,3.0,3.954970555641275,,,,,,,
7,TV,truth,5.0,2.888211566346235,,,,,,,
7,TV,truth,10.0,1.597669651355073,,,,,,,
7,Display,truth,1.0,3.309897109914494,,,,,,,
7,Display,truth,2.0,1.6607579300493809,,,,,,,
7,Display,truth,3.0,1.0177181257470544,,,,,,,
7,Display,truth,5.0,0.5074636072742088,,,,,,,
7,Display,truth,10.0,0.1761800368423205,,,,,,,
71064,TV,truth,1.0,5.865992409776724,,,,,,,
71064,TV,truth,2.0,4.744939231445999,,,,,,,
71064,TV,truth,3.0,3.9409380011042225,,,,,,,
71064,TV,truth,5.0,2.8749349598879546,,,,,,,
71064,TV,truth,10.0,1.588986428763909,,,,,,,
71064,Display,truth,1.0,3.334683103454741,,,,,,,
71064,Display,truth,2.0,1.679134961991055,,,,,,,
71064,Display,truth,3.0,1.030557349463738,,,,,,,
71064,Display,truth,5.0,0.5145935092844516,,,,,,,
71064,Display,truth,10.0,0.1788487367399242,,,,,,,
77175,TV,truth,1.0,5.863815971035743,,,,,,,
77175,TV,truth,2.0,4.740905729201347,,,,,,,
77175,TV,truth,3.0,3.936233482675114,,,,,,,
77175,TV,truth,5.0,2.8704101412246517,,,,,,,
77175,TV,truth,10.0,1.5860175644204322,,,,,,,
77175,Display,truth,1.0,3.281206793382079,,,,,,,
77175,Display,truth,2.0,1.635595201118048,,,,,,,
77175,Display,truth,3.0,0.9986677449864392,,,,,,,
77175,Display,truth,5.0,0.4959886854023135,,,,,,,
77175,Display,truth,10.0,0.1714576122691007,,,,,,,
78122,TV,truth,1.0,5.8721773827955195,,,,,,,
78122,TV,truth,2.0,4.755904864807442,,,,,,,
78122,TV,truth,3.0,3.953080402407717,,,,,,,
78122,TV,truth,5.0,2.8859039579400334,,,,,,,
78122,TV,truth,10.0,1.5953191036880363,,,,,,,
78122,Display,truth,1.0,3.2872760390053717,,,,,,,
78122,Display,truth,2.0,1.6419682213114646,,,,,,,
78122,Display,truth,3.0,1.003765168210776,,,,,,,
78122,Display,truth,5.0,0.4992511058448865,,,,,,,
78122,Display,truth,10.0,0.1728983260384301,,,,,,,
8,TV,truth,1.0,5.8545600877681325,,,,,,,
8,TV,truth,2.0,4.723391330067955,,,,,,,
8,TV,truth,3.0,3.916179360415827,,,,,,,
8,TV,truth,5.0,2.850402614126576,,,,,,,
8,TV,truth,10.0,1.5711101262986562,,,,,,,
8,Display,truth,1.0,3.312854454593554,,,,,,,
8,Display,truth,2.0,1.6603298045338513,,,,,,,
8,Display,truth,3.0,1.0164334683941227,,,,,,,
8,Display,truth,5.0,0.5061555952562691,,,,,,,
8,Display,truth,10.0,0.1754338553978526,,,,,,,
80694,TV,truth,1.0,5.874637608466423,,,,,,,
80694,TV,truth,2.0,4.760246203862252,,,,,,,
80694,TV,truth,3.0,3.9579618705126953,,,,,,,
80694,TV,truth,5.0,2.890599591001968,,,,,,,
80694,TV,truth,10.0,1.5986545153281213,,,,,,,
80694,Display,truth,1.0,3.2892750468471452,,,,,,,
80694,Display,truth,2.0,1.6424370321258894,,,,,,,
80694,Display,truth,3.0,1.0037786896964982,,,,,,,
80694,Display,truth,5.0,0.4990424088542792,,,,,,,
80694,Display,truth,10.0,0.1727119675253408,,,,,,,
84275,TV,truth,1.0,5.872554832931915,,,,,,,
84275,TV,truth,2.0,4.759340757184774,,,,,,,
84275,TV,truth,3.0,3.9591155759588865,,,,,,,
84275,TV,truth,5.0,2.895084616868556,,,,,,,
84275,TV,truth,10.0,1.605439089159396,,,,,,,
84275,Display,truth,1.0,3.2909013880047953,,,,,,,
84275,Display,truth,2.0,1.6454506940023976,,,,,,,
84275,Display,truth,3.0,1.0065050591447755,,,,,,,
84275,Display,truth,5.0,0.5009375312873093,,,,,,,
84275,Display,truth,10.0,0.1735790600694593,,,,,,,
86071,TV,truth,1.0,5.873298106073429,,,,,,,
86071,TV,truth,2.0,4.759187433775602,,,,,,,
86071,TV,truth,3.0,3.957833734076258,,,,,,,
86071,TV,truth,5.0,2.89223230650803,,,,,,,
86071,TV,truth,10.0,1.602081635147714,,,,,,,
86071,Display,truth,1.0,3.3120219701919056,,,,,,,
86071,Display,truth,2.0,1.66191827755171,,,,,,,
86071,Display,truth,3.0,1.0184355365576712,,,,,,,
86071,Display,truth,5.0,0.5078989308933328,,,,,,,
86071,Display,truth,10.0,0.1764036588996104,,,,,,,
88982,TV,truth,1.0,5.871551512897768,,,,,,,
88982,TV,truth,2.0,4.75561624829658,,,,,,,
88982,TV,truth,3.0,3.953530230828389,,,,,,,
88982,TV,truth,5.0,2.887456977833496,,,,,,,
88982,TV,truth,10.0,1.598016664656332,,,,,,,
88982,Display,truth,1.0,3.310836915110502,,,,,,,
88982,Display,truth,2.0,1.661675638980064,,,,,,,
88982,Display,truth,3.0,1.0185146376588528,,,,,,,
88982,Display,truth,5.0,0.5080831316978563,,,,,,,
88982,Display,truth,10.0,0.1765730248600908,,,,,,,
89066,TV,truth,1.0,5.8725687026216455,,,,,,,
89066,TV,truth,2.0,4.757004183549487,,,,,,,
89066,TV,truth,3.0,3.9547710625746753,,,,,,,
89066,TV,truth,5.0,2.8883202502160437,,,,,,,
89066,TV,truth,10.0,1.5984116523572751,,,,,,,
89066,Display,truth,1.0,3.3105504450118395,,,,,,,
89066,Display,truth,2.0,1.6580520453799652,,,,,,,
89066,Display,truth,3.0,1.014643673312744,,,,,,,
89066,Display,truth,5.0,0.5051063022459487,,,,,,,
89066,Display,truth,10.0,0.1751131148117794,,,,,,,
90033,TV,truth,1.0,5.874088203864066,,,,,,,
90033,TV,truth,2.0,4.75931950754827,,,,,,,
90033,TV,truth,3.0,3.956833595288288,,,,,,,
90033,TV,truth,5.0,2.889558918089668,,,,,,,
90033,TV,truth,10.0,1.5979566164129058,,,,,,,
90033,Display,truth,1.0,3.303421944726818,,,,,,,
90033,Display,truth,2.0,1.6538312121589442,,,,,,,
90033,Display,truth,3.0,1.0120905768309068,,,,,,,
90033,Display,truth,5.0,0.50392799339745,,,,,,,
90033,Display,truth,10.0,0.1747254278148625,,,,,,,
93612,TV,truth,1.0,5.862357317154121,,,,,,,
93612,TV,truth,2.0,4.737284744515069,,,,,,,
93612,TV,truth,3.0,3.9311997620119503,,,,,,,
93612,TV,truth,5.0,2.8634659574460284,,,,,,,
93612,TV,truth,10.0,1.578200759938773,,,,,,,
93612,Display,truth,1.0,3.3123125758809873,,,,,,,
93612,Display,truth,2.0,1.660601292186597,,,,,,,
93612,Display,truth,3.0,1.0168310366964433,,,,,,,
93612,Display,truth,5.0,0.5064515818316331,,,,,,,
93612,Display,truth,10.0,0.1755776677221467,,,,,,,
93750,TV,truth,1.0,5.853003875928532,,,,,,,
93750,TV,truth,2.0,4.719093030611878,,,,,,,
93750,TV,truth,3.0,3.909873360986909,,,,,,,
93750,TV,truth,5.0,2.8419905507057828,,,,,,,
93750,TV,truth,10.0,1.5625135762764015,,,,,,,
93750,Display,truth,1.0,3.3128823317106995,,,,,,,
93750,Display,truth,2.0,1.6590978116482855,,,,,,,
93750,Display,truth,3.0,1.015018804488269,,,,,,,
93750,Display,truth,5.0,0.505032868030388,,,,,,,
93750,Display,truth,10.0,0.174906354545038,,,,,,,
938,TV,truth,1.0,5.87675545646264,,,,,,,
938,TV,truth,2.0,4.764208349444939,,,,,,,
938,TV,truth,3.0,3.962494292341196,,,,,,,
938,TV,truth,5.0,2.895126742399928,,,,,,,
938,TV,truth,10.0,1.6017668289559284,,,,,,,
938,Display,truth,1.0,3.302192349941089,,,,,,,
938,Display,truth,2.0,1.653043279749587,,,,,,,
938,Display,truth,3.0,1.0114884809429905,,,,,,,
938,Display,truth,5.0,0.5034823537532284,,,,,,,
938,Display,truth,10.0,0.1744897947698711,,,,,,,
96275,TV,truth,1.0,5.8753120430837065,,,,,,,
96275,TV,truth,2.0,4.762685104958469,,,,,,,
96275,TV,truth,3.0,3.961944601328275,,,,,,,
96275,TV,truth,5.0,2.8963613356285403,,,,,,,
96275,TV,truth,10.0,1.60522265982914,,,,,,,
96275,Display,truth,1.0,3.3132127826493716,,,,,,,
96275,Display,truth,2.0,1.6594533027854044,,,,,,,
96275,Display,truth,3.0,1.015413604504173,,,,,,,
96275,Display,truth,5.0,0.5053563921501466,,,,,,,
96275,Display,truth,10.0,0.17506911212773,,,,,,,
99,TV,truth,1.0,5.851015689322639,,,,,,,
99,TV,truth,2.0,4.716504464073664,,,,,,,
99,TV,truth,3.0,3.9078035602260175,,,,,,,
99,TV,truth,5.0,2.841578081710171,,,,,,,
99,TV,truth,10.0,1.564196790180722,,,,,,,
99,Display,truth,1.0,3.316236184595215,,,,,,,
99,Display,truth,2.0,1.665918802503892,,,,,,,
99,Display,truth,3.0,1.0216685040520854,,,,,,,
99,Display,truth,5.0,0.5100404193067946,,,,,,,
99,Display,truth,10.0,0.1774389959467856,,,,,,,
99768,TV,truth,1.0,5.860128188176801,,,,,,,
99768,TV,truth,2.0,4.73391024137748,,,,,,,
99768,TV,truth,3.0,3.9282563594353457,,,,,,,
99768,TV,truth,5.0,2.8621115307983525,,,,,,,
99768,TV,truth,10.0,1.5789330784137106,,,,,,,
99768,Display,truth,1.0,3.305487912725711,,,,,,,
99768,Display,truth,2.0,1.6532054104493683,,,,,,,
99768,Display,truth,3.0,1.0107997947698502,,,,,,,
99768,Display,truth,5.0,0.5026157910627654,,,,,,,
99768,Display,truth,10.0,0.1739681906267414,,,,,,,
101,TV,default,1.0,5.491771221160889,4.973209381103516,5.2683587074279785,5.493447780609131,5.705835342407227,6.031731128692627,5.87507505674133,-6.524237254477638
101,Display,default,1.0,2.979259967803955,2.669245719909668,2.8495259284973145,2.977264881134033,3.1079366207122803,3.295310735702514,3.3134590476125436,-10.086108655828719
101,TV,default,2.0,3.4933159351348877,3.05376935005188,3.3010525703430176,3.492350816726685,3.676671504974365,3.9429078102111816,4.762085789123219,-26.6431540751796
101,Display,default,2.0,1.5655012130737305,1.3199002742767334,1.4600670337677002,1.5598748922348022,1.6636134386062622,1.8221185207366943,1.6613975450895584,-5.772028031416077
101,TV,default,3.0,2.45609974861145,2.0738420486450195,2.287745237350464,2.452709197998047,2.6182045936584473,2.8649868965148926,3.960940107518028,-37.991999829796185
101,Display,default,3.0,0.9862046241760254,0.7956607937812805,0.9000316262245178,0.9799708127975464,1.0635634660720823,1.1937580108642578,1.0175821917812358,-3.083541345223939
101,TV,default,5.0,1.4328843355178833,1.149641990661621,1.304495334625244,1.426673173904419,1.5537495613098145,1.7420116662979126,2.8946315469787645,-50.498558719383865
101,Display,default,5.0,0.5085939764976501,0.3923873603343963,0.4524817168712616,0.5018719434738159,0.5569067001342773,0.643265962600708,0.5071189688637499,0.29086027627900357
101,TV,default,10.0,0.5881235599517822,0.4421631991863251,0.5198227763175964,0.5844488739967346,0.6497756242752075,0.751918613910675,1.6027432811974631,-63.3051926124828
101,Display,default,10.0,0.1844142824411392,0.1349429786205291,0.1599878966808319,0.1808271408081054,0.2054224163293838,0.244900032877922,0.1760192383592443,4.769390073578861
101,TV,ec_alpha_noisy,1.0,5.781744956970215,5.265211582183838,5.559990882873535,5.7885541915893555,5.986701965332031,6.312386989593506,5.87507505674133,-1.5885771478616917
101,Display,ec_alpha_noisy,1.0,2.9791884422302246,2.672346591949463,2.854018211364746,2.9795944690704346,3.106574296951294,3.285201072692871,3.3134590476125436,-10.088267293454912
101,TV,ec_alpha_noisy,2.0,4.563162326812744,4.0226054191589355,4.3318610191345215,4.559057712554932,4.7898430824279785,5.143580436706543,4.762085789123219,-4.177233907982581
101,Display,ec_alpha_noisy,2.0,1.4652514457702637,1.253395676612854,1.3742871284484863,1.4607222080230713,1.5531259775161743,1.6914801597595217,1.6613975450895584,-11.806090595175489
101,TV,ec_alpha_noisy,3.0,3.7257542610168457,3.1382381916046143,3.4746556282043457,3.7191061973571777,3.9719300270080566,4.359208583831787,3.960940107518028,-5.937626929899542
101,Display,ec_alpha_noisy,3.0,0.8901401162147522,0.7374773025512695,0.8239468932151794,0.8846760392189026,0.9519217014312744,1.0568970441818235,1.0175821917812358,-12.524008045325697
101,TV,ec_alpha_noisy,5.0,2.6573755741119385,2.0835483074188232,2.3976597785949707,2.645968437194824,2.9037551879882812,3.2799854278564453,2.8946315469787645,-8.196413568229744
101,Display,ec_alpha_noisy,5.0,0.4407731890678406,0.3540681302547455,0.4012821018695831,0.436101496219635,0.4770062863826751,0.5402044057846069,0.5071189688637499,-13.082882690143405
101,TV,ec_alpha_noisy,10.0,1.4273899793624878,0.9984524846076964,1.2211978435516355,1.4072043895721436,1.6116032600402832,1.9392458200454712,1.6027432811974631,-10.940822768819414
101,Display,ec_alpha_noisy,10.0,0.1526598781347274,0.1187449470162391,0.1365801692008972,0.1505416184663772,0.166632741689682,0.1935835778713226,0.1760192383592443,-13.270913135552775
12345,TV,default,1.0,5.549990177154541,5.0504984855651855,5.343842029571533,5.556351661682129,5.7466278076171875,6.044963836669922,5.870154612200596,-5.454105661554842
12345,Display,default,1.0,3.271395683288574,2.9636354446411133,3.1395320892333984,3.265242576599121,3.3994903564453125,3.581551313400269,3.3087416212965133,-1.128705178052114
12345,TV,default,2.0,3.599420070648194,3.1649062633514404,3.4218664169311523,3.5991835594177246,3.7714734077453618,4.031515121459961,4.752674783847383,-24.265382456184113
12345,Display,default,2.0,1.699958562850952,1.4645737409591677,1.595003366470337,1.6938848495483398,1.802112102508545,1.945254921913147,1.6566274345575358,2.6156230054821705
12345,TV,default,3.0,2.564418315887451,2.1877503395080566,2.407682418823242,2.5656614303588867,2.7146763801574707,2.954193353652954,3.9500693987004745,-35.07915793248812
12345,Display,default,3.0,1.0628679990768433,0.8847017884254456,0.982183039188385,1.0556652545928955,1.139799952507019,1.2598772048950195,1.0135043695962682,4.870588717860103
12345,TV,default,5.0,1.523232340812683,1.240548610687256,1.4018362760543823,1.5213510990142822,1.6390081644058228,1.8202968835830688,2.8843011165097523,-47.18885860794164
12345,Display,default,5.0,0.5425091981887817,0.4336869120597839,0.4898467659950256,0.5379650592803955,0.5885932445526123,0.6702894568443298,0.504351018965314,7.565797983664235
12345,TV,default,10.0,0.6412013173103333,0.4907759726047516,0.5748809576034546,0.6370267868041992,0.7027581334114075,0.804545521736145,1.5963216275592176,-59.83257344632155
12345,Display,default,10.0,0.193624660372734,0.1478875577449798,0.1708624958992004,0.1908558309078216,0.21193827688694,0.2497736662626266,0.1747069381038157,10.828260442454107
12345,TV,ec_alpha_noisy,1.0,5.7786478996276855,5.300131797790527,5.584083557128906,5.781628608703613,5.969722747802734,6.272735595703125,5.870154612200596,-1.5588467190067234
12345,Display,ec_alpha_noisy,1.0,3.3571786880493164,3.056729555130005,3.2337255477905273,3.353069305419922,3.479701042175293,3.6594300270080566,3.3087416212965133,1.463912033536885
12345,TV,ec_alpha_noisy,2.0,4.535984992980957,4.023279666900635,4.322487831115723,4.534083366394043,4.741653919219971,5.072459697723389,4.752674783847383,-4.559322922807096
12345,Display,ec_alpha_noisy,2.0,1.7857863903045654,1.558542013168335,1.6850613355636597,1.7826941013336182,1.8801734447479248,2.0289316177368164,1.6566274345575358,7.796499867909423
12345,TV,ec_alpha_noisy,3.0,3.689475536346435,3.133506774902344,3.4543066024780273,3.6835741996765137,3.915780305862427,4.269496440887451,3.9500693987004745,-6.597197062911642
12345,Display,ec_alpha_noisy,3.0,1.130461812019348,0.954639494419098,1.051932454109192,1.1244661808013916,1.2015924453735352,1.3270527124404907,1.0135043695962682,11.539905098748605
12345,TV,ec_alpha_noisy,5.0,2.6187398433685303,2.071895122528076,2.373582124710083,2.6052637100219727,2.8516767024993896,3.2051820755004883,2.8843011165097523,-9.2071272177911
12345,Display,ec_alpha_noisy,5.0,0.5846536755561829,0.4758616387844085,0.5331662893295288,0.5788443088531494,0.6311184763908386,0.7122284173965454,0.504351018965314,15.92197766460577
12345,TV,ec_alpha_noisy,10.0,1.3995877504348757,0.9907081127166748,1.2044298648834229,1.3785537481307983,1.578690528869629,1.8660672903060913,1.5963216275592176,-12.32420044481567
12345,Display,ec_alpha_noisy,10.0,0.2113410979509353,0.1640406847000122,0.1886284351348877,0.2079830169677734,0.2320401072502136,0.2698431611061096,0.1747069381038157,20.968921008363473
1320,TV,default,1.0,5.33500862121582,4.787054538726807,5.114068031311035,5.3269243240356445,5.556225776672363,5.899539470672607,5.86842961899998,-9.089671895478201
1320,Display,default,1.0,3.1316964626312256,2.8078255653381348,3.001184463500977,3.1298270225524902,3.257411479949951,3.46999454498291,3.316133419642419,-5.561807492989268
1320,TV,default,2.0,3.3335580825805664,2.861133337020874,3.139845609664917,3.3352627754211426,3.525475263595581,3.822483539581299,4.749306832200074,-29.80958694900061
1320,Display,default,2.0,1.487735629081726,1.266945481300354,1.3892252445220947,1.4853650331497192,1.5796116590499878,1.7273521423339844,1.662529616120297,-10.513736738505308
1320,TV,default,3.0,2.3193044662475586,1.920013189315796,2.146348237991333,2.3181772232055664,2.481287002563477,2.747492551803589,3.9457982589352714,-41.22090603604766
1320,Display,default,3.0,0.8873863816261292,0.7310994863510132,0.8148172497749329,0.881926417350769,0.9517085552215576,1.062232494354248,1.0180600746083883,-12.83555816021218
1320,TV,default,5.0,1.3371927738189695,1.051928162574768,1.2098850011825562,1.3306410312652588,1.455199122428894,1.6536107063293457,2.8790399483219855,-53.55421259095983
1320,Display,default,5.0,0.4306253790855407,0.342632919549942,0.3881936073303222,0.4262961149215698,0.467361569404602,0.5339547395706177,0.5073138665727399,-15.11657625392414
1320,TV,default,10.0,0.5424805879592896,0.3996496200561523,0.4755975306034088,0.5351154208183289,0.601929247379303,0.7050551772117615,1.5907222329206434,-65.89721469075913
1320,Display,default,10.0,0.1457502096891403,0.1116245985031127,0.128943532705307,0.1438979506492614,0.1596096009016037,0.1874688565731048,0.1761015393774036,-17.235130252449025
1320,TV,ec_alpha_noisy,1.0,5.732936382293701,5.19966983795166,5.503345489501953,5.724639415740967,5.943694114685059,6.303014278411865,5.86842961899998,-2.3088499905936977
1320,Display,ec_alpha_noisy,1.0,3.233875036239624,2.923311710357666,3.1101973056793213,3.2343063354492188,3.360774040222168,3.5459277629852295,3.316133419642419,-2.4805510814358223
1320,TV,ec_alpha_noisy,2.0,4.599331855773926,4.033266544342041,4.356302738189697,4.597304821014404,4.836779594421387,5.177212715148926,4.749306832200074,-3.1578287469094413
1320,Display,ec_alpha_noisy,2.0,1.5767197608947754,1.36503267288208,1.489830732345581,1.570602536201477,1.6613056659698486,1.7947498559951782,1.662529616120297,-5.161403104852269
1320,TV,ec_alpha_noisy,3.0,3.8028485774993896,3.185194969177246,3.5359792709350586,3.8058485984802246,4.051931858062744,4.4208903312683105,3.9457982589352714,-3.62283299994296
1320,Display,ec_alpha_noisy,3.0,0.9525374174118042,0.8036516308784485,0.8873371481895447,0.9460519552230836,1.0149409770965576,1.113982081413269,1.0180600746083883,-6.43603052813837
1320,TV,ec_alpha_noisy,5.0,2.76334285736084,2.148120880126953,2.4951252937316895,2.7584657669067383,3.0228025913238525,3.41792893409729,2.8790399483219855,-4.018599708162385
1320,Display,ec_alpha_noisy,5.0,0.4681881070137024,0.3827609419822693,0.4292435348033905,0.4628453254699707,0.5033049583435059,0.569079577922821,0.5073138665727399,-7.712337891207155
1320,TV,ec_alpha_noisy,10.0,1.5270979404449463,1.056015133857727,1.3068848848342896,1.5061458349227903,1.7165939807891846,2.088451862335205,1.5907222329206434,-3.999711021758956
1320,Display,ec_alpha_noisy,10.0,0.1603347063064575,0.1267102807760238,0.1442008465528488,0.1577262282371521,0.1741873621940612,0.2014652490615844,0.1761015393774036,-8.95326249088384
15510,TV,default,1.0,5.871786594390869,5.367599964141846,5.665902137756348,5.869227409362793,6.070540428161621,6.384941101074219,5.879057004590258,-0.12366626473790943
15510,Display,default,1.0,3.366847038269043,3.071173667907715,3.248389482498169,3.3735039234161377,3.4813406467437744,3.660986185073853,3.3202393304053284,1.4037454299423935
15510,TV,default,2.0,3.834556579589844,3.3951618671417236,3.6477205753326416,3.829769134521485,4.015555381774902,4.299221515655518,4.7710458214356715,-19.628594586920677
15510,Display,default,2.0,1.7546393871307373,1.528428316116333,1.6569780111312866,1.7527974843978882,1.8511720895767212,1.9842993021011353,1.664837976450437,5.394003017144278
15510,TV,default,3.0,2.740894317626953,2.3522775173187256,2.570521831512451,2.736226797103882,2.903404712677002,3.1478047370910645,3.9725613146148495,-31.004354607609365
15510,Display,default,3.0,1.097830295562744,0.9205282330513,1.0223603248596191,1.0938457250595093,1.1716723442077637,1.2815823554992676,1.019094738364254,7.72602921342409
15510,TV,default,5.0,1.6317994594573977,1.3417720794677734,1.497107982635498,1.6260221004486084,1.7581018209457395,1.9461514949798584,2.908607576336676,-43.89757240773569
15510,Display,default,5.0,0.5601680874824524,0.4514924883842468,0.5118156671524048,0.5558965802192688,0.6057746410369873,0.6809146404266357,0.5073454905998063,10.411563295890724
15510,TV,default,10.0,0.6860585808753967,0.5300007462501526,0.6126456260681152,0.6791878938674927,0.7537990808486938,0.8592292666435242,1.6161319162813916,-57.54934520110398
15510,Display,default,10.0,0.1993199437856674,0.1544190496206283,0.1780006140470504,0.1968211531639099,0.2183366119861602,0.2515963017940521,0.1758115360350134,13.37136815980735
15510,TV,ec_alpha_noisy,1.0,6.094990253448486,5.604968070983887,5.88443660736084,6.090258598327637,6.303450584411621,6.60272741317749,5.879057004590258,3.672923203323797
15510,Display,ec_alpha_noisy,1.0,3.449089527130127,3.1696977615356445,3.32556414604187,3.442833185195923,3.570432662963867,3.741849660873413,3.3202393304053284,3.8807502683569695
15510,TV,ec_alpha_noisy,2.0,4.84567403793335,4.300232410430908,4.615180969238281,4.848272800445557,5.078171730041504,5.4109344482421875,4.7710458214356715,1.5641898923373088
15510,Display,ec_alpha_noisy,2.0,1.7904658317565918,1.5704610347747805,1.6979209184646606,1.7868732213974,1.878670334815979,2.0215749740600586,1.664837976450437,7.545950842255711
15510,TV,ec_alpha_noisy,3.0,3.978237628936768,3.390167236328125,3.715132713317871,3.9761948585510254,4.232515811920166,4.606208801269531,3.9725613146148495,0.14288802292454772
15510,Display,ec_alpha_noisy,3.0,1.1171457767486572,0.950023353099823,1.0455965995788574,1.112277626991272,1.184607982635498,1.2975072860717771,1.019094738364254,9.621385990254927
15510,TV,ec_alpha_noisy,5.0,2.860165596008301,2.264854669570923,2.585773468017578,2.8505749702453613,3.1191048622131348,3.5300095081329346,2.908607576336676,-1.6654697843215716
15510,Display,ec_alpha_noisy,5.0,0.5677715539932251,0.4667836725711822,0.5224915146827698,0.5637457966804504,0.6086412072181702,0.6809065937995911,0.5073454905998063,11.910239573033454
15510,TV,ec_alpha_noisy,10.0,1.554554462432861,1.0976157188415527,1.334617257118225,1.5300068855285645,1.747908353805542,2.1051483154296875,1.6161319162813916,-3.8101749757047054
15510,Display,ec_alpha_noisy,10.0,0.200748935341835,0.1594403833150863,0.1810648441314697,0.1981905698776245,0.2171867787837982,0.2501686215400696,0.1758115360350134,14.184165538406557
16847,TV,default,1.0,5.175452709197998,4.719030380249023,4.986842155456543,5.176780700683594,5.360476493835449,5.62624454498291,5.8635897501494725,-11.73576376031309
16847,Display,default,1.0,3.0497748851776123,2.7512450218200684,2.92891263961792,3.0457725524902344,3.1738598346710205,3.3491861820220947,3.3072919519613997,-7.786342135022761
16847,TV,default,2.0,3.2648496627807617,2.8777201175689697,3.100829839706421,3.2615346908569336,3.4273033142089844,3.6678659915924072,4.740158391034578,-31.12361669272866
16847,Display,default,2.0,1.5170164108276367,1.2974005937576294,1.421841740608215,1.5095374584197998,1.6058820486068726,1.755168914794922,1.6550507041288476,-8.340185165134661
16847,TV,default,3.0,2.286194086074829,1.9519829750061035,2.137134075164795,2.286712169647217,2.4260263442993164,2.6535511016845703,3.9351861441101232,-41.90378796955706
16847,Display,default,3.0,0.9272444844245912,0.7635833024978638,0.8552008867263794,0.921751856803894,0.9921331405639648,1.1120561361312866,1.0121534550005484,-8.388942423351331
16847,TV,default,5.0,1.3294721841812134,1.0741081237792969,1.2140464782714844,1.32534658908844,1.4344640970230105,1.604380488395691,2.8690475545283465,-53.6615493848177
16847,Display,default,5.0,0.4623377919197082,0.3674003183841705,0.4176265895366668,0.4569805860519409,0.5012639760971069,0.5750465393066406,0.5033421900385633,-8.14642581733781
16847,TV,default,10.0,0.5455796122550964,0.414971262216568,0.4858746826648712,0.54050612449646,0.5983622074127197,0.6919412612915039,1.5847437529543456,-65.5730075453521
16847,Display,default,10.0,0.1615271270275116,0.1235066577792167,0.1428125202655792,0.1588736772537231,0.1768412142992019,0.20935820043087,0.1742237497856249,-7.287538451982567
16847,TV,ec_alpha_noisy,1.0,5.451407432556152,4.999091148376465,5.253597259521484,5.455700397491455,5.633270263671875,5.904806137084961,5.8635897501494725,-7.029521763230672
16847,Display,ec_alpha_noisy,1.0,3.11305570602417,2.8125112056732178,2.99072265625,3.110536813735962,3.230229139328003,3.4170427322387695,3.3072919519613997,-5.8729694492812285
16847,TV,ec_alpha_noisy,2.0,4.1978960037231445,3.6978213787078857,3.990265130996704,4.194944381713867,4.400278091430664,4.701842308044434,4.740158391034578,-11.43975248458059
16847,Display,ec_alpha_noisy,2.0,1.5479962825775146,1.3422445058822632,1.457726001739502,1.544416904449463,1.6308945417404177,1.7719184160232544,1.6550507041288476,-6.468346938511593
16847,TV,ec_alpha_noisy,3.0,3.3674063682556152,2.8279690742492676,3.1386632919311523,3.367410182952881,3.5916073322296143,3.9348652362823486,3.9351861441101232,-14.428282552893112
16847,Display,ec_alpha_noisy,3.0,0.9453938603401184,0.797033429145813,0.8773845434188843,0.9424737691879272,1.0074546337127686,1.114883542060852,1.0121534550005484,-6.595797735077024
16847,TV,ec_alpha_noisy,5.0,2.3443973064422607,1.8112143278121948,2.1086270809173584,2.324953079223633,2.563385248184204,2.923748254776001,2.8690475545283465,-18.28656507481051
16847,Display,ec_alpha_noisy,5.0,0.4705621600151062,0.38325235247612,0.4298039078712463,0.4671479761600494,0.5060878396034241,0.5716642141342163,0.5033421900385633,-6.512474152215542
16847,TV,ec_alpha_noisy,10.0,1.2196122407913208,0.8405766487121582,1.038243055343628,1.1923823356628418,1.380152702331543,1.666139841079712,1.5847437529543456,-23.040413409570558
16847,Display,ec_alpha_noisy,10.0,0.1637610644102096,0.129336267709732,0.1469907313585281,0.1616307348012924,0.178313136100769,0.2053687870502472,0.1742237497856249,-6.005315227280561
2016,TV,default,1.0,5.634584903717041,5.102002143859863,5.414667129516602,5.632222652435303,5.858381271362305,6.165526390075684,5.8589633295068655,-3.8296608661093967
2016,Display,default,1.0,2.7236738204956055,2.440286874771118,2.603393793106079,2.723008632659912,2.8398168087005615,3.015302896499634,3.295951545652677,-17.363050312796602
2016,TV,default,2.0,3.5968239307403564,3.148099184036255,3.41107177734375,3.594723701477051,3.779564619064331,4.0599446296691895,4.731533834574058,-23.981861770536195
2016,Display,default,2.0,1.2546422481536863,1.07411789894104,1.173482894897461,1.2547566890716553,1.325622797012329,1.459538221359253,1.6474661467049942,-23.844125679727824
2016,TV,default,3.0,2.535641670227051,2.139878511428833,2.3721086978912354,2.5358662605285645,2.694999933242798,2.9350147247314453,3.92524440504143,-35.40168691227552
2016,Display,default,3.0,0.7377687692642212,0.611664354801178,0.6811331510543823,0.7345954775810242,0.7867588400840759,0.8819223046302795,1.0073461947528906,-26.761149929672257
2016,TV,default,5.0,1.485361933708191,1.189348816871643,1.3627666234970093,1.4840786457061768,1.601467490196228,1.786587119102478,2.8589778313762975,-48.04569950116944
2016,Display,default,5.0,0.3534568846225738,0.2840032875537872,0.3205538988113403,0.3507291674613952,0.3810047507286072,0.4347994029521942,0.50108212863199,-29.46128699749272
2016,TV,default,10.0,0.6138558387756348,0.4624983072280884,0.5479153394699097,0.6114844679832458,0.6742627620697021,0.7741272449493408,1.5768015300740463,-61.069555865613076
2016,Display,default,10.0,0.1187188997864723,0.0928137525916099,0.1060436442494392,0.1168158426880836,0.1291062533855438,0.1503269225358963,0.1735210470205958,-31.582420792803788
2016,TV,ec_alpha_noisy,1.0,5.893765449523926,5.369852542877197,5.658403396606445,5.887697696685791,6.113377571105957,6.436811447143555,5.8589633295068655,0.5939979149859109
2016,Display,ec_alpha_noisy,1.0,2.8444299697875977,2.553582191467285,2.72910475730896,2.8422670364379883,2.959653854370117,3.1412339210510254,3.295951545652677,-13.699278330126885
2016,TV,ec_alpha_noisy,2.0,4.537899494171143,3.9988746643066406,4.302624225616455,4.532752990722656,4.774898052215576,5.099462509155273,4.731533834574058,-4.092422186395428
2016,Display,ec_alpha_noisy,2.0,1.353495955467224,1.1679481267929075,1.276835322380066,1.3487046957015991,1.428165078163147,1.546344757080078,1.6474661467049942,-17.843777356258506
2016,TV,ec_alpha_noisy,3.0,3.638038873672486,3.071204423904419,3.3769569396972656,3.621753692626953,3.882810115814209,4.254936695098877,3.92524440504143,-7.3168827653144035
2016,Display,ec_alpha_noisy,3.0,0.8084993958473206,0.6803049445152283,0.7540731430053711,0.8051369190216064,0.8599495887756348,0.9452075958251952,1.0073461947528906,-19.739668441825863
2016,TV,ec_alpha_noisy,5.0,2.528847932815552,1.9840525388717651,2.2736728191375732,2.5107364654541016,2.7639379501342773,3.139253616333008,2.8589778313762975,-11.547130409256178
2016,Display,ec_alpha_noisy,5.0,0.3933793306350708,0.3219675421714782,0.3617907464504242,0.3903378248214721,0.4221953153610229,0.4718948006629944,0.50108212863199,-21.494040965092854
2016,TV,ec_alpha_noisy,10.0,1.310428500175476,0.9218999743461608,1.1183507442474363,1.2899175882339478,1.4720803499221802,1.7689563035964966,1.5768015300740463,-16.893250343691722
2016,Display,ec_alpha_noisy,10.0,0.133925050497055,0.1066833436489105,0.1215595453977584,0.1323105245828628,0.1448941528797149,0.1652089208364486,0.1735210470205958,-22.819131859457375
2024,TV,default,1.0,5.9822306632995605,5.482483863830566,5.768652439117432,5.977660179138184,6.194447994232178,6.50227165222168,5.872869701716211,1.8621383946487269
2024,Display,default,1.0,3.036832094192505,2.694355010986328,2.896768093109131,3.037176609039306,3.172041654586792,3.3684849739074707,3.303588973468535,-8.074759947995414
2024,TV,default,2.0,3.949105262756348,3.5088090896606445,3.7637298107147217,3.95532751083374,4.132254123687744,4.402204513549805,4.757065800950317,-16.984430571310625
2024,Display,default,2.0,1.6489858627319336,1.384440541267395,1.5378336906433103,1.641448736190796,1.7572154998779297,1.926166534423828,1.6536181490745443,-0.2801303520527543
2024,TV,default,3.0,2.8413774967193604,2.4509780406951904,2.675036668777466,2.8447370529174805,3.0058906078338623,3.2543435096740723,3.954511299447615,-28.14845421945671
2024,Display,default,3.0,1.0577422380447388,0.8513983488082886,0.96879780292511,1.0505447387695312,1.1415895223617554,1.2795332670211792,1.011820440426298,4.538532311038623
2024,TV,default,5.0,1.7049115896224976,1.406830072402954,1.5722880363464355,1.6992312669754028,1.832252621650696,2.021927833557129,2.8874661782707327,-40.95475117760348
2024,Display,default,5.0,0.5566315650939941,0.4270599782466888,0.4982906281948089,0.5486003160476685,0.6094695329666138,0.7032145261764526,0.5036265349401899,10.52466986476377
2024,TV,default,10.0,0.7233009934425354,0.5596328973770142,0.6472046375274658,0.717975378036499,0.7912868857383728,0.8919602036476135,1.5969676988215822,-54.707850761398234
2024,Display,default,10.0,0.20660300552845,0.1511857211589813,0.1801239252090454,0.2029280662536621,0.2293903082609176,0.2732930481433868,0.1744899842430446,18.40393385598318
2024,TV,ec_alpha_noisy,1.0,6.357089042663574,5.8345513343811035,6.127852916717529,6.350686550140381,6.570403099060059,6.892370223999023,5.872869701716211,8.245021012570074
2024,Display,ec_alpha_noisy,1.0,3.1694560050964355,2.835695743560791,3.022498369216919,3.1776509284973145,3.310464143753052,3.497192621231079,3.303588973468535,-4.060219641406215
2024,TV,ec_alpha_noisy,2.0,5.430078029632568,4.8761887550354,5.18983793258667,5.429746627807617,5.671505928039551,5.9944257736206055,4.757065800950317,14.147633369876967
2024,Display,ec_alpha_noisy,2.0,1.7743773460388184,1.505110502243042,1.660350322723389,1.7693946361541748,1.87640917301178,2.059972763061523,1.6536181490745443,7.30272566443817
2024,TV,ec_alpha_noisy,3.0,4.7150983810424805,4.084949493408203,4.451685905456543,4.71602725982666,4.9959282875061035,5.351883888244629,3.954511299447615,19.23340266346205
2024,Display,ec_alpha_noisy,3.0,1.1575363874435425,0.9477659463882446,1.0672781467437744,1.1512658596038818,1.238847732543945,1.391116738319397,1.011820440426298,14.401364233742076
2024,TV,ec_alpha_noisy,5.0,3.686244010925293,2.979644775390625,3.378322124481201,3.684995174407959,3.994104385375977,4.390869617462158,2.8874661782707327,27.663625592073203
2024,Display,ec_alpha_noisy,5.0,0.6204832196235657,0.4871949851512909,0.5618751049041748,0.613930881023407,0.6743810772895813,0.7798903584480286,0.5036265349401899,23.203043639718768
2024,TV,ec_alpha_noisy,10.0,2.276985883712769,1.638819694519043,1.968735694885254,2.2674598693847656,2.554027557373047,2.964294910430908,1.5969676988215822,42.58183715255974
2024,Display,ec_alpha_noisy,10.0,0.2344916313886642,0.1760205775499344,0.2070816159248352,0.2303943186998367,0.2592334449291229,0.3069597482681274,0.1744899842430446,34.3868717771469
21877,TV,default,1.0,5.092889308929443,4.600186347961426,4.888354778289795,5.096140384674072,5.295248985290527,5.5795392990112305,5.874457391682181,-13.304515304841324
21877,Display,default,1.0,2.857473373413086,2.526829242706299,2.7275564670562744,2.8544654846191406,2.9868881702423096,3.1958281993865967,3.2940065941883296,-13.252348114464208
21877,TV,default,2.0,3.2126986980438232,2.8036465644836426,3.024686336517334,3.21378231048584,3.384805917739868,3.6437971591949463,4.760115607244989,-32.50796906793539
21877,Display,default,2.0,1.4102610349655151,1.179898381233215,1.3146686553955078,1.4061293601989746,1.503354787826538,1.6547436714172363,1.6465719562044352,-14.351691120966725
21877,TV,default,3.0,2.249236583709717,1.891180396080017,2.0849804878234863,2.2485406398773193,2.4007768630981445,2.6320064067840576,3.957954916407037,-43.17174825852905
21877,Display,default,3.0,0.8593264222145081,0.6930529475212097,0.7842211723327637,0.8542097210884094,0.9270334243774414,1.0408885478973389,1.0070371971058594,-14.667856889086096
21877,TV,default,5.0,1.307736873626709,1.0427135229110718,1.186601638793945,1.303717851638794,1.4180622100830078,1.5913023948669434,2.891086366153909,-54.766592622882214
21877,Display,default,5.0,0.4277376234531402,0.3327096700668335,0.3830800652503967,0.4234277009963989,0.4660021066665649,0.5372224450111389,0.5010839188645058,-14.63752729833634
21877,TV,default,10.0,0.5369231700897217,0.4036843478679657,0.4725053608417511,0.5315831899642944,0.592927873134613,0.6895841360092163,1.5998505762790431,-66.43916762911036
21877,Display,default,10.0,0.1498286873102188,0.1122240647673606,0.1318862587213516,0.1474483013153076,0.1655918955802917,0.1957081407308578,0.1736195007726786,-13.702846371853871
21877,TV,ec_alpha_noisy,1.0,5.370095729827881,4.853151798248291,5.177005767822266,5.365632057189941,5.5728302001953125,5.868765354156494,5.874457391682181,-8.585672313641101
21877,Display,ec_alpha_noisy,1.0,2.9252357482910156,2.6166839599609375,2.7970962524414062,2.9272964000701904,3.0528697967529297,3.238175868988037,3.2940065941883296,-11.195206668618773
21877,TV,ec_alpha_noisy,2.0,4.026035308837891,3.5093419551849365,3.799216985702514,4.029509544372559,4.237485885620117,4.551405429840088,4.760115607244989,-15.42148046341173
21877,Display,ec_alpha_noisy,2.0,1.458166003227234,1.246620535850525,1.366978406906128,1.452150821685791,1.546309471130371,1.6843184232711792,1.6465719562044352,-11.442315185028507
21877,TV,ec_alpha_noisy,3.0,3.1659836769104004,2.6303248405456543,2.926546096801758,3.1645607948303223,3.3880600929260254,3.74328875541687,3.957954916407037,-20.009607391273022
21877,Display,ec_alpha_noisy,3.0,0.8927017450332642,0.741861879825592,0.8263710141181946,0.8863083124160767,0.954401969909668,1.0632365942001345,1.0070371971058594,-11.353647352966279
21877,TV,ec_alpha_noisy,5.0,2.142739772796631,1.663194179534912,1.9100292921066284,2.12756609916687,2.3467884063720703,2.7007691860198975,2.891086366153909,-25.88461562816693
21877,Display,ec_alpha_noisy,5.0,0.4463004171848297,0.3585706055164337,0.4065021872520447,0.441250741481781,0.4809743165969848,0.5504499673843384,0.5010839188645058,-10.932999367415263
21877,TV,ec_alpha_noisy,10.0,1.0706766843795776,0.7472432255744934,0.903039574623108,1.0514330863952637,1.2075841426849363,1.4773173332214355,1.5998505762790431,-33.07645724829042
21877,Display,ec_alpha_noisy,10.0,0.1567865461111068,0.121603175997734,0.1402848958969116,0.1543424427509308,0.1706716865301132,0.2000908106565475,0.1736195007726786,-9.695313364373359
2559,TV,default,1.0,5.819979667663574,5.326625823974609,5.612663745880127,5.815622806549072,6.021503448486328,6.337785720825195,5.878495761578846,-0.9954263180340539
2559,Display,default,1.0,3.2921674251556396,2.948071002960205,3.1578786373138428,3.296226739883423,3.428694725036621,3.6305644512176514,3.311040163194723,-0.5699942347082043
2559,TV,default,2.0,3.735666036605835,3.27378249168396,3.5451502799987793,3.738471508026123,3.925890684127808,4.197473526000977,4.768757824510989,-21.6637503082072
2559,Display,default,2.0,1.6867740154266355,1.4375042915344238,1.5800895690917969,1.6803972721099854,1.788526177406311,1.953262209892273,1.6588183683849616,1.6852747458355966
2559,TV,default,3.0,2.6416890621185303,2.2339112758636475,2.465586423873902,2.6392881870269775,2.814608097076416,3.058199405670166,3.9689461127712464,-33.44104487541107
2559,Display,default,3.0,1.047463297843933,0.8564853072166443,0.963659644126892,1.040548324584961,1.1250824928283691,1.2595561742782593,1.0153836955060556,3.159357637891702
2559,TV,default,5.0,1.5526747703552246,1.2464652061462402,1.4148619174957275,1.548406004905701,1.6828163862228394,1.871132731437683,2.9031779833565228,-46.51809915697651
2559,Display,default,5.0,0.5312837362289429,0.4170149564743042,0.4789361655712127,0.5247820615768433,0.576862633228302,0.6673820614814758,0.5056591258216993,5.067566093186482
2559,TV,default,10.0,0.6436577439308167,0.4831843674182892,0.5690928101539612,0.6389436721801758,0.7127891182899475,0.8158146142959595,1.6098126600425031,-60.01660566429994
2559,Display,default,10.0,0.1888382583856582,0.1422490179538726,0.1658268570899963,0.1853362917900085,0.2072089463472366,0.2482557147741317,0.1753906754884449,7.667216549433542
2559,TV,ec_alpha_noisy,1.0,6.170777797698975,5.665108680725098,5.957353591918945,6.16947078704834,6.389408111572266,6.682687759399414,5.878495761578846,4.97205489251944
2559,Display,ec_alpha_noisy,1.0,3.3688855171203613,3.0314252376556396,3.225240468978882,3.37199330329895,3.5111491680145264,3.7027041912078857,3.311040163194723,1.7470447676426026
2559,TV,ec_alpha_noisy,2.0,4.795652389526367,4.252529144287109,4.556034088134766,4.7903337478637695,5.027423858642578,5.373026371002197,4.768757824510989,0.5639742256807967
2559,Display,ec_alpha_noisy,2.0,1.7402913570404053,1.490260362625122,1.6293624639511108,1.737356662750244,1.8430057764053345,1.992965579032898,1.6588183683849616,4.91150750487328
2559,TV,ec_alpha_noisy,3.0,3.870299816131592,3.275390625,3.6036500930786137,3.861440658569336,4.124057292938232,4.505039691925049,3.9689461127712464,-2.485453161539064
2559,Display,ec_alpha_noisy,3.0,1.0847151279449463,0.9002695083618164,1.0009669065475464,1.0794789791107178,1.1624420881271362,1.2861911058425903,1.0153836955060556,6.828101804839082
2559,TV,ec_alpha_noisy,5.0,2.714693307876587,2.1349692344665527,2.4387614727020264,2.692185401916504,2.962808609008789,3.353747606277466,2.9031779833565228,-6.492356877893457
2559,Display,ec_alpha_noisy,5.0,0.5519121289253235,0.4424973130226135,0.5001175999641418,0.5457525253295898,0.5983627438545227,0.6806897521018982,0.5056591258216993,9.147071760736614
2559,TV,ec_alpha_noisy,10.0,1.4235918521881104,0.99957013130188,1.2110657691955566,1.396609902381897,1.6053252220153809,1.9378564357757568,1.6098126600425031,-11.56785584289517
2559,Display,ec_alpha_noisy,10.0,0.1964051574468612,0.1513531059026718,0.1740722954273224,0.1928142011165619,0.2154005318880081,0.2503743171691894,0.1753906754884449,11.981527467120557
28214,TV,default,1.0,5.694998264312744,5.163918495178223,5.465926170349121,5.683140754699707,5.920803070068359,6.24739933013916,5.860954367376269,-2.831554259956093
28214,Display,default,1.0,3.151928663253784,2.84273362159729,3.0244994163513184,3.157415866851806,3.276577949523926,3.4641470909118652,3.317397631536703,-4.987914825461226
28214,TV,default,2.0,3.639320373535156,3.201021671295166,3.444236516952514,3.6339094638824463,3.8297042846679688,4.100318908691406,4.734906487530882,-23.13849527716951
28214,Display,default,2.0,1.491710186004639,1.2713299989700315,1.398522973060608,1.483647346496582,1.5806069374084473,1.7232091426849363,1.6642957148202155,-10.369883625772601
28214,TV,default,3.0,2.5667757987976074,2.1776986122131348,2.400968074798584,2.5619983673095703,2.7313270568847656,2.9725584983825684,3.9288398981091097,-34.668353372379535
28214,Display,default,3.0,0.8873997926712036,0.7339472770690918,0.8180623650550842,0.8788836598396301,0.9518992900848388,1.056657075881958,1.019254987386523,-12.936428700085155
28214,TV,default,5.0,1.5038193464279177,1.2101949453353882,1.3750954866409302,1.4976673126220703,1.6276105642318726,1.8112659454345703,2.862265509178291,-47.46052238670062
28214,Display,default,5.0,0.4288722276687622,0.3397595584392547,0.3884376585483551,0.4225654602050781,0.4639277458190918,0.5287187695503235,0.5077724351141333,-15.53849756094705
28214,TV,default,10.0,0.6208858489990234,0.4717903733253479,0.5500356554985046,0.6137046813964844,0.6864987015724182,0.7915430665016174,1.5790110883167163,-60.67881640648195
28214,Display,default,10.0,0.14410100877285,0.1100925132632255,0.1273161172866821,0.1412369906902313,0.1578389853239059,0.1854056268930435,0.1760825228831973,-18.162798662057988
28214,TV,ec_alpha_noisy,1.0,5.914230823516846,5.372996807098389,5.682717800140381,5.9246392250061035,6.136780738830566,6.462571620941162,5.860954367376269,0.9090064996432723
28214,Display,ec_alpha_noisy,1.0,3.276021957397461,2.970566987991333,3.154664993286133,3.274986743927002,3.4017446041107178,3.5758261680603027,3.317397631536703,-1.2472328835683166
28214,TV,ec_alpha_noisy,2.0,4.689810276031494,4.129122734069824,4.456592559814453,4.688179969787598,4.924715042114258,5.243773937225342,4.734906487530882,-0.9524203195595549
28214,Display,ec_alpha_noisy,2.0,1.5989471673965454,1.3894120454788208,1.5071122646331787,1.5956342220306396,1.6827911138534546,1.825465202331543,1.6642957148202155,-3.9264985688393317
28214,TV,ec_alpha_noisy,3.0,3.843344449996948,3.237802028656006,3.5874698162078857,3.841786623001098,4.085644245147705,4.454455852508545,3.9288398981091097,-2.1760990605218966
28214,Display,ec_alpha_noisy,3.0,0.9658169150352478,0.8133898973464966,0.8959845304489136,0.9587149620056152,1.025667667388916,1.1342343091964722,1.019254987386523,-5.242856106919436
28214,TV,ec_alpha_noisy,5.0,2.7567224502563477,2.172851324081421,2.487886905670166,2.755689859390259,3.0042405128479004,3.401204824447632,2.862265509178291,-3.6873958262608197
28214,Display,ec_alpha_noisy,5.0,0.4740160405635834,0.3857253491878509,0.4324605464935303,0.4693885147571563,0.5092111229896545,0.5761503577232361,0.5077724351141333,-6.647937583095153
28214,TV,ec_alpha_noisy,10.0,1.4943019151687622,1.0556734800338743,1.275107741355896,1.4669790267944336,1.6837139129638672,2.0194895267486572,1.5790110883167163,-5.364697801980434
28214,Display,ec_alpha_noisy,10.0,0.161566823720932,0.1265651732683181,0.1450780034065246,0.1593314558267593,0.1757404655218124,0.2034126222133636,0.1760825228831973,-8.243691040191514
28767,TV,default,1.0,5.269207000732422,4.781583309173584,5.059800148010254,5.262031555175781,5.471494674682617,5.790580749511719,5.856110877069851,-10.022075890596705
28767,Display,default,1.0,3.3375420570373535,2.9881386756896973,3.1976540088653564,3.335314989089966,3.471921443939209,3.687741279602051,3.32220944600926,0.4615184947629247
28767,TV,default,2.0,3.324117660522461,2.896568536758423,3.144298791885376,3.316844940185547,3.506827592849731,3.7699785232543945,4.724420741186174,-29.63967769543182
28767,Display,default,2.0,1.702062726020813,1.4358621835708618,1.5873050689697266,1.6967337131500244,1.8095265626907349,1.9919967651367188,1.6671747051378616,2.0926433669749445
28767,TV,default,3.0,2.3248794078826904,1.9474890232086184,2.164592027664185,2.314880847930908,2.486464023590088,2.7136330604553223,3.915517516387093,-40.623955884434615
28767,Display,default,3.0,1.0524591207504272,0.8515603542327881,0.9620069861412048,1.0469681024551392,1.1305793523788452,1.2837597131729126,1.021168622136043,3.0641852810686654
28767,TV,default,5.0,1.3475353717803955,1.070022702217102,1.2296069860458374,1.3388378620147705,1.4596610069274902,1.6344473361968994,2.8465133472021664,-52.6601421663845
28767,Display,default,5.0,0.529746949672699,0.4072548747062683,0.4735338389873504,0.5235782265663147,0.5758795142173767,0.6771798729896545,0.5088244867906357,4.111921384528827
28767,TV,default,10.0,0.5488094091415405,0.4086270630359649,0.4850238263607025,0.5434761047363281,0.605925977230072,0.7059821486473083,1.5643743099784406,-64.91828038590688
28767,Display,default,10.0,0.1852807849645614,0.1361609697341919,0.1614683419466018,0.1818986535072326,0.2045437097549438,0.2492271810770034,0.1765188447645793,4.963742093184331
28767,TV,ec_alpha_noisy,1.0,5.614356517791748,5.117679595947266,5.398196697235107,5.612029552459717,5.814881324768066,6.123668670654297,5.856110877069851,-4.128240812938067
28767,Display,ec_alpha_noisy,1.0,3.426563501358032,3.0961225032806396,3.28401780128479,3.4306325912475586,3.5547521114349365,3.7722151279449463,3.32220944600926,3.141104046709775
28767,TV,ec_alpha_noisy,2.0,4.559684753417969,4.02619743347168,4.327130317687988,4.552817344665527,4.789752960205078,5.130199432373047,4.724420741186174,-3.4869034066353
28767,Display,ec_alpha_noisy,2.0,1.747836709022522,1.5043457746505735,1.6394566297531128,1.742610216140747,1.8444981575012207,2.014146089553833,1.6671747051378616,4.838245424194487
28767,TV,ec_alpha_noisy,3.0,3.805217742919922,3.22126841545105,3.548353910446167,3.797491788864136,4.064296245574951,4.436666488647461,3.915517516387093,-2.8169909342902533
28767,Display,ec_alpha_noisy,3.0,1.0799603462219238,0.8998723030090332,0.9987292885780334,1.0746135711669922,1.1507720947265625,1.2866731882095337,1.021168622136043,5.7572983355973495
28767,TV,ec_alpha_noisy,5.0,2.802339792251587,2.178868293762207,2.5365376472473145,2.785593032836914,3.065252780914306,3.43801212310791,2.8465133472021664,-1.5518478068615948
28767,Display,ec_alpha_noisy,5.0,0.5425809621810913,0.4339573085308075,0.4929221868515014,0.5371197462081909,0.5847300291061401,0.6741753816604614,0.5088244867906357,6.634208114348317
28767,TV,ec_alpha_noisy,10.0,1.5786726474761963,1.0914911031723022,1.3521836996078491,1.5515598058700562,1.7871055603027344,2.1317803859710693,1.5643743099784406,0.9139972068419322
28767,Display,ec_alpha_noisy,10.0,0.1889989078044891,0.1447098106145858,0.167737066745758,0.1860159337520599,0.2061826139688491,0.2446412146091461,0.1765188447645793,7.07010237720187
31337,TV,default,1.0,5.713242053985596,5.288665771484375,5.527856349945068,5.712743282318115,5.882497787475586,6.1629815101623535,5.873171490100183,-2.7230506785671738
31337,Display,default,1.0,3.3517138957977295,3.047076463699341,3.219787120819092,3.3534955978393555,3.4772114753723145,3.664534091949463,3.300221366986865,1.5602749962763118
31337,TV,default,2.0,3.7549214363098145,3.3554930686950684,3.5912513732910156,3.752387046813965,3.923675775527954,4.156044006347656,4.7595264356594935,-21.107246969424132
31337,Display,default,2.0,1.712939977645874,1.4849286079406738,1.6148501634597778,1.7084102630615234,1.8041911125183103,1.9654262065887451,1.6493004818485455,3.858574983619789
31337,TV,default,3.0,2.6960341930389404,2.327113151550293,2.5387368202209473,2.69212007522583,2.852731227874756,3.0673916339874268,3.958813995465381,-31.89793215525888
31337,Display,default,3.0,1.0595800876617432,0.8861538171768188,0.9809908270835876,1.0518896579742432,1.1288353204727173,1.261746525764465,1.0081609134993288,5.10029435518764
31337,TV,default,5.0,1.6150920391082764,1.3318583965301514,1.4879859685897827,1.6120480298995972,1.736162185668945,1.906928777694702,2.894026177934285,-44.192210442923276
31337,Display,default,5.0,0.532974362373352,0.426571786403656,0.483079046010971,0.5270617008209229,0.57602459192276,0.6635037064552307,0.5013347733974283,6.311070098231908
31337,TV,default,10.0,0.6851573586463928,0.5342158079147339,0.6128328442573547,0.6814835071563721,0.750503420829773,0.8497790694236755,1.6042780357255095,-57.291856935724915
31337,Display,default,10.0,0.1858413815498352,0.1413914710283279,0.1647067666053772,0.1823898255825042,0.2036554813385009,0.2424261420965194,0.173626212507034,7.035325407623194
31337,TV,ec_alpha_noisy,1.0,6.074459075927734,5.6503586769104,5.88975191116333,6.077134609222412,6.245004177093506,6.524874210357666,5.873171490100183,3.427238352682904
31337,Display,ec_alpha_noisy,1.0,3.400078058242798,3.102639675140381,3.2739226818084717,3.397608995437622,3.524209499359131,3.718084812164306,3.300221366986865,3.025757370545823
31337,TV,ec_alpha_noisy,2.0,5.19512414932251,4.696401596069336,4.98457145690918,5.192506790161133,5.398375511169434,5.70496129989624,4.7595264356594935,9.152123001133372
31337,Display,ec_alpha_noisy,2.0,1.6835190057754517,1.4727829694747925,1.5937550067901611,1.6833300590515137,1.7664319276809692,1.905532956123352,1.6493004818485455,2.0747295173620506
31337,TV,ec_alpha_noisy,3.0,4.516846179962158,3.939490556716919,4.2669548988342285,4.5215044021606445,4.7655415534973145,5.098817825317383,3.958813995465381,14.095943510757891
31337,Display,ec_alpha_noisy,3.0,1.0229432582855225,0.8718088865280151,0.9555206298828124,1.0216875076293943,1.08191978931427,1.192854404449463,1.0081609134993288,1.4662683891288886
31337,TV,ec_alpha_noisy,5.0,3.539910078048706,2.884021043777466,3.2436795234680176,3.536055564880371,3.826705694198608,4.207860469818115,2.894026177934285,22.31783198918553
31337,Display,ec_alpha_noisy,5.0,0.5040280222892761,0.413781464099884,0.4632686376571655,0.5012081861495972,0.5388146638870239,0.6065768599510193,0.5013347733974283,0.5372156560368602
31337,TV,ec_alpha_noisy,10.0,2.198051691055298,1.584816575050354,1.9065148830413816,2.1852774620056152,2.4690115451812744,2.8801958560943604,1.6042780357255095,37.01189208523095
31337,Display,ec_alpha_noisy,10.0,0.1715553849935531,0.1359661966562271,0.154880866408348,0.1695701479911804,0.1857345104217529,0.2149659693241119,0.173626212507034,-1.192692902517234
32226,TV,default,1.0,5.415261268615723,4.9608154296875,5.225960731506348,5.418361663818359,5.598552703857422,5.857883453369141,5.870250024962922,-7.750756005491832
32226,Display,default,1.0,3.096414089202881,2.8039238452911377,2.9767351150512695,3.094419002532959,3.211003541946411,3.393378257751465,3.3118228578472104,-6.504235820884219
32226,TV,default,2.0,3.382272958755493,2.9609575271606445,3.2114157676696777,3.387761116027832,3.552881956100464,3.7950618267059326,4.752513009545052,-28.8319053106754
32226,Display,default,2.0,1.5071698427200315,1.299851417541504,1.4149550199508667,1.5025957822799685,1.588380217552185,1.7346470355987549,1.6582268060718586,-9.109547789162987
32226,TV,default,3.0,2.35235595703125,1.989238739013672,2.19891357421875,2.353433609008789,2.5014469623565674,2.727489233016968,3.949512923395774,-40.439340175428406
32226,Display,default,3.0,0.910493552684784,0.7605524659156799,0.8416798114776611,0.9057554006576538,0.9682753682136536,1.0814335346221924,1.0144130362146797,-10.24429693033866
32226,TV,default,5.0,1.3554638624191284,1.0925023555755615,1.2390129566192627,1.3489975929260254,1.4632413387298584,1.6403409242630005,2.8831047446804257,-52.98596539303419
32226,Display,default,5.0,0.4480780661106109,0.3616849184036255,0.4065466523170471,0.4442038536071777,0.4816785156726837,0.551074206829071,0.5046596032442161,-11.211822141076766
32226,TV,default,10.0,0.5492517352104187,0.4177061319351196,0.4887987077236175,0.5437206029891968,0.6050028204917908,0.698775053024292,1.5946615378520723,-65.5568456269264
32226,Display,default,10.0,0.1541478335857391,0.1195165738463401,0.1374831795692443,0.151956170797348,0.1677462309598922,0.1962778121232986,0.174727621119544,-11.77821079571888
32226,TV,ec_alpha_noisy,1.0,5.7352471351623535,5.306988716125488,5.551892280578613,5.727787017822266,5.919864177703857,6.18187141418457,5.870250024962922,-2.299780916084937
32226,Display,ec_alpha_noisy,1.0,3.245450496673584,2.953472137451172,3.1276354789733887,3.251448392868042,3.360980987548828,3.5332260131835938,3.3118228578472104,-2.0041036016271274
32226,TV,ec_alpha_noisy,2.0,4.453217029571533,3.954498052597046,4.245123863220215,4.447693824768066,4.658925533294678,4.958775997161865,4.752513009545052,-6.29763620578011
32226,Display,ec_alpha_noisy,2.0,1.656349539756775,1.436548352241516,1.5607117414474487,1.6491718292236328,1.7468407154083252,1.8911559581756592,1.6582268060718586,-0.11320926113422836
32226,TV,ec_alpha_noisy,3.0,3.5927743911743164,3.0362212657928467,3.352908134460449,3.583434820175171,3.835096836090088,4.168186664581299,3.949512923395774,-9.03246904468249
32226,Display,ec_alpha_noisy,3.0,1.0253560543060305,0.8650229573249817,0.951316237449646,1.0164426565170288,1.095493197441101,1.209270715713501,1.0144130362146797,1.0787536930898511
32226,TV,ec_alpha_noisy,5.0,2.520235776901245,1.9721001386642456,2.271554946899414,2.4991745948791504,2.759277582168579,3.128696918487549,2.8831047446804257,-12.58604871878848
32226,Display,ec_alpha_noisy,5.0,0.5175880193710327,0.422495573759079,0.4716357588768005,0.5113131403923035,0.5593656301498413,0.6319372653961182,0.5046596032442161,2.5618091964773937
32226,TV,ec_alpha_noisy,10.0,1.3234368562698364,0.923012375831604,1.1341887712478638,1.294532060623169,1.496411919593811,1.8090085983276367,1.5946615378520723,-17.00829142386927
32226,Display,ec_alpha_noisy,10.0,0.1824516505002975,0.1434797793626785,0.1628741919994354,0.1792719662189483,0.1991977393627166,0.2314705848693847,0.174727621119544,4.420611538841301
32325,TV,default,1.0,5.914168834686279,5.3827900886535645,5.691433429718018,5.911472797393799,6.135098934173584,6.44730281829834,5.8547182297861955,1.0154306760251197
32325,Display,default,1.0,3.12162709236145,2.822307586669922,3.0006959438323975,3.1228413581848145,3.241790294647217,3.414573431015014,3.298867774301794,-5.372773147230991
32325,TV,default,2.0,3.6603174209594727,3.189939498901367,3.462374687194824,3.6551198959350586,3.851572036743164,4.141193866729736,4.7240894819060335,-22.518033687146833
32325,Display,default,2.0,1.5134198665618896,1.3081881999969482,1.4241180419921875,1.5071120262145996,1.5978703498840332,1.737187743186951,1.6493878277309362,-8.243540960048056
32325,TV,default,3.0,2.527604579925537,2.1152782440185547,2.3489160537719727,2.5249953269958496,2.6962413787841797,2.95546293258667,3.9165747729392137,-35.463900819932945
32325,Display,default,3.0,0.9119734168052672,0.761754035949707,0.8455654382705688,0.9053148627281188,0.971773326396942,1.080882549285889,1.0085784713701886,-9.578337958540805
32325,TV,default,5.0,1.4400041103363037,1.1441538333892822,1.3078218698501587,1.435035228729248,1.5631752014160156,1.7592118978500366,2.849946939712377,-49.47259928700174
32325,Display,default,5.0,0.4471170902252197,0.361264705657959,0.4064100384712219,0.442461758852005,0.4827781915664673,0.5488392114639282,0.5016976256569861,-10.879169571570468
32325,TV,default,10.0,0.5722761750221252,0.426199734210968,0.504913330078125,0.5671478509902954,0.6325751543045044,0.7393788695335388,1.569144520524609,-63.529415707942746
32325,Display,default,10.0,0.1527329087257385,0.1189261898398399,0.1359724998474121,0.1501461565494537,0.1668150722980499,0.1949037313461303,0.1737269200959483,-12.084489472682158
32325,TV,ec_alpha_noisy,1.0,6.309633731842041,5.7504425048828125,6.07242488861084,6.314661026000977,6.530604362487793,6.868427753448486,5.8547182297861955,7.7700665378128475
32325,Display,ec_alpha_noisy,1.0,3.214803695678711,2.9115874767303467,3.091876983642578,3.2134552001953125,3.33280611038208,3.5108542442321777,3.298867774301794,-2.548270630242977
32325,TV,ec_alpha_noisy,2.0,4.900978088378906,4.282675743103027,4.627769470214844,4.901305198669434,5.155289649963379,5.536510944366455,4.7240894819060335,3.7443957645252546
32325,Display,ec_alpha_noisy,2.0,1.5725586414337158,1.3726016283035278,1.4857370853424072,1.5662977695465088,1.6532410383224487,1.7854499816894531,1.6493878277309362,-4.658042517684535
32325,TV,ec_alpha_noisy,3.0,3.954499721527099,3.2929229736328125,3.649180650711059,3.9510459899902344,4.245507717132568,4.647424221038818,3.9165747729392137,0.9683192786186678
32325,Display,ec_alpha_noisy,3.0,0.9513362050056458,0.8080137968063354,0.8850432634353638,0.9456381797790528,1.0116360187530518,1.1137765645980835,1.0085784713701886,-5.675539186036493
32325,TV,ec_alpha_noisy,5.0,2.772526264190674,2.131762742996216,2.465632438659668,2.752596616744995,3.0541012287139893,3.4947855472564697,2.849946939712377,-2.7165655066376915
32325,Display,ec_alpha_noisy,5.0,0.4679188728332519,0.3857581317424774,0.4285252690315246,0.4638841152191162,0.5044355988502502,0.5663838386535645,0.5016976256569861,-6.732890708721218
32325,TV,ec_alpha_noisy,10.0,1.4506773948669434,0.9854794144630432,1.2111188173294067,1.4189519882202148,1.6508978605270386,2.038825273513794,1.569144520524609,-7.5497906093480065
32325,Display,ec_alpha_noisy,10.0,0.1600250303745269,0.1270290613174438,0.1443533599376678,0.1579578220844268,0.1742040067911148,0.2010339051485061,0.1737269200959483,-7.887027361018051
33080,TV,default,1.0,5.316567420959473,4.877312660217285,5.133143901824951,5.315189838409424,5.498260021209717,5.753274917602539,5.877510168565771,-9.543883915443397
33080,Display,default,1.0,3.0232503414154053,2.732492208480835,2.9050021171569824,3.0190348625183105,3.1460213661193848,3.308431386947632,3.313201094397347,-8.7513780395718
33080,TV,default,2.0,3.3464465141296387,2.9424848556518555,3.175158977508545,3.343888521194458,3.5087766647338867,3.7643444538116455,4.766494022420994,-29.792285516600437
33080,Display,default,2.0,1.5939985513687134,1.3675761222839355,1.4947686195373535,1.586056113243103,1.6864111423492432,1.844651460647583,1.6603227530276703,-3.994657155544723
33080,TV,default,3.0,2.337615489959717,1.976318955421448,2.1864354610443115,2.332122325897217,2.482391595840454,2.7116591930389404,3.965890070335303,-41.056977160184395
33080,Display,default,3.0,1.0043960809707642,0.8304229378700256,0.9252300262451172,0.996566891670227,1.0767706632614136,1.2072330713272097,1.0161184006660464,-1.1536371831863734
33080,TV,default,5.0,1.3533579111099243,1.0895365476608276,1.238072395324707,1.3442296981811523,1.4632446765899658,1.6391147375106812,2.8996132045330008,-53.3262605855773
33080,Display,default,5.0,0.5168583989143372,0.4082367718219757,0.4672408998012543,0.51069575548172,0.5607396960258484,0.6491107940673828,0.5057996024415231,2.186398806846146
33080,TV,default,10.0,0.5509256720542908,0.4161008894443512,0.4895488619804382,0.5440102815628052,0.608623206615448,0.7033058404922485,1.6065418037375028,-65.70735534098134
33080,Display,default,10.0,0.1858187317848205,0.1395243853330612,0.1637034267187118,0.1829135715961456,0.2042391449213028,0.2452420145273208,0.1752677248244256,6.019937196631253
33080,TV,ec_alpha_noisy,1.0,5.675396919250488,5.252951622009277,5.487046241760254,5.6735124588012695,5.848819255828857,6.110702991485596,5.877510168565771,-3.4387562678535044
33080,Display,ec_alpha_noisy,1.0,3.084266185760498,2.7959201335906982,2.9700865745544434,3.0838847160339355,3.1969282627105713,3.3766613006591797,3.313201094397347,-6.9097800620668615
33080,TV,ec_alpha_noisy,2.0,4.701430797576904,4.197173118591309,4.499912738800049,4.7042646408081055,4.896337985992432,5.217588424682617,4.766494022420994,-1.3650121984427166
33080,Display,ec_alpha_noisy,2.0,1.5895075798034668,1.3826533555984497,1.500888466835022,1.5806503295898438,1.6691429615020752,1.817803740501404,1.6603227530276703,-4.265145020452743
33080,TV,ec_alpha_noisy,3.0,3.984815835952759,3.397597074508667,3.7477669715881343,3.9817609786987305,4.21691370010376,4.582183837890625,3.965890070335303,0.47721357076990767
33080,Display,ec_alpha_noisy,3.0,0.9884380102157592,0.8367631435394287,0.9200825691223145,0.9820016622543336,1.05092453956604,1.1681450605392456,1.0161184006660464,-2.724130419461279
33080,TV,ec_alpha_noisy,5.0,3.003833532333374,2.371114492416382,2.729076147079468,2.982816219329834,3.2653017044067383,3.677045345306397,2.8996132045330008,3.5942838043862
33080,Display,ec_alpha_noisy,5.0,0.500792920589447,0.4082865417003631,0.4577265977859497,0.494710773229599,0.5381370782852173,0.6110699772834778,0.5057996024415231,-0.9898548413064256
33080,TV,ec_alpha_noisy,10.0,1.7545870542526243,1.2257721424102783,1.5039424896240234,1.721405267715454,1.9808814525604248,2.397227048873902,1.6065418037375028,9.215150839567631
33080,Display,ec_alpha_noisy,10.0,0.1766791343688964,0.1375999003648758,0.1584342420101165,0.174096941947937,0.1916812509298324,0.2240885943174362,0.1752677248244256,0.805287765265783
35532,TV,default,1.0,5.371777534484863,4.902925491333008,5.167092323303223,5.373180389404297,5.57083797454834,5.8520660400390625,5.8778584642850005,-8.609954337539472
35532,Display,default,1.0,3.248547315597534,2.944713592529297,3.1228089332580566,3.244046211242676,3.3728556632995605,3.5497608184814453,3.3186421327629847,-2.1121535363348154
35532,TV,default,2.0,3.464658260345459,3.064478635787964,3.2880072593688965,3.466420888900757,3.641995668411255,3.869062185287475,4.768396242914903,-27.341225773898227
35532,Display,default,2.0,1.6540555953979492,1.4307916164398191,1.5518746376037598,1.6478936672210691,1.7463842630386353,1.8940138816833496,1.6648694753808684,-0.6495332002195098
35532,TV,default,3.0,2.4590506553649902,2.1133220195770264,2.3001627922058105,2.455367088317871,2.6147937774658203,2.8246371746063232,3.969215445420201,-38.04693423224692
35532,Display,default,3.0,1.022519826889038,0.8538001179695129,0.942989468574524,1.0159387588500977,1.0938441753387451,1.212567687034607,1.0196935414199897,0.2771700863293258
35532,TV,default,5.0,1.4530081748962402,1.196291208267212,1.335590362548828,1.4485814571380615,1.568716526031494,1.7317836284637451,2.904754879512911,-49.97828611480324
35532,Display,default,5.0,0.5150375366210938,0.4128417670726776,0.4656206965446472,0.5096868276596069,0.5575807094573975,0.6366775035858154,0.5080261990070656,1.3801133933115661
35532,TV,default,10.0,0.6070486903190613,0.4712893962860107,0.5407102704048157,0.6020673513412476,0.6685484647750854,0.7598552703857422,1.6126128424860695,-62.35620389930603
35532,Display,default,10.0,0.1807103604078292,0.1384303420782089,0.1593957692384719,0.1775457710027694,0.197793498635292,0.2339250445365905,0.1761879938979825,2.5667847222695883
35532,TV,ec_alpha_noisy,1.0,5.543735504150391,5.0561699867248535,5.33579158782959,5.547585487365723,5.750021934509277,6.042036533355713,5.8778584642850005,-5.684433576698133
35532,Display,ec_alpha_noisy,1.0,3.3142294883728027,3.0173351764678955,3.188904047012329,3.3144514560699463,3.436519145965576,3.619088888168335,3.3186421327629847,-0.13296535792812758
35532,TV,ec_alpha_noisy,2.0,4.117929458618164,3.606187343597412,3.8965137004852295,4.112116813659668,4.332883358001709,4.654401779174805,4.768396242914903,-13.641206627138668
35532,Display,ec_alpha_noisy,2.0,1.706065654754639,1.4865881204605105,1.6117222309112549,1.703787088394165,1.7925500869750977,1.9386396408081057,1.6648694753808684,2.4744389865365424
35532,TV,ec_alpha_noisy,3.0,3.217453956604004,2.702512741088867,2.9863617420196533,3.2028775215148926,3.440809965133667,3.779695749282837,3.969215445420201,-18.939800551355855
35532,Display,ec_alpha_noisy,3.0,1.060346245765686,0.890545666217804,0.988595187664032,1.0559031963348389,1.1249442100524902,1.2418463230133057,1.0196935414199897,3.9867570690979237
35532,TV,ec_alpha_noisy,5.0,2.158421277999878,1.6992181539535522,1.934975862503052,2.13497257232666,2.364994525909424,2.6846811771392822,2.904754879512911,-25.69351399585852
35532,Display,ec_alpha_noisy,5.0,0.5369091033935547,0.4369571506977081,0.4921181201934814,0.5330327153205872,0.5766520500183105,0.6529279351234436,0.5080261990070656,5.685317891663977
35532,TV,ec_alpha_noisy,10.0,1.065021514892578,0.7607842683792114,0.9065930843353271,1.0399489402770996,1.2017951011657717,1.4554332494735718,1.6126128424860695,-33.956775809208025
35532,Display,ec_alpha_noisy,10.0,0.1892197728157043,0.148088201880455,0.1703885793685913,0.1871229708194732,0.2056071013212204,0.2374028116464615,0.1761879938979825,7.396519268655455
3573,TV,default,1.0,5.909608364105225,5.388298988342285,5.692282199859619,5.904877662658691,6.133256912231445,6.456783294677734,5.853780277886628,0.9537099714776565
3573,Display,default,1.0,3.36340069770813,3.042177200317383,3.228529691696167,3.362612247467041,3.491276741027832,3.690800905227661,3.3106382749435723,1.593723577833539
3573,TV,default,2.0,3.829798936843872,3.3792145252227783,3.6413419246673584,3.8345234394073486,4.014336585998535,4.291902542114258,4.721626405174083,-18.888141326745444
3573,Display,default,2.0,1.6772490739822388,1.445125937461853,1.5800286531448364,1.67634379863739,1.7679046392440796,1.923219323158264,1.6582812032994605,1.1438271533825706
3573,TV,default,3.0,2.724395513534546,2.319998025894165,2.5541884899139404,2.727405548095703,2.8876700401306152,3.1307380199432373,3.913583061249097,-30.3861583899793
3573,Display,default,3.0,1.024960160255432,0.8549943566322327,0.9512329697608948,1.0209699869155884,1.0926814079284668,1.2126836776733398,1.0148570841648,0.9955171273151819
3573,TV,default,5.0,1.6122229099273682,1.309807538986206,1.4832783937454224,1.6114178895950315,1.7350564002990725,1.9197375774383545,2.8467681663691025,-43.366554081442096
3573,Display,default,5.0,0.5095882415771484,0.408621221780777,0.4633311033248901,0.5072256326675415,0.5493451952934265,0.6244297623634338,0.5052722158156429,0.8541981186395597
3573,TV,default,10.0,0.6726056933403015,0.5150665640830994,0.6040056943893433,0.6692756414413452,0.7376843690872192,0.8408152461051941,1.566992908655817,-57.07666003943377
3573,Display,default,10.0,0.1761930286884308,0.1355441063642501,0.1564319431781768,0.17512246966362,0.1923193484544754,0.2244385331869125,0.175155384549412,0.5924134971289075
3573,TV,ec_alpha_noisy,1.0,6.270108222961426,5.756784439086914,6.051999568939209,6.261294364929199,6.482351779937744,6.805392265319824,5.853780277886628,7.112121147551909
3573,Display,ec_alpha_noisy,1.0,3.4106006622314453,3.10758900642395,3.2873945236206055,3.4083728790283203,3.5366907119750977,3.724945306777954,3.3106382749435723,3.019429456985212
3573,TV,ec_alpha_noisy,2.0,5.291870594024658,4.733210563659668,5.061817169189453,5.299407958984375,5.519160270690918,5.836820602416992,4.721626405174083,12.077283120614668
3573,Display,ec_alpha_noisy,2.0,1.665542483329773,1.460434913635254,1.5764926671981812,1.6608129739761353,1.745311617851257,1.8845843076705933,1.6582812032994605,0.4378798973216913
3573,TV,ec_alpha_noisy,3.0,4.551951885223389,3.915062665939331,4.296262264251709,4.559699058532715,4.805791854858398,5.153031826019287,3.913583061249097,16.311620680679862
3573,Display,ec_alpha_noisy,3.0,1.0059027671813965,0.8609307408332825,0.9415393471717834,1.0019261837005615,1.063825249671936,1.165993332862854,1.0148570841648,-0.8823229519822062
3573,TV,ec_alpha_noisy,5.0,3.508626699447632,2.8396894931793213,3.2223317623138428,3.5068888664245605,3.777714967727661,4.188827037811279,2.8467681663691025,23.2494707822553
3573,Display,ec_alpha_noisy,5.0,0.4933367967605591,0.4082709848880768,0.4553556740283966,0.4903635382652282,0.5255813598632812,0.588100254535675,0.5052722158156429,-2.3621760076035114
3573,TV,ec_alpha_noisy,10.0,2.120633840560913,1.528730869293213,1.8517154455184937,2.098266363143921,2.362779140472412,2.7754156589508057,1.566992908655817,35.33142548679529
3573,Display,ec_alpha_noisy,10.0,0.1677988171577453,0.1343559175729751,0.1526304334402084,0.1661446839570999,0.1807999610900879,0.2058577388525009,0.175155384549412,-4.200023545146214
36452,TV,default,1.0,5.751228332519531,5.275295734405518,5.550270080566406,5.752394676208496,5.951777458190918,6.220846652984619,5.870025419634701,-2.023791698036004
36452,Display,default,1.0,3.520467758178711,3.194836139678955,3.388979434967041,3.5127859115600586,3.6513009071350098,3.850197315216065,3.311129127511925,6.32227323686676
36452,TV,default,2.0,3.72731351852417,3.2954537868499756,3.547569513320923,3.726874828338623,3.90218734741211,4.151226997375488,4.752546839786979,-21.57229283212625
36452,Display,default,2.0,1.8910212516784668,1.627735614776611,1.7776210308074951,1.8884758949279783,1.9987843036651611,2.1747310161590576,1.6590269490353458,13.983757333056946
36452,TV,default,3.0,2.6517333984375,2.263146162033081,2.4898979663848877,2.6503210067749023,2.816067934036255,3.031576871871948,3.949868767378261,-32.8652784533498
36452,Display,default,3.0,1.203150987625122,0.9963079690933228,1.111066818237305,1.1985366344451904,1.2866179943084717,1.4320807456970217,1.01569108464646,18.45638952752182
36452,TV,default,5.0,1.5698716640472412,1.2810174226760864,1.440623760223389,1.5679104328155518,1.6915247440338137,1.872143268585205,2.883828963346117,-45.56294135330018
36452,Display,default,5.0,0.6252316832542419,0.4952173829078674,0.5649635791778564,0.6205452680587769,0.6801323890686035,0.7749846577644348,0.5059176397441567,23.583689149566432
36452,TV,default,10.0,0.6559423804283142,0.5044542551040649,0.586661696434021,0.6520062685012817,0.721501350402832,0.8261685371398926,1.5951892607051312,-58.879965118473535
36452,Display,default,10.0,0.2264963388442993,0.1710425019264221,0.1992576867341995,0.2240912020206451,0.249951496720314,0.2929340302944183,0.1755233352585135,29.040585122606032
36452,TV,ec_alpha_noisy,1.0,6.076552867889404,5.587750434875488,5.877133369445801,6.079286098480225,6.280215263366699,6.564117908477783,5.870025419634701,3.5183399302477936
36452,Display,ec_alpha_noisy,1.0,3.5746796131134033,3.251737117767334,3.4370574951171875,3.572068452835083,3.715463399887085,3.8950114250183105,3.311129127511925,7.9595351148240345
36452,TV,ec_alpha_noisy,2.0,4.8082098960876465,4.260949611663818,4.57735538482666,4.805631637573242,5.028044700622559,5.363352298736572,4.752546839786979,1.171225832740297
36452,Display,ec_alpha_noisy,2.0,1.91979455947876,1.6621458530426023,1.8129231929779053,1.914262056350708,2.020071029663086,2.19120192527771,1.6590269490353458,15.718105760430202
36452,TV,ec_alpha_noisy,3.0,3.9334793090820312,3.3293259143829346,3.6727631092071538,3.924650192260742,4.183211326599121,4.546697616577148,3.949868767378261,-0.41493678047203053
36452,Display,ec_alpha_noisy,3.0,1.2208740711212158,1.0192453861236572,1.136996150016785,1.216234803199768,1.3001389503479004,1.4360991716384888,1.01569108464646,20.20131805589054
36452,TV,ec_alpha_noisy,5.0,2.8134541511535645,2.2044689655303955,2.55426025390625,2.793907642364502,3.0805039405822754,3.4704904556274414,2.883828963346117,-2.4403254522728846
36452,Display,ec_alpha_noisy,5.0,0.6337965726852417,0.5096099376678467,0.5787603855133057,0.6283220648765564,0.6836460828781128,0.776383101940155,0.5059176397441567,25.276630600536798
36452,TV,ec_alpha_noisy,10.0,1.51748526096344,1.060678005218506,1.3066108226776123,1.48663330078125,1.7097575664520264,2.053171157836914,1.5951892607051312,-4.871146117630165
36452,Display,ec_alpha_noisy,10.0,0.2291052490472793,0.1765897274017334,0.2050610184669494,0.225488856434822,0.2505488097667694,0.2923492193222046,0.1755233352585135,30.526946009685574
38578,TV,default,1.0,5.813278675079346,5.3734259605407715,5.637321472167969,5.811794281005859,5.988470077514648,6.249690055847168,5.868417674656497,-0.9395888744469505
38578,Display,default,1.0,3.165043354034424,2.856992483139038,3.0438895225524902,3.1611533164978027,3.2894394397735596,3.482146739959717,3.319681332011964,-4.658217536916965
38578,TV,default,2.0,3.6778414249420166,3.2740883827209473,3.5073859691619873,3.6828067302703857,3.838420391082764,4.077980995178223,4.74903025763519,-22.55594878493318
38578,Display,default,2.0,1.5330146551132202,1.316285252571106,1.4387526512145996,1.5263516902923584,1.6216548681259155,1.7726730108261108,1.6648682264644186,-7.919760210164373
38578,TV,default,3.0,2.5780844688415527,2.21224308013916,2.424823760986328,2.573732614517212,2.724250078201294,2.9454996585845947,3.9452003802981728,-34.652635599545775
38578,Display,default,3.0,0.9227994680404664,0.7670614123344421,0.850450873374939,0.9155362844467164,0.9889705181121826,1.105150580406189,1.019303804595498,-9.467671573474467
38578,TV,default,5.0,1.4995431900024414,1.227373719215393,1.383392333984375,1.490363359451294,1.6106584072113037,1.7829924821853638,2.878396138100906,-47.903515775566504
38578,Display,default,5.0,0.4515026211738586,0.3600866794586181,0.407282143831253,0.4458641707897186,0.4899923801422119,0.5603310465812683,0.5075478642366463,-11.04235620163233
38578,TV,default,10.0,0.6142258048057556,0.4705933034420013,0.551180899143219,0.6088510751724243,0.6711132526397705,0.7706277370452881,1.590455121436667,-61.380500680149844
38578,Display,default,10.0,0.1535729169845581,0.1174213886260986,0.1355740129947662,0.1505532413721084,0.168738842010498,0.1991305351257324,0.1759309386081607,-12.7084080835828
38578,TV,ec_alpha_noisy,1.0,6.1860671043396,5.748616695404053,5.997620582580566,6.187659740447998,6.367335319519043,6.63106632232666,5.868417674656497,5.412863352499797
38578,Display,ec_alpha_noisy,1.0,3.2856221199035645,2.9729182720184326,3.15494966506958,3.2857301235198975,3.4113004207611084,3.59139347076416,3.319681332011964,-1.0259783606324957
38578,TV,ec_alpha_noisy,2.0,5.075270652770996,4.5420708656311035,4.856994152069092,5.083551406860352,5.302018642425537,5.600094795227051,4.74903025763519,6.869621321348651
38578,Display,ec_alpha_noisy,2.0,1.6299715042114258,1.408906102180481,1.5362645387649536,1.626664161682129,1.7175498008728027,1.8567148447036743,1.6648682264644186,-2.096065123850721
38578,TV,ec_alpha_noisy,3.0,4.2701921463012695,3.6478359699249263,4.008754253387451,4.279994487762451,4.536346435546875,4.892892837524414,3.9452003802981728,8.237649160383942
38578,Display,ec_alpha_noisy,3.0,0.9928234219551086,0.8330768346786499,0.922222375869751,0.9868921637535096,1.0579873323440552,1.1634358167648315,1.019303804595498,-2.5978891201036913
38578,TV,ec_alpha_noisy,5.0,3.1847338676452637,2.51749038696289,2.8850932121276855,3.179046154022217,3.483209133148194,3.8752212524414062,2.878396138100906,10.642653576740525
38578,Display,ec_alpha_noisy,5.0,0.4915311336517334,0.3993788659572601,0.4494192898273468,0.4874433279037475,0.5292719006538391,0.5952498912811279,0.5075478642366463,-3.155708399837742
38578,TV,ec_alpha_noisy,10.0,1.8312883377075195,1.2773061990737915,1.55752432346344,1.8051612377166748,2.0781126022338867,2.4646120071411133,1.590455121436667,15.142408800149386
38578,Display,ec_alpha_noisy,10.0,0.1689563244581222,0.1316464841365814,0.151536077260971,0.1669465005397796,0.1840668320655822,0.2127169668674469,0.1759309386081607,-3.964404558525436
41172,TV,default,1.0,5.285313129425049,4.820860862731934,5.079572677612305,5.286612510681152,5.490836143493652,5.771240711212158,5.860773378465708,-9.818844918233449
41172,Display,default,1.0,3.0887372493743896,2.7910959720611572,2.968679428100586,3.082828998565674,3.210686683654785,3.401484251022339,3.333666948281961,-7.347155630942625
41172,TV,default,2.0,3.466163158416748,3.0741796493530273,3.2939937114715576,3.470059394836426,3.628880739212036,3.877328872680664,4.735688374737474,-26.807617306345723
41172,Display,default,2.0,1.4622371196746826,1.2546814680099487,1.3706830739974976,1.4559078216552734,1.5486407279968262,1.6826050281524658,1.6792819353194706,-12.92485860055994
41172,TV,default,3.0,2.485651969909668,2.136056661605835,2.3373770713806152,2.481719493865967,2.634988784790039,2.850736141204834,3.930829585313996,-36.76520653054174
41172,Display,default,3.0,0.8713282346725464,0.7278077006340027,0.8034566640853882,0.8647820949554443,0.9326090812683104,1.032880783081055,1.0309595912663103,-15.483764635012653
41172,TV,default,5.0,1.487261176109314,1.2195703983306885,1.371510028839111,1.480969786643982,1.6004728078842163,1.7647415399551392,2.8653955530517963,-48.09578124300141
41172,Display,default,5.0,0.4229606986045837,0.340126484632492,0.3843089640140533,0.4178715348243713,0.4580644965171814,0.5197243094444275,0.5151319167891044,-17.892740709804578
41172,TV,default,10.0,0.6305738687515259,0.4850804507732391,0.5661467909812927,0.626901388168335,0.6906218528747559,0.7855194807052612,1.582516258320173,-60.153719405014236
41172,Display,default,10.0,0.1437682956457138,0.1112117990851402,0.1283002495765686,0.1416053175926208,0.1574083417654037,0.1826984286308288,0.179328595989563,-19.82968758976891
41172,TV,ec_alpha_noisy,1.0,5.5739946365356445,5.089730262756348,5.371457099914551,5.573482036590576,5.766172885894775,6.069877624511719,5.860773378465708,-4.893189403701859
41172,Display,ec_alpha_noisy,1.0,3.144004821777344,2.850089311599731,3.0240132808685303,3.1445236206054688,3.258613109588623,3.4355099201202393,3.333666948281961,-5.689294385042309
41172,TV,ec_alpha_noisy,2.0,4.7499494552612305,4.243838310241699,4.546112060546875,4.749468803405762,4.953769207000732,5.246260643005371,4.735688374737474,0.3011406029128194
41172,Display,ec_alpha_noisy,2.0,1.4774953126907349,1.2912029027938845,1.3958841562271118,1.474043846130371,1.556098461151123,1.6782554388046265,1.6792819353194706,-12.016244466439009
41172,TV,ec_alpha_noisy,3.0,4.117480278015137,3.5517728328704834,3.900182723999023,4.12543249130249,4.342560768127441,4.6633477210998535,3.930829585313996,4.748379156361482
41172,Display,ec_alpha_noisy,3.0,0.8765454888343811,0.7479283213615417,0.8173991441726685,0.8718674182891846,0.9304284453392028,1.020140528678894,1.0309595912663103,-14.977706569688632
41172,TV,ec_alpha_noisy,5.0,3.2117974758148193,2.596012830734253,2.9732954502105713,3.214542865753174,3.445784091949463,3.8194704055786137,2.8653955530517963,12.089148473553223
41172,Display,ec_alpha_noisy,5.0,0.4231445789337158,0.3503977656364441,0.3898926675319671,0.419224202632904,0.453334242105484,0.5052598118782043,0.5151319167891044,-17.85704493496727
41172,TV,ec_alpha_noisy,10.0,1.979331135749817,1.4409035444259644,1.74895977973938,1.9690743684768677,2.1972384452819824,2.5601024627685547,1.582516258320173,25.074932111652327
41172,Display,ec_alpha_noisy,10.0,0.1427044421434402,0.1148212775588035,0.1292462944984436,0.1409652233123779,0.1544373482465744,0.1752085387706756,0.179328595989563,-20.422930121113726
42,TV,default,1.0,5.907347679138184,5.398914813995361,5.694887161254883,5.901890754699707,6.115700721740723,6.421126842498779,5.870535179062455,0.6270723018068747
42,Display,default,1.0,3.228469133377075,2.891860008239746,3.0902328491210938,3.227348804473877,3.3638696670532227,3.563253164291382,3.3046527395589407,-2.3053437739432026
42,TV,default,2.0,3.969774007797241,3.5333778858184814,3.791925430297851,3.9662632942199703,4.1486334800720215,4.413702964782715,4.753827972606016,-16.493107645604642
42,Display,default,2.0,1.8273526430130005,1.5500508546829224,1.705395221710205,1.8220590353012085,1.9445446729660032,2.1191258430480957,1.6542092252483476,10.466839086733959
42,TV,default,3.0,2.8895955085754395,2.4937219619750977,2.728483200073242,2.8856639862060547,3.0516343116760254,3.291098356246948,3.951643566914736,-26.87610965805034
42,Display,default,3.0,1.1993393898010254,0.9724501967430116,1.0979881286621094,1.1899325847625732,1.295078992843628,1.4434080123901367,1.0121716031521877,18.491704970377
42,TV,default,5.0,1.7595068216323853,1.4527508020401,1.6325323581695557,1.7531112432479858,1.8807991743087769,2.0747900009155273,2.8862898713600096,-39.03915060328601
42,Display,default,5.0,0.6469486355781555,0.4972992241382599,0.5780923366546631,0.6384099721908569,0.7099989652633667,0.8136612176895142,0.5038521234643334,28.40049797347963
42,TV,default,10.0,0.7601077556610107,0.5915827751159668,0.6897795796394348,0.7562742829322815,0.8263291120529175,0.9418532848358154,1.598081317174851,-52.436227900795544
42,Display,default,10.0,0.2455661296844482,0.1789976060390472,0.2138645052909851,0.241547405719757,0.2742059230804443,0.3236524760723114,0.1745841524732209,40.65774367585573
42,TV,ec_alpha_noisy,1.0,6.264875888824463,5.746471881866455,6.04049015045166,6.260348320007324,6.478691101074219,6.799503803253174,5.870535179062455,6.717287227379942
42,Display,ec_alpha_noisy,1.0,3.2385058403015137,2.9153378009796143,3.1055448055267334,3.233863353729248,3.367570400238037,3.5676333904266357,3.3046527395589407,-2.0016293532329033
42,TV,ec_alpha_noisy,2.0,5.299844741821289,4.7340168952941895,5.063446044921875,5.302908897399902,5.529738426208496,5.868326663970947,4.753827972606016,11.485833571633218
42,Display,ec_alpha_noisy,2.0,1.730907917022705,1.4916552305221558,1.623029351234436,1.726204514503479,1.8307592868804932,1.9912059307098389,1.6542092252483476,4.636577441577416
42,TV,ec_alpha_noisy,3.0,4.56560754776001,3.943166971206665,4.303916931152344,4.571931838989258,4.821695327758789,5.208468437194824,3.951643566914736,15.536927115231425
42,Display,ec_alpha_noisy,3.0,1.099207043647766,0.9151495695114136,1.0150108337402344,1.0944170951843262,1.175345540046692,1.3084006309509275,1.0121716031521877,8.598881871860996
42,TV,ec_alpha_noisy,5.0,3.524984359741211,2.835477590560913,3.231117248535156,3.5252461433410645,3.805189847946167,4.240060806274414,2.8862898713600096,22.12856354861721
42,Display,ec_alpha_noisy,5.0,0.5708557367324829,0.4546340703964233,0.5168008208274841,0.5652323961257935,0.6180356740951538,0.7048566341400146,0.5038521234643334,13.298269501665128
42,TV,ec_alpha_noisy,10.0,2.132917881011963,1.5382428169250488,1.8580610752105713,2.1107587814331055,2.3774211406707764,2.790036678314209,1.598081317174851,33.467418590601916
42,Display,ec_alpha_noisy,10.0,0.2075330764055252,0.1578646004199981,0.1837944537401199,0.2040626406669616,0.2273542732000351,0.2683628797531128,0.1745841524732209,18.872803439222974
42975,TV,default,1.0,5.57964563369751,5.090895175933838,5.377269744873047,5.579836845397949,5.780651569366455,6.072414875030518,5.867615629178714,-4.907785609697668
42975,Display,default,1.0,3.618891716003418,3.256613254547119,3.4745540618896484,3.617936134338379,3.755637645721435,3.971246480941773,3.2936555947071824,9.87462446950682
42975,TV,default,2.0,3.590639114379883,3.172091245651245,3.4166367053985596,3.5837550163269043,3.7635416984558105,4.01347017288208,4.747706735706517,-24.371084520123553
42975,Display,default,2.0,1.9054038524627688,1.622323989868164,1.7853577136993408,1.893401861190796,2.0276193618774414,2.209057569503784,1.6458987122491398,15.766774606622791
42975,TV,default,3.0,2.54481840133667,2.1733052730560303,2.390050888061523,2.5429158210754395,2.699227809906006,2.9226362705230713,3.9440502589811057,-35.47702908851647
42975,Display,default,3.0,1.1994818449020386,0.9820943474769592,1.1031419038772583,1.1880638599395752,1.2941995859146118,1.441797137260437,1.0062806668787212,19.19953193800179
42975,TV,default,5.0,1.501389503479004,1.2246017456054688,1.3846663236618042,1.5013086795806885,1.6155378818511963,1.790111780166626,2.877764167237431,-47.827917222268646
42975,Display,default,5.0,0.6161118149757385,0.4820849299430847,0.5552123188972473,0.606511652469635,0.6741074919700623,0.7716600298881531,0.50051281556483,23.096111790954808
42975,TV,default,10.0,0.6267098188400269,0.4809050559997558,0.561631977558136,0.6231073141098022,0.6889203786849976,0.783633828163147,1.5906883852761662,-60.60134564123185
42975,Display,default,10.0,0.2204360365867614,0.1642936468124389,0.193321093916893,0.2156666368246078,0.2442853450775146,0.2908878922462463,0.1733281611289143,27.178431451084407
42975,TV,ec_alpha_noisy,1.0,5.854148864746094,5.365575313568115,5.652501106262207,5.856217384338379,6.044521808624268,6.355121612548828,5.867615629178714,-0.22950999662711968
42975,Display,ec_alpha_noisy,1.0,3.722520112991333,3.380756139755249,3.581333637237549,3.719167947769165,3.86368179321289,4.076452255249023,3.2936555947071824,13.020927839975883
42975,TV,ec_alpha_noisy,2.0,4.532271385192871,4.01419734954834,4.3127546310424805,4.529757499694824,4.749373912811279,5.075770378112793,4.747706735706517,-4.537671817288147
42975,Display,ec_alpha_noisy,2.0,2.014310121536255,1.7383766174316406,1.8935682773590088,2.005950689315796,2.130082607269287,2.313215970993042,1.6458987122491398,22.383601526954024
42975,TV,ec_alpha_noisy,3.0,3.6483170986175537,3.069455146789551,3.3988404273986816,3.6488595008850098,3.882236003875733,4.23944616317749,3.9440502589811057,-7.498209732244909
42975,Display,ec_alpha_noisy,3.0,1.286840558052063,1.0682352781295776,1.190208911895752,1.277712345123291,1.378226637840271,1.5266361236572266,1.0062806668787212,27.880878606520554
42975,TV,ec_alpha_noisy,5.0,2.5508854389190674,2.0004541873931885,2.3060381412506104,2.5426669120788574,2.774181842803955,3.156156301498413,2.877764167237431,-11.358774010733397
42975,Display,ec_alpha_noisy,5.0,0.6715648174285889,0.5336177349090576,0.6080871820449829,0.6641706824302673,0.7294764518737793,0.8295853137969971,0.50051281556483,34.175349070877694
42975,TV,ec_alpha_noisy,10.0,1.3336044549942017,0.93861722946167,1.1459753513336182,1.315009593963623,1.4989818334579468,1.8036879301071167,1.5906883852761662,-16.161803446960555
42975,Display,ec_alpha_noisy,10.0,0.2441273182630539,0.1843438297510147,0.2162591218948364,0.2401557564735412,0.2687966227531433,0.3169169723987579,0.1733281611289143,40.846886433810425
44329,TV,default,1.0,5.246194839477539,4.793266296386719,5.059758186340332,5.2486701011657715,5.428480625152588,5.681205749511719,5.874891780896793,-10.701421657903031
44329,Display,default,1.0,3.4582149982452393,3.130859375,3.324071168899536,3.4597854614257812,3.5936198234558105,3.791125059127808,3.3107140791294465,4.455259970821102
44329,TV,default,2.0,3.426180124282837,3.014775276184082,3.2636630535125732,3.426943302154541,3.589399576187134,3.8306972980499263,4.761372733716325,-28.042177836208793
44329,Display,default,2.0,1.8442578315734863,1.5846995115280151,1.7367863655090332,1.842302918434143,1.947150468826294,2.1261823177337646,1.657175959479749,11.28919780808728
44329,TV,default,3.0,2.450086832046509,2.095944404602051,2.299032926559448,2.448192596435547,2.5993101596832275,2.825308322906494,3.9598656781908255,-38.127021693172715
44329,Display,default,3.0,1.1698614358901978,0.9705065488815308,1.0821738243103027,1.1651369333267212,1.2522850036621094,1.3976049423217771,1.0136825139959875,15.407084539570981
44329,TV,default,5.0,1.460757613182068,1.1924532651901243,1.3404651880264282,1.454681634902954,1.5720710754394531,1.7500953674316406,2.893318819848053,-49.51273246621394
44329,Display,default,5.0,0.6070794463157654,0.4817412793636322,0.5488861203193665,0.6007586121559143,0.6574023365974426,0.7531197667121887,0.5043351895595751,20.3722165105938
44329,TV,default,10.0,0.6167629361152649,0.4744234681129455,0.5498001575469971,0.6106528639793396,0.6769854426383972,0.7762206792831421,1.6016747656967767,-61.492623263815084
44329,Display,default,10.0,0.2209224849939346,0.1660101264715194,0.1950559914112091,0.2171768844127655,0.2427923381328582,0.2867371141910553,0.1747842121396626,26.39727712787061
44329,TV,ec_alpha_noisy,1.0,5.532702922821045,5.078517913818359,5.3493781089782715,5.5374932289123535,5.7168779373168945,5.985838413238525,5.874891780896793,-5.8245984919830125
44329,Display,ec_alpha_noisy,1.0,3.5332143306732178,3.210350513458252,3.395587682723999,3.529698133468628,3.670330286026001,3.858909130096435,3.3107140791294465,6.720612116473612
44329,TV,ec_alpha_noisy,2.0,4.532459259033203,4.024053573608398,4.327495574951172,4.539608001708984,4.735323905944824,5.0230488777160645,4.761372733716325,-4.807720115296476
44329,Display,ec_alpha_noisy,2.0,1.8687771558761597,1.6167879104614258,1.7596549987792969,1.862165689468384,1.9757972955703735,2.1255533695220947,1.657175959479749,12.768782650144184
44329,TV,ec_alpha_noisy,3.0,3.8077375888824463,3.2362587451934814,3.5762271881103516,3.808311462402344,4.033441543579102,4.371273517608643,3.9598656781908255,-3.8417487276458107
44329,Display,ec_alpha_noisy,3.0,1.1794012784957886,0.99159574508667,1.0928877592086792,1.1705045700073242,1.2573621273040771,1.3884333372116089,1.0136825139959875,16.34819208299543
44329,TV,ec_alpha_noisy,5.0,2.832073211669922,2.244772434234619,2.583833932876587,2.8227906227111816,3.065319061279297,3.452239751815796,2.893318819848053,-2.1167943110171117
44329,Display,ec_alpha_noisy,5.0,0.6081342697143555,0.4924981892108917,0.5537551641464233,0.6001467704772949,0.65726637840271,0.7445110082626343,0.5043351895595751,20.581367769602956
44329,TV,ec_alpha_noisy,10.0,1.6202709674835205,1.1514291763305664,1.402513861656189,1.5943307876586914,1.8174643516540527,2.1646664142608643,1.6016747656967767,1.1610473102917407
44329,Display,ec_alpha_noisy,10.0,0.2193726450204849,0.1704908162355423,0.1952344477176666,0.2156770825386047,0.2402006238698959,0.2797237634658813,0.1747842121396626,25.510560899627244
49024,TV,default,1.0,5.0374531745910645,4.603273868560791,4.865853786468506,5.041051387786865,5.210391044616699,5.4651384353637695,5.868223136517281,-14.157095642059513
49024,Display,default,1.0,3.251657247543335,2.911318778991699,3.1066699028015137,3.245911121368408,3.393988609313965,3.620445966720581,3.3072730234612044,-1.6816203416936237
49024,TV,default,2.0,3.232220411300659,2.8593478202819824,3.0715975761413574,3.233635425567627,3.3869829177856445,3.610714673995972,4.748777763885684,-31.935740689286398
49024,Display,default,2.0,1.4887605905532837,1.258049249649048,1.3872413635253906,1.4813637733459473,1.578533172607422,1.749485731124878,1.656448444464337,-10.123336737188959
49024,TV,default,3.0,2.2882080078125,1.9575988054275513,2.146791458129883,2.285874843597412,2.4259486198425293,2.637430191040039,3.945212799947192,-42.00039075602897
49024,Display,default,3.0,0.8703352212905884,0.7138080596923828,0.7996140122413635,0.8631820678710938,0.9317996501922609,1.0588560104370115,1.0138280837172635,-14.153569498740815
49024,TV,default,5.0,1.3496589660644531,1.0985764265060425,1.2434237003326416,1.3428906202316284,1.45428204536438,1.6188688278198242,2.878673922234986,-53.115253671503524
49024,Display,default,5.0,0.412321388721466,0.3271554112434387,0.3706870079040527,0.4067079424858093,0.4466509222984314,0.5176263451576233,0.5047981643581199,-18.319554658888947
49024,TV,default,10.0,0.5647401809692383,0.4340405166149139,0.508037805557251,0.5575292706489563,0.6214093565940857,0.7113112211227417,1.5911335361727368,-64.50705310833642
49024,Display,default,10.0,0.1351843923330307,0.1034673675894737,0.1188125014305114,0.1327703446149826,0.1485259681940078,0.17610864341259,0.1749853514401939,-22.745309124213332
49024,TV,ec_alpha_noisy,1.0,5.346250057220459,4.922135353088379,5.169854164123535,5.35297155380249,5.5059614181518555,5.76769495010376,5.868223136517281,-8.894908512402043
49024,Display,ec_alpha_noisy,1.0,3.4244868755340576,3.0940070152282715,3.28495717048645,3.4198126792907715,3.5574541091918945,3.7771880626678462,3.3072730234612044,3.5441238519275275
49024,TV,ec_alpha_noisy,2.0,4.494616985321045,4.0397796630859375,4.297676086425781,4.493884563446045,4.691330909729004,4.968681812286377,4.748777763885684,-5.352130404954392
49024,Display,ec_alpha_noisy,2.0,1.6295753717422483,1.400389552116394,1.5315754413604736,1.6234016418457031,1.7158699035644531,1.8764426708221436,1.656448444464337,-1.6223307650712226
49024,TV,ec_alpha_noisy,3.0,3.8552286624908447,3.3209376335144043,3.6302599906921382,3.853506565093994,4.07961368560791,4.408437728881836,3.945212799947192,-2.2808436963793643
49024,Display,ec_alpha_noisy,3.0,0.970810890197754,0.8108737468719482,0.8996601104736328,0.964272916316986,1.0333693027496338,1.149604082107544,1.0138280837172635,-4.243046154510166
49024,TV,ec_alpha_noisy,5.0,2.960642099380493,2.3754119873046875,2.7021830081939697,2.955514430999756,3.20764684677124,3.5767433643341064,2.878673922234986,2.847428342348257
49024,Display,ec_alpha_noisy,5.0,0.4687477350234985,0.3774898648262024,0.4281246364116668,0.4639670848846435,0.5052202939987183,0.576913058757782,0.5047981643581199,-7.141553175111404
49024,TV,ec_alpha_noisy,10.0,1.7832424640655518,1.2855591773986816,1.5483752489089966,1.760735034942627,2.0022683143615723,2.3705806732177734,1.5911335361727368,12.073714966432547
49024,Display,ec_alpha_noisy,10.0,0.1564448177814483,0.1214456260204315,0.1402770727872848,0.154256671667099,0.1706935316324234,0.1995590329170227,0.1749853514401939,-10.595477567779344
52463,TV,default,1.0,5.487954139709473,5.040631294250488,5.30344820022583,5.486454963684082,5.664459228515625,5.926905155181885,5.868694468081935,-6.487649518017924
52463,Display,default,1.0,3.388880968093872,3.0936408042907715,3.2648510932922363,3.390942096710205,3.507484197616577,3.683375120162964,3.3140739383354716,2.257252890259087
52463,TV,default,2.0,3.5544016361236572,3.1754136085510254,3.3840322494506836,3.5574800968170166,3.716545820236206,3.936082363128662,4.74960904310464,-25.164332393129374
52463,Display,default,2.0,1.8250973224639893,1.5803797245025637,1.722742795944214,1.8203670978546145,1.924579381942749,2.082087278366089,1.6614412597772923,9.850246689349351
52463,TV,default,3.0,2.5278117656707764,2.192436933517456,2.3716039657592773,2.526528835296631,2.6795144081115723,2.872364044189453,3.9460533245949265,-35.940760102874094
52463,Display,default,3.0,1.1635563373565674,0.9716266989707948,1.08001446723938,1.1573073863983154,1.2422915697097778,1.3751051425933838,1.0171292540655292,14.396113640991048
52463,TV,default,5.0,1.4961837530136108,1.2328826189041138,1.374813675880432,1.4869449138641355,1.611395239830017,1.7667865753173828,2.879338102916227,-48.03723288007551
52463,Display,default,5.0,0.6066402792930603,0.4864040613174438,0.5512303113937378,0.6002539396286011,0.6569758653640747,0.7464678287506104,0.5064410447496908,19.784975088836475
52463,TV,default,10.0,0.6254914402961731,0.4837688505649566,0.560929000377655,0.6190932989120483,0.6874216794967651,0.7749512791633606,1.5910495435284866,-60.686865921911235
52463,Display,default,10.0,0.2212213724851608,0.1691069900989532,0.1952781677246093,0.2183729708194732,0.2431597411632537,0.2857789695262909,0.1754193239316653,26.110035956664458
52463,TV,ec_alpha_noisy,1.0,5.811136722564697,5.373272895812988,5.623271942138672,5.808979511260986,6.001826286315918,6.251837730407715,5.868694468081935,-0.98075893761852
52463,Display,ec_alpha_noisy,1.0,3.472090721130371,3.187145233154297,3.352027654647827,3.470885753631592,3.590388774871826,3.778675079345703,3.3140739383354716,4.768052425356117
52463,TV,ec_alpha_noisy,2.0,5.061459064483643,4.576115131378174,4.863668441772461,5.063327789306641,5.262423992156982,5.5471510887146,4.74960904310464,6.5658040177378085
52463,Display,ec_alpha_noisy,2.0,1.8581005334854128,1.6312284469604492,1.7612764835357666,1.8534654378890991,1.9505081176757812,2.106121063232422,1.6614412597772923,11.836667264088629
52463,TV,ec_alpha_noisy,3.0,4.467047691345215,3.9093971252441406,4.235024929046631,4.465161323547363,4.705073356628418,5.023446083068848,3.9460533245949265,13.202922613920066
52463,Display,ec_alpha_noisy,3.0,1.1797289848327637,1.0039424896240234,1.1004939079284668,1.1757776737213137,1.251724123954773,1.3787921667099,1.0171292540655292,15.986142382328804
52463,TV,ec_alpha_noisy,5.0,3.584321975708008,2.9305999279022217,3.310609817504883,3.5752553939819336,3.8615589141845703,4.2446370124816895,2.879338102916227,24.484233792404076
52463,Display,ec_alpha_noisy,5.0,0.6117597222328186,0.5010916590690613,0.558983564376831,0.6076053380966187,0.6565528512001038,0.7397381663322449,0.5064410447496908,20.795841603869558
52463,TV,ec_alpha_noisy,10.0,2.313426733016968,1.6812256574630735,2.0165328979492188,2.291746139526367,2.5865273475646973,3.005958795547486,1.5910495435284866,45.40255785413561
52463,Display,ec_alpha_noisy,10.0,0.2213621437549591,0.1740385293960571,0.1981375217437744,0.218669056892395,0.2414360791444778,0.2787185609340668,0.1754193239316653,26.190284396028616
54351,TV,default,1.0,5.291244029998779,4.889505863189697,5.132309436798096,5.295377254486084,5.463676452636719,5.690735816955566,5.865722283419049,-9.793819510415247
54351,Display,default,1.0,3.200115442276001,2.9124460220336914,3.0851058959960938,3.199171543121338,3.3143534660339355,3.484170436859131,3.314046817033455,-3.4378323858272664
54351,TV,default,2.0,3.38482666015625,3.0070297718048096,3.2324023246765137,3.3849539756774902,3.538546323776245,3.766711473464966,4.745125143428469,-28.667283625935525
54351,Display,default,2.0,1.5160459280014038,1.3211915493011477,1.4307539463043213,1.5092841386795044,1.5928707122802734,1.7260221242904663,1.6629737855271154,-8.835247963884152
54351,TV,default,3.0,2.390096664428711,2.059431791305542,2.2506885528564453,2.3842172622680664,2.530397891998291,2.7436134815216064,3.9416734229001302,-39.36340208849239
54351,Display,default,3.0,0.9030460119247437,0.7657749056816101,0.841542661190033,0.8965634107589722,0.9586410522460938,1.055553913116455,1.0189312252027014,-11.373212481039053
54351,TV,default,5.0,1.403401017189026,1.156827449798584,1.2930690050125122,1.3959271907806396,1.511902093887329,1.675153374671936,2.8765845397017995,-51.21294028318357
54351,Display,default,5.0,0.4377098381519317,0.3602409958839416,0.4019195139408111,0.433198869228363,0.4683062732219696,0.5269317030906677,0.5079742900423582,-13.83228507186207
54351,TV,default,10.0,0.5818992257118225,0.4520307779312134,0.5235686302185059,0.5747705698013306,0.6400356292724609,0.7302082777023315,1.5911367473651894,-63.428710531925894
54351,Display,default,10.0,0.1481190472841262,0.1183454021811485,0.1343477964401245,0.1461152732372284,0.1599394679069519,0.1836858987808227,0.1762922223430501,-15.980951788162967
54351,TV,ec_alpha_noisy,1.0,5.508944988250732,5.100893497467041,5.344930171966553,5.5078630447387695,5.668700218200684,5.934355735778809,5.865722283419049,-6.0824102800918105
54351,Display,ec_alpha_noisy,1.0,3.2861931324005127,3.008326768875122,3.1711151599884033,3.2846784591674805,3.400322437286377,3.566586971282959,3.314046817033455,-0.8404734806334191
54351,TV,ec_alpha_noisy,2.0,4.149183750152588,3.66108512878418,3.944445133209229,4.148306846618652,4.346721172332764,4.642462730407715,4.745125143428469,-12.559023740421281
54351,Display,ec_alpha_noisy,2.0,1.559963345527649,1.3729197978973389,1.482645034790039,1.5576567649841309,1.631894588470459,1.7556589841842651,1.6629737855271154,-6.194351402046605
54351,TV,ec_alpha_noisy,3.0,3.274364233016968,2.757948637008667,3.046581029891968,3.271375894546509,3.493476390838623,3.8171699047088623,3.9416734229001302,-16.92959102106896
54351,Display,ec_alpha_noisy,3.0,0.9295073747634888,0.8017829656600952,0.8746221661567688,0.9262920618057252,0.9800461530685424,1.0723093748092651,1.0189312252027014,-8.776240066784002
54351,TV,ec_alpha_noisy,5.0,2.227238655090332,1.7497042417526243,2.0047388076782227,2.2096762657165527,2.4319047927856445,2.7505552768707275,2.8765845397017995,-22.57350255656946
54351,Display,ec_alpha_noisy,5.0,0.4502129554748535,0.3779229521751404,0.417898952960968,0.4476262629032135,0.4775304794311523,0.5317303538322449,0.5079742900423582,-11.37091693414014
54351,TV,ec_alpha_noisy,10.0,1.1203855276107788,0.7933679223060608,0.9569796323776244,1.0967172384262085,1.2595309019088743,1.520793914794922,1.5911367473651894,-29.58584298514515
54351,Display,ec_alpha_noisy,10.0,0.1518534570932388,0.1240552216768264,0.1391810327768325,0.1508158147335052,0.1625470966100692,0.1843312829732895,0.1762922223430501,-13.862645172318189
55463,TV,default,1.0,5.092067241668701,4.5966691970825195,4.878028869628906,5.091134071350098,5.301712989807129,5.590264320373535,5.860863723841296,-13.117460469951258
55463,Display,default,1.0,3.276203155517578,2.9662086963653564,3.143068790435791,3.2789816856384277,3.401535749435425,3.600252866744995,3.3122760481507223,-1.0890666148820505
55463,TV,default,2.0,3.2282040119171143,2.8086628913879395,3.054736614227295,3.227734327316284,3.396810531616211,3.65153694152832,4.734663511817608,-31.81766763657875
55463,Display,default,2.0,1.6624655723571775,1.417901635169983,1.5570322275161743,1.657907009124756,1.7576578855514526,1.9101214408874512,1.6586339884172074,0.23100840611776086
55463,TV,default,3.0,2.2680373191833496,1.9017021656036377,2.1186184883117676,2.264244079589844,2.4170634746551514,2.6329421997070312,3.928899275525554,-42.27295840054431
55463,Display,default,3.0,1.025949239730835,0.8443233370780945,0.942956805229187,1.0192372798919678,1.097555160522461,1.223611831665039,1.0147919584870606,1.0994648854341094
55463,TV,default,5.0,1.3250609636306765,1.060189127922058,1.2146527767181396,1.3166052103042605,1.4365777969360352,1.5985502004623413,2.8624173177680947,-53.708323541590964
55463,Display,default,5.0,0.5159493684768677,0.4082343876361847,0.4643551111221313,0.5107938051223755,0.5600165724754333,0.6386578679084778,0.5049379652367417,2.1807437741313773
55463,TV,default,10.0,0.5477703809738159,0.4122657477855682,0.4898362755775451,0.5413426756858826,0.6043853759765625,0.694242000579834,1.579329848076495,-65.31627755652443
55463,Display,default,10.0,0.180902674794197,0.1366170644760131,0.1587554961442947,0.1778676658868789,0.1989693343639373,0.2340901494026184,0.1748751437811666,3.446762577403839
55463,TV,ec_alpha_noisy,1.0,5.356441497802734,4.871129989624023,5.147271633148193,5.349211692810059,5.5557050704956055,5.854114532470703,5.860863723841296,-8.606619259660187
55463,Display,ec_alpha_noisy,1.0,3.3273816108703613,3.0240659713745117,3.2037198543548584,3.329990863800049,3.4431300163269043,3.62038254737854,3.3122760481507223,0.456047820291805
55463,TV,ec_alpha_noisy,2.0,4.341383457183838,3.813344717025757,4.123513698577881,4.342349529266357,4.559493541717529,4.869667053222656,4.734663511817608,-8.30639925418465
55463,Display,ec_alpha_noisy,2.0,1.6896989345550537,1.4706478118896484,1.5955898761749268,1.6828101873397827,1.779475212097168,1.9288846254348757,1.6586339884172074,1.872923523500858
55463,TV,ec_alpha_noisy,3.0,3.6187491416931152,3.0454633235931396,3.376530647277832,3.6160621643066406,3.8593883514404297,4.183028697967529,3.928899275525554,-7.894071903661903
55463,Display,ec_alpha_noisy,3.0,1.042588472366333,0.8789735436439514,0.96987783908844,1.0369830131530762,1.1105293035507202,1.2273094654083252,1.0147919584870606,2.739134228134188
55463,TV,ec_alpha_noisy,5.0,2.6627070903778076,2.090714931488037,2.4058525562286377,2.647806167602539,2.917055368423462,3.249887228012085,2.8624173177680947,-6.976978030094038
55463,Display,ec_alpha_noisy,5.0,0.5238936543464661,0.4259383380413055,0.4788593053817749,0.5193511843681335,0.5644569396972656,0.640322744846344,0.5049379652367417,3.75406295718661
55463,TV,ec_alpha_noisy,10.0,1.5024917125701904,1.0602614879608154,1.290027141571045,1.4809017181396484,1.6993274688720703,2.0091354846954346,1.579329848076495,-4.8652367078281795
55463,Display,ec_alpha_noisy,10.0,0.1833034604787826,0.1425177305936813,0.1642487794160843,0.18068727850914,0.1998329758644104,0.2319839298725128,0.1748751437811666,4.819619595660174
555,TV,default,1.0,4.932469367980957,4.423436164855957,4.710506439208984,4.92622709274292,5.14581298828125,5.480375289916992,5.872390506997097,-16.005766951230527
555,Display,default,1.0,3.00154972076416,2.7053422927856445,2.877868890762329,2.994184732437134,3.118660688400269,3.315866708755493,3.3073036995613645,-9.244811077910853
555,TV,default,2.0,3.1684062480926514,2.7445826530456543,2.9863905906677246,3.160362720489502,3.3449020385742188,3.613162040710449,4.75758526298426,-33.40305905300317
555,Display,default,2.0,1.4498076438903809,1.2406237125396729,1.3612489700317385,1.4406752586364746,1.5353251695632937,1.6723090410232544,1.6535921188126272,-12.323744931039894
555,TV,default,3.0,2.2451226711273193,1.878049373626709,2.092538833618164,2.236497163772583,2.3994288444519043,2.6302664279937744,3.956225830363134,-43.250897006522905
555,Display,default,3.0,0.8724740147590637,0.722899854183197,0.8062700033187866,0.8662935495376587,0.9343584775924684,1.0348273515701294,1.0106214318912912,-13.669551502949673
555,TV,default,5.0,1.3259955644607544,1.0614283084869385,1.2151178121566772,1.3176017999649048,1.4361830949783323,1.6082963943481443,2.890759968984129,-54.129862780452996
555,Display,default,5.0,0.4278052747249603,0.3435455560684204,0.3885016441345215,0.424230694770813,0.4629130661487579,0.5253947973251343,0.5022498356730681,-14.822217084121924
555,TV,default,10.0,0.5558478832244873,0.4184374511241913,0.496322751045227,0.5500401258468628,0.6121535897254944,0.707335889339447,1.600947662951077,-65.28007154213427
555,Display,default,10.0,0.1468376517295837,0.1139516904950141,0.1308304220438003,0.1447693109512329,0.1604224592447281,0.1866784542798996,0.1736817267594563,-15.455900589387161
555,TV,ec_alpha_noisy,1.0,5.400174140930176,4.9001851081848145,5.177124500274658,5.394495487213135,5.607248783111572,5.929098129272461,5.872390506997097,-8.041297074918019
555,Display,ec_alpha_noisy,1.0,3.0679116249084473,2.781994342803955,2.9475085735321045,3.065971851348877,3.181501865386963,3.3628170490264893,3.3073036995613645,-7.238285213561335
555,TV,ec_alpha_noisy,2.0,4.632321834564209,4.095834255218506,4.413358688354492,4.626979827880859,4.860057830810547,5.166820049285889,4.75758526298426,-2.6329203050683314
555,Display,ec_alpha_noisy,2.0,1.4906089305877686,1.301913142204285,1.404991865158081,1.4854507446289062,1.5695921182632446,1.6960763931274414,1.6535921188126272,-9.856311382391558
555,TV,ec_alpha_noisy,3.0,4.0381293296813965,3.451840877532959,3.7991867065429688,4.036805152893066,4.280174732208252,4.611100673675537,3.956225830363134,2.070243278067485
555,Display,ec_alpha_noisy,3.0,0.8992556929588318,0.7664703726768494,0.8369123339653015,0.8939630389213562,0.95423024892807,1.050601840019226,1.0106214318912912,-11.019530698458269
555,TV,ec_alpha_noisy,5.0,3.178931951522827,2.553434133529663,2.922997236251831,3.176511764526367,3.438075065612793,3.801215410232544,2.890759968984129,9.968727449895031
555,Display,ec_alpha_noisy,5.0,0.4417926371097564,0.3660985231399536,0.4056077301502228,0.4381933212280273,0.4730743765830993,0.5315471291542053,0.5022498356730681,-12.037275927087688
555,TV,ec_alpha_noisy,10.0,1.990777611732483,1.4439318180084229,1.745325803756714,1.9816546440124512,2.2226734161376953,2.596463680267334,1.600947662951077,24.349949583162523
555,Display,ec_alpha_noisy,10.0,0.1516981571912765,0.121101513504982,0.1374242901802063,0.1497878134250641,0.1640026718378067,0.1869642734527588,0.1736817267594563,-12.657387727740854
57719,TV,default,1.0,5.99116849899292,5.425719261169434,5.7563934326171875,5.993018627166748,6.233843803405762,6.566642761230469,5.865427954849223,2.1437573713567026
57719,Display,default,1.0,3.237258195877075,2.930670738220215,3.1061387062072754,3.238808870315552,3.3654708862304688,3.5439248085021973,3.3081012063502695,-2.141500699470844
57719,TV,default,2.0,3.706725835800171,3.210848331451416,3.503617525100708,3.70972204208374,3.894745111465454,4.206218719482422,4.743737102161587,-21.86063949220287
57719,Display,default,2.0,1.672528862953186,1.4303693771362305,1.5637288093566897,1.6668657064437866,1.7711104154586792,1.9314547777175903,1.654940427853381,1.062783578416715
57719,TV,default,3.0,2.5608201026916504,2.1420626640319824,2.385265350341797,2.556260585784912,2.7266275882720947,2.9927475452423096,3.9392057634040953,-34.99146131227484
57719,Display,default,3.0,1.041797399520874,0.8590123057365417,0.955854058265686,1.0366404056549072,1.1189104318618774,1.2482093572616575,1.0120272674024984,2.9416334003316447
57719,TV,default,5.0,1.4614406824111938,1.1582356691360474,1.3286644220352173,1.4528924226760864,1.5851891040802002,1.785922884941101,2.872422404415512,-49.12166538721273
57719,Display,default,5.0,0.5290178656578064,0.416641354560852,0.4749718010425567,0.5241695642471313,0.5746089220046997,0.661790132522583,0.5034094134762381,5.087003042857696
57719,TV,default,10.0,0.5835302472114563,0.4318647682666778,0.5137648582458496,0.5766391754150391,0.6465405821800232,0.754213809967041,1.5857883739557517,-63.20251448458794
57719,Display,default,10.0,0.1871852129697799,0.1403042525053024,0.1637599915266037,0.1842211484909057,0.2059564888477325,0.2449478656053543,0.1743344509638117,7.371326742891315
57719,TV,ec_alpha_noisy,1.0,6.324163913726807,5.7696685791015625,6.071419715881348,6.3305158615112305,6.562604904174805,6.9007568359375,5.865427954849223,7.8210142961235185
57719,Display,ec_alpha_noisy,1.0,3.3509154319763184,3.0291483402252197,3.2309765815734863,3.350217342376709,3.47343111038208,3.6665046215057377,3.3081012063502695,1.2942235728417906
57719,TV,ec_alpha_noisy,2.0,4.968565940856934,4.3411126136779785,4.697091579437256,4.966280937194824,5.224258899688721,5.6093268394470215,4.743737102161587,4.739487746757676
57719,Display,ec_alpha_noisy,2.0,1.769866943359375,1.5252765417099,1.664563775062561,1.7662774324417114,1.866644263267517,2.026125192642212,1.654940427853381,6.9444502999461255
57719,TV,ec_alpha_noisy,3.0,4.043895244598389,3.3597846031188965,3.753695487976074,4.030652046203613,4.325315475463867,4.753310203552246,3.9392057634040953,2.657629163900932
57719,Display,ec_alpha_noisy,3.0,1.1150583028793335,0.9248780012130736,1.030400037765503,1.1077288389205933,1.1908140182495115,1.3228497505187988,1.0120272674024984,10.180658050971081
57719,TV,ec_alpha_noisy,5.0,2.871887683868408,2.2160539627075195,2.5634069442749023,2.852046012878418,3.1539344787597656,3.594437599182129,2.872422404415512,-0.01861566551917271
57719,Display,ec_alpha_noisy,5.0,0.5728719234466553,0.4555165767669678,0.5191798210144043,0.5678312182426453,0.6203070282936096,0.7073262929916382,0.5034094134762381,13.798413003593124
57719,TV,ec_alpha_noisy,10.0,1.5334299802780151,1.04990816116333,1.287510633468628,1.5018784999847412,1.745096206665039,2.1208364963531494,1.5857883739557517,-3.3017264180798866
57719,Display,ec_alpha_noisy,10.0,0.2048450857400894,0.1557955890893936,0.1817511469125747,0.2021932005882263,0.2252160757780075,0.2629963457584381,0.1743344509638117,17.501207941172268
61225,TV,default,1.0,5.247500896453857,4.824981212615967,5.069754600524902,5.239415168762207,5.417543411254883,5.668965816497803,5.8753131055793295,-10.685595777513335
61225,Display,default,1.0,3.0749311447143555,2.767657995223999,2.944789409637451,3.068197250366211,3.2008306980133057,3.395111560821533,3.313075491936388,-7.188014514056384
61225,TV,default,2.0,3.2824137210845947,2.8858981132507324,3.1129183769226074,3.285170555114746,3.4385194778442383,3.6797807216644287,4.762306834976662,-31.07513155227679
61225,Display,default,2.0,1.5738009214401243,1.3434534072875977,1.4769368171691897,1.565429925918579,1.6696593761444092,1.8215078115463257,1.660987830299915,-5.249099798885815
61225,TV,default,3.0,2.286648988723755,1.9365843534469604,2.1343915462493896,2.287292003631592,2.4254839420318604,2.6462507247924805,3.961050690227656,-42.27165548865186
61225,Display,default,3.0,0.9766409993171692,0.8029212355613708,0.9024940729141236,0.9672631025314332,1.0473816394805908,1.1611920595169067,1.0170778377667722,-3.975786016377203
61225,TV,default,5.0,1.3218284845352173,1.065620183944702,1.2084743976593018,1.319267988204956,1.4222729206085205,1.597410798072815,2.8948710505761293,-54.33895115044414
61225,Display,default,5.0,0.4949446320533752,0.3901721537113189,0.4487618803977966,0.4889557361602783,0.5382260084152222,0.6100321412086487,0.5066703751860838,-2.314274468563937
61225,TV,default,10.0,0.539280116558075,0.408252865076065,0.4804716408252716,0.5354970693588257,0.5931722521781921,0.688936173915863,1.6034636299378071,-66.36779865228426
61225,Display,default,10.0,0.1757670938968658,0.1320639103651046,0.1558434814214706,0.1727547645568847,0.1934391558170318,0.2255340665578842,0.1756529419875372,0.06498718896303934
61225,TV,ec_alpha_noisy,1.0,5.517822265625,5.082723140716553,5.339282035827637,5.5180344581604,5.693668365478516,5.946571350097656,5.8753131055793295,-6.084626189791454
61225,Display,ec_alpha_noisy,1.0,3.121652841567993,2.804718494415283,2.991544246673584,3.11785888671875,3.2480499744415283,3.438693046569824,3.313075491936388,-5.777793196511627
61225,TV,ec_alpha_noisy,2.0,4.058894634246826,3.55562424659729,3.844252824783325,4.059606075286865,4.271315097808838,4.564187049865723,4.762306834976662,-14.77040907073941
61225,Display,ec_alpha_noisy,2.0,1.5713392496109009,1.3671094179153442,1.4848201274871826,1.562432050704956,1.658515691757202,1.7918013334274292,1.660987830299915,-5.397305088793269
61225,TV,ec_alpha_noisy,3.0,3.1501400470733643,2.6220827102661133,2.916689872741699,3.1365106105804443,3.3756320476531982,3.708532094955444,3.961050690227656,-20.472109714599128
61225,Display,ec_alpha_noisy,3.0,0.9658498167991638,0.8207134008407593,0.8998763561248779,0.9591879844665528,1.03047776222229,1.1301864385604858,1.0170778377667722,-5.036784704707675
61225,TV,ec_alpha_noisy,5.0,2.095029354095459,1.6102030277252195,1.8703203201293943,2.076507568359375,2.2949461936950684,2.630337715148926,2.8948710505761293,-27.62961397957564
61225,Display,ec_alpha_noisy,5.0,0.4840092360973358,0.3977700173854828,0.4438441395759582,0.4799035191535949,0.5208967924118042,0.582483172416687,0.5066703751860838,-4.472560504534195
61225,TV,ec_alpha_noisy,10.0,1.0231565237045288,0.7066301703453064,0.868471086025238,1.001477837562561,1.1537096500396729,1.4136394262313845,1.6034636299378071,-36.190849321339854
61225,Display,ec_alpha_noisy,10.0,0.1695232689380645,0.1345365047454834,0.1532614678144455,0.1677683889865875,0.1842759251594543,0.2104239165782928,0.1756529419875372,-3.489650090749752
61686,TV,default,1.0,4.895078182220459,4.449398040771484,4.703288555145264,4.8897905349731445,5.084512233734131,5.360274791717529,5.857713883722667,-16.433641529969
61686,Display,default,1.0,3.707462072372437,3.3747763633728027,3.572384834289551,3.70178747177124,3.847947835922241,4.02647590637207,3.319054348032173,11.702361082774871
61686,TV,default,2.0,3.164383888244629,2.795024871826172,2.999861717224121,3.1575934886932373,3.326014280319214,3.5657622814178467,4.7289501241638465,-33.08485382251432
61686,Display,default,2.0,1.8558989763259888,1.6154022216796875,1.7498247623443604,1.8495142459869385,1.9548892974853516,2.120894432067871,1.665601287689923,11.425164596263947
61686,TV,default,3.0,2.2512612342834473,1.920633316040039,2.108945608139038,2.246260643005371,2.3852016925811768,2.600056409835815,3.921858044218933,-42.59707493487815
61686,Display,default,3.0,1.1344598531723022,0.956359088420868,1.0524883270263672,1.1280882358551023,1.2075653076171875,1.340649962425232,1.0204510972052,11.172388003633692
61686,TV,default,5.0,1.336111307144165,1.0883221626281738,1.224462628364563,1.3308078050613403,1.4365912675857544,1.5962998867034912,2.854981800618162,-53.20070667859005
61686,Display,default,5.0,0.5627389550209045,0.458402156829834,0.5131180882453918,0.5566884875297546,0.6067122220993042,0.6903769373893738,0.5086558807390943,10.632546743237437
61686,TV,default,10.0,0.563117504119873,0.4327822029590606,0.5026247501373291,0.5571013689041138,0.6183017492294312,0.7059739232063293,1.5727943628306054,-64.19636810584612
61686,Display,default,10.0,0.192968487739563,0.1503105908632278,0.1720857322216034,0.1900961995124817,0.210354745388031,0.2477200776338577,0.1765625867500995,9.291833163207919
61686,TV,ec_alpha_noisy,1.0,5.2484846115112305,4.795219421386719,5.0563483238220215,5.242214202880859,5.433654308319092,5.699579238891602,5.857713883722667,-10.400461413869222
61686,Display,ec_alpha_noisy,1.0,3.7895758152008057,3.4769585132598877,3.661057949066162,3.793722629547119,3.913954019546509,4.090125560760498,3.319054348032173,14.176371274173306
61686,TV,ec_alpha_noisy,2.0,4.444103717803955,3.953594446182251,4.240146636962891,4.446414470672607,4.639924049377441,4.93487024307251,4.7289501241638465,-6.023459729557978
61686,Display,ec_alpha_noisy,2.0,1.934701681137085,1.7086925506591797,1.842458963394165,1.9288485050201416,2.0317442417144775,2.1741504669189453,1.665601287689923,16.156351188968276
61686,TV,ec_alpha_noisy,3.0,3.833975791931152,3.2912497520446777,3.609445571899414,3.8314342498779297,4.058193206787109,4.379457950592041,3.921858044218933,-2.240832057073683
61686,Display,ec_alpha_noisy,3.0,1.1946804523468018,1.0239285230636597,1.123260259628296,1.186880350112915,1.2670471668243408,1.3816938400268557,1.0204510972052,17.073758421033514
61686,TV,ec_alpha_noisy,5.0,2.970684766769409,2.3869998455047607,2.726381778717041,2.96787166595459,3.2137022018432617,3.573211908340454,2.854981800618162,4.0526691317680275
61686,Display,ec_alpha_noisy,5.0,0.5989288687705994,0.4950867295265198,0.5534524917602539,0.5938875675201416,0.6400564312934875,0.7148512005805969,0.5086558807390943,17.747359550888376
61686,TV,ec_alpha_noisy,10.0,1.8147400617599487,1.2956677675247192,1.581990122795105,1.7999732494354248,2.0338640213012695,2.386563301086426,1.5727943628306054,15.383174345431039
61686,Display,ec_alpha_noisy,10.0,0.2075329422950744,0.1654981523752212,0.1880010068416595,0.2051204890012741,0.2243127822875976,0.2570209503173828,0.1765625867500995,17.54072372580793
62256,TV,default,1.0,5.246126174926758,4.850587368011475,5.07676362991333,5.241491317749023,5.414236068725586,5.653649806976318,5.862932167985744,-10.520435430364106
62256,Display,default,1.0,3.020139694213867,2.7663004398345947,2.91737961769104,3.017832040786743,3.1277620792388916,3.2769720554351807,3.290748141589317,-8.223310801438465
62256,TV,default,2.0,3.209216356277466,2.8497297763824463,3.05044937133789,3.204005241394043,3.363025188446045,3.584129810333252,4.739521267192919,-32.28817478905013
62256,Display,default,2.0,1.48583984375,1.305732488632202,1.405508279800415,1.4821341037750244,1.564232587814331,1.6797635555267334,1.6447345228744403,-9.66081011340031
62256,TV,default,3.0,2.205703020095825,1.8892968893051147,2.0650124549865723,2.2000436782836914,2.33815336227417,2.544703483581543,3.9353827853527816,-43.95200821873549
62256,Display,default,3.0,0.9031506180763244,0.768657386302948,0.84409099817276,0.8977294564247131,0.958875298500061,1.047667145729065,1.005856605219711,-10.210798100883622
62256,TV,default,5.0,1.2544560432434082,1.025700330734253,1.147588133811951,1.2519664764404297,1.3504762649536133,1.5093079805374146,2.870273076194272,-56.294888676351796
62256,Display,default,5.0,0.4476435780525207,0.3679487109184265,0.4119598567485809,0.4429485499858856,0.4806673526763916,0.5368074178695679,0.5004919295804074,-10.559281459781522
62256,TV,default,10.0,0.5018708109855652,0.3863714337348938,0.4464433193206787,0.497826486825943,0.551274836063385,0.6377639770507812,1.5868343876321205,-68.37282989975668
62256,Display,default,10.0,0.1553027629852295,0.122829332947731,0.140233889222145,0.153235524892807,0.1689724326133728,0.1923162341117859,0.1733723047776322,-10.422392328220342
62256,TV,ec_alpha_noisy,1.0,5.602588176727295,5.1851630210876465,5.432206153869629,5.601064682006836,5.775817394256592,6.009141445159912,5.862932167985744,-4.440508329263048
62256,Display,ec_alpha_noisy,1.0,3.1048243045806885,2.8497848510742188,3.004002809524536,3.1033546924591064,3.207261800765991,3.3554975986480713,3.290748141589317,-5.649895677486693
62256,TV,ec_alpha_noisy,2.0,4.436957836151123,3.9036011695861816,4.232414245605469,4.43853235244751,4.642714023590088,4.931046485900879,4.739521267192919,-6.383839505819877
62256,Display,ec_alpha_noisy,2.0,1.538518309593201,1.3587459325790403,1.4644222259521484,1.536574363708496,1.611212968826294,1.7238088846206665,1.6447345228744403,-6.457954873812055
62256,TV,ec_alpha_noisy,3.0,3.635322570800781,3.0397934913635254,3.396221160888672,3.632255554199219,3.873921632766723,4.239074230194092,3.9353827853527816,-7.624676706642209
62256,Display,ec_alpha_noisy,3.0,0.9381981492042542,0.8090707659721375,0.8810298442840576,0.9343897700309752,0.9942311644554138,1.0779098272323608,1.005856605219711,-6.726451430984859
62256,TV,ec_alpha_noisy,5.0,2.6099257469177246,2.0240886211395264,2.3450965881347656,2.595627546310425,2.8566908836364746,3.2654526233673096,2.870273076194272,-9.07047247301448
62256,Display,ec_alpha_noisy,5.0,0.4662484228610992,0.388977974653244,0.432276576757431,0.4631103873252868,0.4992108643054962,0.5514554977416992,0.5004919295804074,-6.841969809186866
62256,TV,ec_alpha_noisy,10.0,1.4210026264190674,0.9750010371208192,1.2027689218521118,1.3975741863250732,1.6102087497711182,1.9855940341949463,1.5868343876321205,-10.45047690581673
62256,Display,ec_alpha_noisy,10.0,0.1618677377700805,0.1303535401821136,0.1475815773010254,0.160165399312973,0.1752378344535827,0.197313517332077,0.1733723047776322,-6.635758244263689
6928,TV,default,1.0,5.591781139373779,5.022159099578857,5.368052005767822,5.594425201416016,5.824565410614014,6.139011859893799,5.865073978517839,-4.659665677620717
6928,Display,default,1.0,2.9718356132507324,2.653764486312866,2.8394758701324463,2.96524429321289,3.107950210571289,3.300218105316162,3.3045216358858784,-10.067600073254157
6928,TV,default,2.0,3.439671277999878,2.9651505947113037,3.2407398223876953,3.4418208599090576,3.637878894805908,3.9297807216644287,4.74284264806476,-27.476588762577226
6928,Display,default,2.0,1.5014302730560305,1.2790042161941528,1.4003925323486328,1.4931654930114746,1.5970113277435305,1.747490167617798,1.6548259652766226,-9.269596648790213
6928,TV,default,3.0,2.3678014278411865,1.956417441368103,2.187154531478882,2.367981195449829,2.542031526565552,2.7992208003997803,3.93844735877861,-39.879825419947004
6928,Display,default,3.0,0.925973892211914,0.7621307373046875,0.8482108116149902,0.9192620515823364,0.9966646432876588,1.1144622564315796,1.012880194907511,-8.580116694209106
6928,TV,default,5.0,1.3453229665756226,1.0498660802841189,1.2101138830184937,1.3396530151367188,1.4724955558776855,1.6700230836868286,2.87226284361738,-53.161564946427454
6928,Display,default,5.0,0.4666740298271179,0.3690682053565979,0.4197101593017578,0.4620614051818847,0.5059242844581604,0.5835767388343811,0.5043314992784901,-7.466808935243174
6928,TV,default,10.0,0.5342526435852051,0.3900618255138397,0.4644997119903564,0.5284627079963684,0.5951557755470276,0.7012312412261963,1.586802910648817,-66.33150594822402
6928,Display,default,10.0,0.1653273552656173,0.1256729662418365,0.1456464827060699,0.1632272005081176,0.1819744706153869,0.2141867130994796,0.1748442076228131,-5.4430469768413925
6928,TV,ec_alpha_noisy,1.0,6.0653300285339355,5.508151054382324,5.812081813812256,6.053553104400635,6.31842565536499,6.647006988525391,5.865073978517839,3.4143823377092986
6928,Display,ec_alpha_noisy,1.0,3.1566503047943115,2.8361666202545166,3.0187127590179443,3.1546435356140137,3.285641670227051,3.4952828884124756,3.3045216358858784,-4.47481806400476
6928,TV,ec_alpha_noisy,2.0,4.950329303741455,4.306887149810791,4.678325653076172,4.9465227127075195,5.216358661651611,5.596670627593994,4.74284264806476,4.3747320135395285
6928,Display,ec_alpha_noisy,2.0,1.6833651065826416,1.440807580947876,1.579984188079834,1.6785740852355957,1.7796462774276731,1.946063995361328,1.6548259652766226,1.7246007679876163
6928,TV,ec_alpha_noisy,3.0,4.146908283233643,3.441547155380249,3.859130382537842,4.138801097869873,4.433126926422119,4.875147342681885,3.93844735877861,5.292972216332492
6928,Display,ec_alpha_noisy,3.0,1.0683516263961792,0.8851520419120789,0.9884430766105652,1.061082124710083,1.1435376405715942,1.271162986755371,1.012880194907511,5.476603429266724
6928,TV,ec_alpha_noisy,5.0,3.0707783699035645,2.3580539226531982,2.7646963596343994,3.0503668785095215,3.3694252967834473,3.831539869308472,2.87226284361738,6.91146796426787
6928,Display,ec_alpha_noisy,5.0,0.5550346970558167,0.4415328204631805,0.5050817131996155,0.5492367744445801,0.602105975151062,0.68259197473526,0.5043314992784901,10.053545703542976
6928,TV,ec_alpha_noisy,10.0,1.743217945098877,1.1759306192398071,1.481052279472351,1.7123448848724363,1.9858007431030271,2.403754711151123,1.586802910648817,9.857243984138165
6928,Display,ec_alpha_noisy,10.0,0.2024644166231155,0.1542594283819198,0.1806851327419281,0.1994556933641433,0.2220900356769561,0.2593847215175628,0.1748442076228131,15.797039762327604
7,TV,default,1.0,5.337937355041504,4.930667877197266,5.164642810821533,5.339676856994629,5.49991512298584,5.7396039962768555,5.872906102707943,-9.109097579812653
7,Display,default,1.0,2.901644468307495,2.637343168258667,2.790355920791626,2.897831916809082,3.010023355484009,3.1739070415496826,3.309897109914494,-12.334300071869764
7,TV,default,2.0,3.4567298889160156,3.087782382965088,3.294604778289795,3.457683563232422,3.6048920154571538,3.8547377586364746,4.757403177551883,-27.339984443050337
7,Display,default,2.0,1.4125436544418335,1.2263931035995483,1.3317970037460327,1.4066789150238037,1.487770438194275,1.6178704500198364,1.6607579300493809,-14.945843166930839
7,TV,default,3.0,2.4598746299743652,2.1223559379577637,2.3109965324401855,2.4588756561279297,2.598675012588501,2.828146457672119,3.954970555641275,-37.802959709379905
7,Display,default,3.0,0.8543948531150818,0.7190508842468262,0.7954069375991821,0.8491717576980591,0.9087325930595398,1.005347728729248,1.0177181257470544,-16.04798701134319
7,TV,default,5.0,1.4587209224700928,1.2034319639205933,1.3436598777770996,1.4556241035461426,1.567406415939331,1.7446374893188477,2.888211566346235,-49.493972689976296
7,Display,default,5.0,0.4216630756855011,0.3437283635139465,0.3862348794937134,0.4177062213420868,0.4528852999210357,0.5137083530426025,0.5074636072742088,-16.907721136807595
7,TV,default,10.0,0.612755537033081,0.4746150076389313,0.548514723777771,0.6077399849891663,0.6709474325180054,0.7704930901527405,1.597669651355073,-61.64691890383167
7,Display,default,10.0,0.1459748744964599,0.1148267984390258,0.1314369142055511,0.1443392634391784,0.15849369764328,0.1831683218479156,0.1761800368423205,-17.14448633751504
7,TV,ec_alpha_noisy,1.0,5.607560634613037,5.225095272064209,5.437990188598633,5.595623016357422,5.773276329040527,6.027904033660889,5.872906102707943,-4.518128903381536
7,Display,ec_alpha_noisy,1.0,2.976640224456787,2.720712661743164,2.8669137954711914,2.973844528198242,3.0801491737365723,3.246880292892456,3.309897109914494,-10.068496826063456
7,TV,ec_alpha_noisy,2.0,4.518581867218018,4.070892333984375,4.328385353088379,4.516986846923828,4.705672264099121,4.97860860824585,4.757403177551883,-5.019993080694929
7,Display,ec_alpha_noisy,2.0,1.4692596197128296,1.294440984725952,1.389695167541504,1.4650211334228516,1.5448507070541382,1.6586010456085205,1.6607579300493809,-11.530778018374853
7,TV,ec_alpha_noisy,3.0,3.7485392093658447,3.237128734588623,3.524172782897949,3.7418506145477295,3.968711853027344,4.277747631072998,3.954970555641275,-5.219541925058879
7,Display,ec_alpha_noisy,3.0,0.8947104215621948,0.7674925327301025,0.8364356756210327,0.888739824295044,0.949781596660614,1.033039927482605,1.0177181257470544,-12.086618197407661
7,TV,ec_alpha_noisy,5.0,2.7374048233032227,2.2009952068328857,2.4973223209381104,2.720456600189209,2.967296600341797,3.335986614227295,2.888211566346235,-5.221457624511627
7,Display,ec_alpha_noisy,5.0,0.4444598853588104,0.3712043762207031,0.4100403189659118,0.4394195079803467,0.4763676524162292,0.529706597328186,0.5074636072742088,-12.415416792903978
7,TV,ec_alpha_noisy,10.0,1.52482807636261,1.097874402999878,1.31643545627594,1.4992294311523438,1.7025578022003174,2.037050485610962,1.597669651355073,-4.559238822035705
7,Display,ec_alpha_noisy,10.0,0.1546745002269745,0.1256539672613144,0.1406739354133606,0.1527725458145141,0.1674459874629974,0.1901060044765472,0.1761800368423205,-12.206568349507885
71064,TV,default,1.0,5.347654342651367,4.840473175048828,5.118432998657227,5.340624809265137,5.562770843505859,5.872503757476807,5.865992409776724,-8.836323522366884
71064,Display,default,1.0,3.0093393325805664,2.7201571464538574,2.881603240966797,3.0053515434265137,3.1292665004730225,3.3192193508148193,3.334683103454741,-9.75636247225763
71064,TV,default,2.0,3.3054990768432617,2.8723959922790527,3.1183981895446777,3.298107147216797,3.4845657348632812,3.7721331119537354,4.744939231445999,-30.336324331894005
71064,Display,default,2.0,1.4637737274169922,1.260769009590149,1.3717061281204224,1.4571754932403564,1.5515049695968628,1.6836578845977783,1.679134961991055,-12.82572511733634
71064,TV,default,3.0,2.285224199295044,1.9071757793426511,2.121648073196411,2.2752509117126465,2.444641590118408,2.694650650024414,3.9409380011042225,-42.013190802424695
71064,Display,default,3.0,0.8846409916877747,0.7406153678894043,0.8173201084136963,0.8780426979064941,0.9477609395980836,1.051970362663269,1.030557349463738,-14.158975029569431
71064,TV,default,5.0,1.3078813552856443,1.032971978187561,1.1820456981658936,1.298469066619873,1.4217853546142578,1.6135423183441162,2.8749349598879546,-54.5074454367268
71064,Display,default,5.0,0.4361286461353302,0.3494557738304138,0.3950544893741607,0.4319347143173218,0.4713529050350189,0.535821259021759,0.5145935092844516,-15.247930985026937
71064,TV,default,10.0,0.52623450756073,0.3864635229110718,0.4615486264228821,0.5193542242050171,0.583986759185791,0.685253381729126,1.588986428763909,-66.88237872679039
71064,Display,default,10.0,0.1509090512990951,0.1157546117901802,0.1342214345932006,0.1491488516330719,0.1648109257221222,0.1922375112771988,0.1788487367399242,-15.621964096653397
71064,TV,ec_alpha_noisy,1.0,5.732759952545166,5.224676132202148,5.511031150817871,5.7200517654418945,5.958653926849365,6.277152061462402,5.865992409776724,-2.2712688309910245
71064,Display,ec_alpha_noisy,1.0,3.134972095489502,2.8358235359191895,3.001406669616699,3.1323764324188232,3.255707025527954,3.4587316513061523,3.334683103454741,-5.988905145389611
71064,TV,ec_alpha_noisy,2.0,4.706958770751953,4.136499881744385,4.476661682128906,4.696418762207031,4.93181037902832,5.301776885986328,4.744939231445999,-0.8004414564961926
71064,Display,ec_alpha_noisy,2.0,1.562877893447876,1.3583190441131592,1.4725682735443115,1.5564932823181152,1.646126627922058,1.7834078073501587,1.679134961991055,-6.923628604893417
71064,TV,ec_alpha_noisy,3.0,3.9632272720336914,3.333705425262451,3.7005999088287354,3.953113555908203,4.205636978149414,4.623973846435547,3.9409380011042225,0.5655828872015656
71064,Display,ec_alpha_noisy,3.0,0.95615154504776,0.8106480836868286,0.886961817741394,0.9505786299705504,1.0163521766662598,1.1250711679458618,1.030557349463738,-7.21995767190402
71064,TV,ec_alpha_noisy,5.0,2.9599862098693848,2.301055908203125,2.669389247894287,2.938563346862793,3.2126710414886475,3.686662197113037,2.8749349598879546,2.9583712733711742
71064,Display,ec_alpha_noisy,5.0,0.4771272540092468,0.3907056748867035,0.4361298978328705,0.4727095663547516,0.511313796043396,0.5803521871566772,0.5145935092844516,-7.280747735684045
71064,TV,ec_alpha_noisy,10.0,1.707422971725464,1.1759366989135742,1.4508373737335205,1.6715712547302246,1.9193025827407837,2.3721377849578857,1.588986428763909,7.453590591940307
71064,Display,ec_alpha_noisy,10.0,0.1667749583721161,0.1317882090806961,0.1496998518705368,0.16445192694664,0.1805064082145691,0.2087975144386291,0.1788487367399242,-6.750832344634006
77175,TV,default,1.0,5.504150867462158,5.0106353759765625,5.296485900878906,5.502722263336182,5.710099697113037,6.002820014953613,5.863815971035743,-6.133635594127562
77175,Display,default,1.0,3.0963878631591797,2.784025192260742,2.9643144607543945,3.0911130905151367,3.227062702178955,3.4254000186920166,3.281206793382079,-5.632651090314211
77175,TV,default,2.0,3.510508298873902,3.080388307571411,3.3302667140960693,3.5047903060913086,3.68873929977417,3.9553840160369873,4.740905729201347,-25.952792580305495
77175,Display,default,2.0,1.4508696794509888,1.2467085123062134,1.3603187799453735,1.4466655254364014,1.5336953401565552,1.6740055084228516,1.635595201118048,-11.294085574522706
77175,TV,default,3.0,2.4722416400909424,2.092911958694458,2.306385040283203,2.47013521194458,2.6346659660339355,2.874473571777344,3.936233482675114,-37.19270843632031
77175,Display,default,3.0,0.8592504858970642,0.7182217836380005,0.7926103472709656,0.8546779751777649,0.9176129102706908,1.0212795734405518,0.9986677449864392,-13.960324621405295
77175,TV,default,5.0,1.4452487230300903,1.1609514951705933,1.318591594696045,1.4366519451141355,1.5661168098449707,1.7520411014556885,2.8704101412246517,-49.65009695745154
77175,Display,default,5.0,0.4136860966682434,0.3349056243896484,0.3765038251876831,0.4104917645454407,0.4462837874889374,0.504005491733551,0.4959886854023135,-16.593642386683005
77175,TV,default,10.0,0.5946751832962036,0.4470356702804565,0.5291165113449097,0.5894062519073486,0.6568388342857361,0.758429765701294,1.5860175644204322,-62.50513256367929
77175,Display,default,10.0,0.1387900561094284,0.1087764948606491,0.1242247968912124,0.1372093260288238,0.151249885559082,0.1751142889261245,0.1714576122691007,-19.05284678081306
77175,TV,ec_alpha_noisy,1.0,5.761379241943359,5.274811744689941,5.563406467437744,5.760188102722168,5.962053298950195,6.272304534912109,5.863815971035743,-1.7469294670632407
77175,Display,ec_alpha_noisy,1.0,3.2369472980499268,2.918172597885132,3.104123830795288,3.2332754135131836,3.3671538829803467,3.5574376583099365,3.281206793382079,-1.3488785717931662
77175,TV,ec_alpha_noisy,2.0,4.479948043823242,3.970167398452759,4.259479522705078,4.472532749176025,4.703709602355957,5.008616924285889,4.740905729201347,-5.504384610956303
77175,Display,ec_alpha_noisy,2.0,1.5719410181045532,1.366262435913086,1.4801785945892334,1.5684877634048462,1.65830397605896,1.8016151189804075,1.635595201118048,-3.8918054400002178
77175,TV,ec_alpha_noisy,3.0,3.6171276569366455,3.074105739593506,3.373750686645508,3.608909130096435,3.857226610183716,4.195082664489746,3.936233482675114,-8.106882560269268
77175,Display,ec_alpha_noisy,3.0,0.947589099407196,0.8033946752548218,0.8803954720497131,0.9432798624038696,1.0089397430419922,1.1152042150497437,0.9986677449864392,-5.114678614150769
77175,TV,ec_alpha_noisy,5.0,2.538785219192505,2.002393960952759,2.287003517150879,2.5239064693450928,2.7768139839172363,3.13610315322876,2.8704101412246517,-11.553224303014066
77175,Display,ec_alpha_noisy,5.0,0.4644083082675934,0.3826387524604797,0.4245301485061645,0.4609813690185547,0.4999176263809204,0.5631584525108337,0.4959886854023135,-6.3671567646959915
77175,TV,ec_alpha_noisy,10.0,1.3324438333511353,0.9450109004974364,1.1380069255828855,1.3070504665374756,1.5051276683807373,1.80854070186615,1.5860175644204322,-15.988078364186254
77175,Display,ec_alpha_noisy,10.0,0.1583423465490341,0.1265632212162017,0.14271280169487,0.156170055270195,0.1721556931734085,0.1973436772823333,0.1714576122691007,-7.649275845205605
78122,TV,default,1.0,6.457373142242432,5.949149131774902,6.243320941925049,6.4630913734436035,6.676164627075195,6.984512805938721,5.8721773827955195,9.965566795741498
78122,Display,default,1.0,3.124850034713745,2.8235695362091064,3.0009233951568604,3.125648021697998,3.245328903198242,3.4209043979644775,3.2872760390053717,-4.941051568665089
78122,TV,default,2.0,4.342339515686035,3.890427350997925,4.159534931182861,4.341581344604492,4.523581504821777,4.797956466674805,4.755904864807442,-8.695828888035406
78122,Display,default,2.0,1.4712457656860352,1.2645368576049805,1.3841811418533323,1.4686744213104248,1.5544071197509766,1.6833045482635498,1.6419682213114646,-10.397427514709811
78122,TV,default,3.0,3.159832000732422,2.748133420944214,2.991516590118408,3.1576967239379883,3.3246145248413086,3.578721761703491,3.953080402407717,-20.06658911344551
78122,Display,default,3.0,0.8730081915855408,0.7275001406669617,0.8103883266448975,0.8697348237037659,0.933837592601776,1.0286468267440796,1.003765168210776,-13.02665013354779
78122,TV,default,5.0,1.9211846590042112,1.5986384153366089,1.7834587097167969,1.918629169464111,2.050971269607544,2.255234718322754,2.8859039579400334,-33.42866959524328
78122,Display,default,5.0,0.4208306074142456,0.3398466408252716,0.3840047121047973,0.4179744720458984,0.4543410539627075,0.5116895437240601,0.4992511058448865,-15.707626385309513
78122,TV,default,10.0,0.8264443874359131,0.6466953754425049,0.7469518184661865,0.8209666609764099,0.900750696659088,1.013919711112976,1.5953191036880363,-48.19566909683771
78122,Display,default,10.0,0.1410757601261139,0.1094179302453994,0.1264123022556305,0.1392587125301361,0.1539200246334076,0.1767827719449997,0.1728983260384301,-18.4053638004818
78122,TV,ec_alpha_noisy,1.0,6.8289923667907715,6.306124210357666,6.607367515563965,6.825253486633301,7.035226821899414,7.367421627044678,5.8721773827955195,16.29404089185993
78122,Display,ec_alpha_noisy,1.0,3.1724648475646973,2.8715453147888184,3.0536131858825684,3.172701358795166,3.2846333980560303,3.4711952209472656,3.2872760390053717,-3.492593566173796
78122,TV,ec_alpha_noisy,2.0,5.911219120025635,5.3355326652526855,5.682976245880127,5.915393829345703,6.136441707611084,6.489401340484619,4.755904864807442,24.292207015477587
78122,Display,ec_alpha_noisy,2.0,1.4734162092208862,1.293215036392212,1.3919298648834229,1.4721014499664309,1.547110915184021,1.6717039346694946,1.6419682213114646,-10.265242037142064
78122,TV,ec_alpha_noisy,3.0,5.187749862670898,4.531733512878418,4.930107593536377,5.196428298950195,5.449717044830322,5.831620216369629,3.953080402407717,31.233097599309566
78122,Display,ec_alpha_noisy,3.0,0.8675816059112549,0.7431328296661377,0.8106685280799866,0.8646910786628723,0.9173340797424316,1.007430076599121,1.003765168210776,-13.567273164326876
78122,TV,ec_alpha_noisy,5.0,4.121753692626953,3.3865528106689453,3.82726526260376,4.124819755554199,4.426162242889404,4.850264549255371,2.8859039579400334,42.823661240933085
78122,Display,ec_alpha_noisy,5.0,0.4144167900085449,0.3460741341114044,0.3824096918106079,0.4119651019573211,0.442753404378891,0.4943494498729706,0.4992511058448865,-16.992314056626036
78122,TV,ec_alpha_noisy,10.0,2.6099495887756348,1.9264930486679075,2.3057243824005127,2.5856101512908936,2.901780605316162,3.3573977947235107,1.5953191036880363,63.60047232820003
78122,Display,ec_alpha_noisy,10.0,0.1373378634452819,0.1114750877022743,0.1250198781490326,0.1359307169914245,0.147563636302948,0.1691878736019134,0.1728983260384301,-20.567268294572262
8,TV,default,1.0,6.0833611488342285,5.6336541175842285,5.8932037353515625,6.083137512207031,6.2691731452941895,6.533271312713623,5.8545600877681325,3.908082889850717
8,Display,default,1.0,2.9301493167877197,2.665837526321411,2.819329261779785,2.9313454627990723,3.0339488983154297,3.2096221446990967,3.312854454593554,-11.552126513592565
8,TV,default,2.0,3.8212265968322754,3.402134656906128,3.6420681476593018,3.824851512908935,3.999990940093994,4.239682674407959,4.723391330067955,-19.099936257508865
8,Display,default,2.0,1.4861634969711304,1.287383198738098,1.3999078273773191,1.4815740585327148,1.5669002532958984,1.7017000913619995,1.6603298045338513,-10.489862139866801
8,TV,default,3.0,2.6658942699432373,2.2942285537719727,2.5062787532806396,2.666715621948242,2.817600965499878,3.0424909591674805,3.916179360415827,-31.92614472948533
8,Display,default,3.0,0.9175779223442078,0.767091691493988,0.8494077920913696,0.9140960574150084,0.97761207818985,1.086597204208374,1.0164334683941227,-9.725727174853683
8,TV,default,5.0,1.5406733751296997,1.2606326341629028,1.417056441307068,1.5407875776290894,1.6555709838867188,1.8330235481262207,2.850402614126576,-45.948920777221694
8,Display,default,5.0,0.4623908102512359,0.3715241849422455,0.4206011295318603,0.4587604403495788,0.4979938864707947,0.5664451718330383,0.5061555952562691,-8.646508191394153
8,TV,default,10.0,0.6252326369285583,0.483097106218338,0.5605229139328003,0.6217297911643982,0.6841607689857483,0.7808137536048889,1.5711101262986562,-60.20440410491592
8,Display,default,10.0,0.1632375866174698,0.1264070123434066,0.1456307768821716,0.1610428094863891,0.1778920888900756,0.20814049243927,0.1754338553978526,-6.95206107893136
8,TV,ec_alpha_noisy,1.0,6.293246746063232,5.846412181854248,6.1014580726623535,6.299008369445801,6.481804847717285,6.752742767333984,5.8545600877681325,7.49307636643175
8,Display,ec_alpha_noisy,1.0,2.943809747695923,2.685675859451294,2.8389573097229004,2.9422202110290527,3.0445849895477295,3.2065374851226807,3.312854454593554,-11.139780269728405
8,TV,ec_alpha_noisy,2.0,4.6123456954956055,4.066934108734131,4.388187885284424,4.616039276123047,4.836850643157959,5.141679763793945,4.723391330067955,-2.350972570607479
8,Display,ec_alpha_noisy,2.0,1.4510698318481443,1.2731693983078003,1.3787028789520264,1.447420597076416,1.5245572328567505,1.6278411149978638,1.6603298045338513,-12.60351841629791
8,TV,ec_alpha_noisy,3.0,3.5689663887023926,2.998899459838867,3.321171283721924,3.560262441635132,3.805922508239746,4.156532287597656,3.916179360415827,-8.866115153534915
8,Display,ec_alpha_noisy,3.0,0.8820065855979919,0.7552307844161987,0.8269510269165039,0.8773115277290344,0.9343931674957277,1.0122140645980835,1.0164334683941227,-13.225349909868045
8,TV,ec_alpha_noisy,5.0,2.361797332763672,1.8516876697540283,2.128713607788086,2.341120481491089,2.5728721618652344,2.937998533248902,2.850402614126576,-17.14162339528388
8,Display,ec_alpha_noisy,5.0,0.4367383420467376,0.3635567128658294,0.4041379392147064,0.4339222908020019,0.4671506881713867,0.5166228413581848,0.5061555952562691,-13.714607496215692
8,TV,ec_alpha_noisy,10.0,1.1424626111984253,0.8091193437576294,0.9787330627441406,1.120694637298584,1.2805898189544678,1.5562742948532104,1.5711101262986562,-27.28309797799293
8,Display,ec_alpha_noisy,10.0,0.1511217355728149,0.1221144199371337,0.1378043591976165,0.1495487689971923,0.1631050109863281,0.1837067604064941,0.1754338553978526,-13.858282809724587
80694,TV,default,1.0,5.069885730743408,4.608842372894287,4.8854570388793945,5.064103126525879,5.260201454162598,5.52011775970459,5.874637608466423,-13.698749290734469
80694,Display,default,1.0,3.610734462738037,3.2626140117645264,3.4698753356933594,3.606880664825439,3.749491453170776,3.96087384223938,3.2892750468471452,9.772956390467225
80694,TV,default,2.0,3.1812000274658203,2.7920427322387695,3.01220965385437,3.1837058067321777,3.3476078510284424,3.5780107975006104,4.760246203862252,-33.171523252626386
80694,Display,default,2.0,1.868592381477356,1.5966325998306274,1.7526459693908691,1.861078858375549,1.9814152717590332,2.1712934970855713,1.6424370321258894,13.769498917029544
80694,TV,default,3.0,2.2180490493774414,1.874545693397522,2.065214157104492,2.215834140777588,2.3685648441314697,2.576219081878662,3.9579618705126953,-43.959817655087065
80694,Display,default,3.0,1.165439248085022,0.9574163556098938,1.0744553804397583,1.1589274406433103,1.2495365142822266,1.4044482707977295,1.0037786896964982,16.105199288241856
80694,TV,default,5.0,1.281478762626648,1.0267431735992432,1.1687475442886353,1.2772533893585205,1.390636682510376,1.5491324663162231,2.890599591001968,-55.66737203534824
80694,Display,default,5.0,0.5927875638008118,0.4662100374698639,0.5347412824630737,0.5858612060546875,0.6434345841407776,0.7463041543960571,0.4990424088542792,18.785007703404677
80694,TV,default,10.0,0.5206717252731323,0.3889234364032745,0.4605881571769714,0.5156263113021851,0.576235294342041,0.6625504493713379,1.5986545153281213,-67.43062867674914
80694,Display,default,10.0,0.2101721465587616,0.1583011895418167,0.184993103146553,0.2065915167331695,0.2311647683382034,0.2763034999370575,0.1727119675253408,21.689393948873015
80694,TV,ec_alpha_noisy,1.0,5.365938663482666,4.916337966918945,5.173830032348633,5.358579635620117,5.5566840171813965,5.84059476852417,5.874637608466423,-8.659239580167954
80694,Display,ec_alpha_noisy,1.0,3.682391405105591,3.342249631881714,3.5456628799438477,3.6760973930358887,3.8303072452545166,4.0235066413879395,3.2892750468471452,11.951458988972586
80694,TV,ec_alpha_noisy,2.0,4.2646403312683105,3.7802557945251465,4.059670448303223,4.260625839233398,4.466982841491699,4.770434856414795,4.760246203862252,-10.41134956826033
80694,Display,ec_alpha_noisy,2.0,1.8883812427520752,1.6274913549423218,1.777366042137146,1.8818416595458984,1.9979374408721924,2.156104564666748,1.6424370321258894,14.974346402056437
80694,TV,ec_alpha_noisy,3.0,3.500183582305908,2.9691314697265625,3.273601770401001,3.4970955848693848,3.7184784412384033,4.061490058898926,3.9579618705126953,-11.566010567643204
80694,Display,ec_alpha_noisy,3.0,1.1711091995239258,0.9765682816505432,1.0856730937957764,1.165435552597046,1.2508172988891602,1.3808975219726562,1.0037786896964982,16.670059998785348
80694,TV,ec_alpha_noisy,5.0,2.5154764652252197,1.9919523000717163,2.28468656539917,2.4982709884643555,2.737611770629883,3.104642629623413,2.890599591001968,-12.97734653199475
80694,Display,ec_alpha_noisy,5.0,0.5913946032524109,0.4778338670730591,0.5376930236816406,0.5873727798461914,0.6394835710525513,0.7230539321899414,0.4990424088542792,18.505881015234248
80694,TV,ec_alpha_noisy,10.0,1.3669650554656982,0.9626529812812804,1.1781413555145264,1.341788411140442,1.5343215465545654,1.8507294654846191,1.5986545153281213,-14.492778623583291
80694,Display,ec_alpha_noisy,10.0,0.207642063498497,0.160786435008049,0.185431882739067,0.2050673812627792,0.2268547415733337,0.2645436227321625,0.1727119675253408,20.224479214522972
84275,TV,default,1.0,5.581553936004639,5.167974472045898,5.403990268707275,5.5751142501831055,5.754885673522949,6.0087127685546875,5.872554832931915,-4.955269132531736
84275,Display,default,1.0,3.3991777896881104,3.099463939666748,3.2792983055114746,3.398061990737915,3.5186567306518555,3.698554277420044,3.2909013880047953,3.2901746031642976
84275,TV,default,2.0,3.6059365272521977,3.2163009643554688,3.4457085132598877,3.608986616134643,3.762307167053222,3.984034299850464,4.759340757184774,-24.234537697082935
84275,Display,default,2.0,1.6796760559082031,1.453489065170288,1.5879786014556885,1.6743097305297852,1.76711106300354,1.9105124473571775,1.6454506940023976,2.0799992385402755
84275,TV,default,3.0,2.562185525894165,2.218750238418579,2.414562702178955,2.562710762023926,2.7078113555908203,2.915355443954468,3.9591155759588865,-35.2838916486137
84275,Display,default,3.0,1.0214518308639526,0.8563696146011353,0.9510930180549622,1.0161820650100708,1.0859169960021973,1.199825882911682,1.0065050591447755,1.4850170481882419
84275,TV,default,5.0,1.515892505645752,1.2561218738555908,1.4002140760421753,1.5116537809371948,1.6285468339920044,1.790849685668945,2.895084616868556,-47.63909500906387
84275,Display,default,5.0,0.5050029158592224,0.4076152443885803,0.4626514315605163,0.5007486343383789,0.5427401065826416,0.616039514541626,0.5009375312873093,0.8115551976043411
84275,TV,default,10.0,0.6340786218643188,0.4972273111343384,0.5710510611534119,0.6287543773651123,0.6941030621528625,0.7884653806686401,1.605439089159396,-60.504348863442644
84275,Display,default,10.0,0.1734266579151153,0.1343403160572052,0.1555790305137634,0.1712704002857208,0.1890147477388382,0.2201354354619979,0.1735790600694593,-0.08779984998364965
84275,TV,ec_alpha_noisy,1.0,5.9150238037109375,5.511048316955566,5.736507415771484,5.9097700119018555,6.081228256225586,6.337390899658203,5.872554832931915,0.7231770836922058
84275,Display,ec_alpha_noisy,1.0,3.483778238296509,3.1836888790130615,3.3664839267730713,3.482826232910156,3.6011931896209717,3.773529767990112,3.2909013880047953,5.8609124841826565
84275,TV,ec_alpha_noisy,2.0,4.910421848297119,4.410642623901367,4.70985746383667,4.908769130706787,5.1062774658203125,5.4055376052856445,4.759340757184774,3.1744121469821307
84275,Display,ec_alpha_noisy,2.0,1.738395094871521,1.532546043395996,1.6491103172302246,1.7334778308868408,1.8237969875335691,1.956557035446167,1.6454506940023976,5.64856797033797
84275,TV,ec_alpha_noisy,3.0,4.17020320892334,3.599555492401123,3.9371376037597656,4.167886734008789,4.402868270874023,4.7410888671875,3.9591155759588865,5.331686557630455
84275,Display,ec_alpha_noisy,3.0,1.0620286464691162,0.9046061635017396,0.994309425354004,1.0542304515838623,1.1262441873550415,1.2290030717849731,1.0065050591447755,5.516473744455785
84275,TV,ec_alpha_noisy,5.0,3.154260635375977,2.543058156967163,2.8937759399414062,3.1459105014801025,3.4061076641082764,3.8048481941223145,2.895084616868556,8.952277836623534
84275,Display,ec_alpha_noisy,5.0,0.5273045897483826,0.4342441856861114,0.4857978522777557,0.522641658782959,0.5648936033248901,0.6312050819396973,0.5009375312873093,5.2635422211857685
84275,TV,ec_alpha_noisy,10.0,1.8535600900650024,1.3333395719528198,1.604600429534912,1.827410340309143,2.074134588241577,2.451378583908081,1.605439089159396,15.45502427223957
84275,Display,ec_alpha_noisy,10.0,0.1816296726465225,0.1440558731555938,0.1641897410154342,0.1796166002750396,0.1968380510807037,0.2253958731889724,0.1735790600694593,4.638009085797368
86071,TV,default,1.0,5.596144199371338,5.1147260665893555,5.396550178527832,5.598310470581055,5.795835971832275,6.080280780792236,5.873298106073429,-4.718880290028082
86071,Display,default,1.0,3.2510581016540527,2.898678779602051,3.1007883548736572,3.244825601577759,3.394655227661133,3.611367702484131,3.3120219701919056,-1.8406843036225529
86071,TV,default,2.0,3.524229049682617,3.1184163093566895,3.3437013626098633,3.519597291946411,3.7032761573791504,3.9444949626922607,4.759187433775602,-25.948933537027273
86071,Display,default,2.0,1.644766330718994,1.3854947090148926,1.5343599319458008,1.6358060836791992,1.7533833980560305,1.931144118309021,1.66191827755171,-1.0320571753975716
86071,TV,default,3.0,2.4631869792938232,2.1080896854400635,2.2996926307678223,2.455906867980957,2.620802640914917,2.8400216102600098,3.957833734076258,-37.764263362399156
86071,Display,default,3.0,1.01348078250885,0.8223777413368225,0.9271271228790284,1.0042996406555176,1.0922333002090454,1.228867769241333,1.0184355365576712,-0.48650639838906384
86071,TV,default,5.0,1.42752206325531,1.1620543003082275,1.3013663291931152,1.4214022159576416,1.5450904369354248,1.7113699913024902,2.89223230650803,-50.64289752786679
86071,Display,default,5.0,0.508560299873352,0.3942770659923553,0.4550262689590454,0.5026661157608032,0.5558594465255737,0.6420524716377258,0.5078989308933328,0.1302166513436065
86071,TV,default,10.0,0.5821871757507324,0.4472202062606811,0.5166380405426025,0.5764195919036865,0.641096293926239,0.73480623960495,1.602081635147714,-63.66057989940981
86071,Display,default,10.0,0.1775148063898086,0.1304840296506881,0.1545659005641937,0.1748387813568115,0.1966011822223663,0.2338482737541198,0.1764036588996104,0.6298891401286255
86071,TV,ec_alpha_noisy,1.0,5.9053544998168945,5.398975372314453,5.698235034942627,5.911573886871338,6.105991363525391,6.4276123046875,5.873298106073429,0.5457988538044134
86071,Display,ec_alpha_noisy,1.0,3.312175750732422,2.972904920578003,3.1679697036743164,3.3072052001953125,3.4502105712890625,3.6648716926574703,3.3120219701919056,0.004643101461887511
86071,TV,ec_alpha_noisy,2.0,4.774723529815674,4.221808910369873,4.549466133117676,4.77097225189209,5.005266189575195,5.339017868041992,4.759187433775602,0.3264442986593341
86071,Display,ec_alpha_noisy,2.0,1.673830509185791,1.4363617897033691,1.5657132863998413,1.6719712018966677,1.7701072692871094,1.9388307332992551,1.66191827755171,0.7167760169067838
86071,TV,ec_alpha_noisy,3.0,3.971957921981811,3.35445237159729,3.70194673538208,3.959859848022461,4.233173370361328,4.611007213592529,3.957833734076258,0.35686663095386706
86071,Display,ec_alpha_noisy,3.0,1.0300236940383911,0.8558580279350281,0.9497455954551696,1.0267207622528076,1.0995208024978638,1.229538083076477,1.0184355365576712,1.1378390742224243
86071,TV,ec_alpha_noisy,5.0,2.912787437438965,2.2866742610931396,2.6237432956695557,2.8902602195739746,3.194277763366699,3.596763610839844,2.89223230650803,0.710701242243994
86071,Display,ec_alpha_noisy,5.0,0.5157042741775513,0.4111263155937195,0.4668524265289306,0.5121058225631714,0.5573427677154541,0.6366297006607056,0.5078989308933328,1.536790650551234
86071,TV,ec_alpha_noisy,10.0,1.6329808235168457,1.1420522928237915,1.3890666961669922,1.5979032516479492,1.8541460037231443,2.220315456390381,1.602081635147714,1.9286900050060618
86071,Display,ec_alpha_noisy,10.0,0.1793142706155777,0.1361270099878311,0.1593940407037735,0.1773192584514618,0.1958329230546951,0.2302081137895584,0.1764036588996104,1.6499724178758113
88982,TV,default,1.0,5.952332973480225,5.4669084548950195,5.754475116729736,5.952392578125,6.150023937225342,6.438555717468262,5.871551512897768,1.375811153236195
88982,Display,default,1.0,3.29242205619812,2.9788615703582764,3.167001247406006,3.2888283729553223,3.4173781871795654,3.613993644714355,3.310836915110502,-0.5561995164526934
88982,TV,default,2.0,3.790842294692993,3.353487253189087,3.607109785079956,3.7933852672576904,3.964252233505249,4.238166332244873,4.75561624829658,-20.2870438494519
88982,Display,default,2.0,1.561636209487915,1.3425209522247314,1.469412088394165,1.5517925024032593,1.6517547369003296,1.795475959777832,1.661675638980064,-6.020394543038076
88982,TV,default,3.0,2.665703535079956,2.282014846801758,2.499204635620117,2.6636273860931396,2.823458433151245,3.06850528717041,3.953530230828389,-32.57409506335286
88982,Display,default,3.0,0.9302631616592408,0.7748916149139404,0.8627863526344299,0.921811580657959,0.9946104288101196,1.105668306350708,1.0185146376588528,-8.664723386054208
88982,TV,default,5.0,1.5542436838150024,1.2671525478363037,1.4273666143417358,1.5470250844955444,1.673511266708374,1.8667221069335935,2.887456977833496,-46.1725769164126
88982,Display,default,5.0,0.4501788318157196,0.3611199855804443,0.4104213118553161,0.4437127411365509,0.4860181510448456,0.5547212958335876,0.5080831316978563,-11.396619228164207
88982,TV,default,10.0,0.6364500522613525,0.4884974658489227,0.5681456327438354,0.6300140619277954,0.6998444199562073,0.806540310382843,1.598016664656332,-60.17250218111919
88982,Display,default,10.0,0.1513404995203018,0.1167097836732864,0.1351909637451172,0.1480773836374282,0.1650225818157196,0.1943678855895996,0.1765730248600908,-14.290135970532436
88982,TV,ec_alpha_noisy,1.0,6.227455139160156,5.756491184234619,6.034675598144531,6.224302291870117,6.413856506347656,6.690110683441162,5.871551512897768,6.0614920175798614
88982,Display,ec_alpha_noisy,1.0,3.3742544651031494,3.06390380859375,3.2548792362213135,3.3718056678771973,3.4954757690429688,3.679424524307251,3.310836915110502,1.9154537544030736
88982,TV,ec_alpha_noisy,2.0,4.987549781799316,4.4589619636535645,4.768266677856445,4.990342140197754,5.2084221839904785,5.50221586227417,4.75561624829658,4.877044769661842
88982,Display,ec_alpha_noisy,2.0,1.6052141189575195,1.4017024040222168,1.5187126398086548,1.6001924276351929,1.6859760284423828,1.8269368410110471,1.661675638980064,-3.397866508845282
88982,TV,ec_alpha_noisy,3.0,4.117117404937744,3.528005599975586,3.8552095890045166,4.114956855773926,4.375715255737305,4.727346897125244,3.953530230828389,4.13774941781786
88982,Display,ec_alpha_noisy,3.0,0.9570288062095642,0.811342716217041,0.8926655054092407,0.9533661007881165,1.0154000520706177,1.1202994585037231,1.0185146376588528,-6.0368137261747385
88982,TV,ec_alpha_noisy,5.0,2.9829134941101074,2.3693771362304688,2.699836015701294,2.9704394340515137,3.2503795623779297,3.6571812629699703,2.887456977833496,3.305902633681268
88982,Display,ec_alpha_noisy,5.0,0.4631488025188446,0.3804791271686554,0.4254837036132812,0.4606265425682068,0.4955683052539825,0.5585346817970276,0.5080831316978563,-8.843893130018932
88982,TV,ec_alpha_noisy,10.0,1.6386886835098269,1.147558331489563,1.4043972492218018,1.61266827583313,1.8475801944732664,2.21488094329834,1.598016664656332,2.5451561146417445
88982,Display,ec_alpha_noisy,10.0,0.15543894469738,0.1240474730730056,0.1403158009052276,0.1543854922056198,0.1675776690244674,0.1930166333913803,0.1765730248600908,-11.969031045062838
89066,TV,default,1.0,6.254267692565918,5.7112812995910645,6.036838531494141,6.257040023803711,6.471229553222656,6.79803991317749,5.8725687026216455,6.499693903519144
89066,Display,default,1.0,3.4931342601776123,3.1448209285736084,3.3469414710998535,3.4934144020080566,3.6297125816345215,3.8476309776306152,3.3105504450118395,5.51521018025507
89066,TV,default,2.0,4.052110195159912,3.590731620788574,3.8622429370880127,4.053145885467529,4.232615947723389,4.541186809539795,4.757004183549487,-14.818023301875904
89066,Display,default,2.0,1.8432941436767576,1.5694353580474854,1.7266929149627686,1.8362884521484375,1.9567397832870483,2.138455629348755,1.6580520453799652,11.172272837451347
89066,TV,default,3.0,2.8790841102600098,2.469062566757202,2.7050561904907227,2.871426582336426,3.044398546218872,3.313488245010376,3.9547710625746753,-27.199727501150495
89066,Display,default,3.0,1.160411357879639,0.9478067755699158,1.0676225423812866,1.154503345489502,1.2478286027908323,1.394953370094299,1.014643673312744,14.366391709808157
89066,TV,default,5.0,1.6992696523666382,1.3907536268234253,1.562897562980652,1.6924844980239868,1.8301053047180176,2.0350780487060547,2.8883202502160437,-41.167547046089005
89066,Display,default,5.0,0.5950642228126526,0.4653085470199585,0.5345803499221802,0.5887621641159058,0.6485344171524048,0.7452419996261597,0.5051063022459487,17.809700684134654
89066,TV,default,10.0,0.7053741216659546,0.5420820713043213,0.6307658553123474,0.7000594735145569,0.7735497355461121,0.8851351141929626,1.5984116523572751,-55.87030908929522
89066,Display,default,10.0,0.2117332518100738,0.157399520277977,0.1849177181720733,0.208017960190773,0.2346656620502472,0.2778638899326324,0.1751131148117794,20.912275495559317
89066,TV,ec_alpha_noisy,1.0,6.636242866516113,6.11092472076416,6.410526275634766,6.636233329772949,6.852993488311768,7.179783344268799,5.8725687026216455,13.004090757653408
89066,Display,ec_alpha_noisy,1.0,3.5642151832580566,3.224776268005371,3.4201879501342773,3.557675361633301,3.703619956970215,3.909856796264648,3.3105504450118395,7.66231303402809
89066,TV,ec_alpha_noisy,2.0,5.630702972412109,5.063593864440918,5.394311428070068,5.6376729011535645,5.858942031860352,6.219361782073975,4.757004183549487,18.366576003527978
89066,Display,ec_alpha_noisy,2.0,1.8602206707000732,1.6059366464614868,1.7430580854415894,1.8526942729949951,1.9662437438964844,2.133340835571289,1.6580520453799652,12.193141094903236
89066,TV,ec_alpha_noisy,3.0,4.861953258514404,4.232936382293701,4.5973615646362305,4.867666721343994,5.130817890167236,5.509791851043701,3.9547710625746753,22.93893076453144
89066,Display,ec_alpha_noisy,3.0,1.1631834506988523,0.9711678624153136,1.0719797611236572,1.1544491052627563,1.2430375814437866,1.3852630853652954,1.014643673312744,14.639600215624071
89066,TV,ec_alpha_noisy,5.0,3.766902923583984,3.0695624351501465,3.4706337451934814,3.7681455612182617,4.058218955993652,4.470211505889893,2.8883202502160437,30.418464618050002
89066,Display,ec_alpha_noisy,5.0,0.5915188193321228,0.4743860065937042,0.5339420437812805,0.5838505625724792,0.6417607069015503,0.7349479794502258,0.5051063022459487,17.107788341175322
89066,TV,ec_alpha_noisy,10.0,2.291457414627075,1.66357159614563,2.007693290710449,2.276406764984131,2.564188003540039,2.9839491844177246,1.5984116523572751,43.35840277738987
89066,Display,ec_alpha_noisy,10.0,0.2082389891147613,0.1593539714813232,0.1838301122188568,0.2040577977895736,0.229115754365921,0.2704298496246338,0.1751131148117794,18.916843743306888
90033,TV,default,1.0,5.589710235595703,5.090627670288086,5.376996994018555,5.587370872497559,5.7995758056640625,6.098217487335205,5.874088203864066,-4.841227410941739
90033,Display,default,1.0,3.0874226093292236,2.7857072353363037,2.969937562942505,3.087007522583008,3.2024567127227783,3.3956496715545654,3.303421944726818,-6.538654129315491
90033,TV,default,2.0,3.491657018661499,3.0345442295074463,3.302542209625244,3.485755920410156,3.678475856781006,3.951253652572632,4.75931950754827,-26.635372701417946
90033,Display,default,2.0,1.5660794973373413,1.3372594118118286,1.467771053314209,1.563137412071228,1.6574299335479736,1.8079402446746824,1.6538312121589442,-5.3059655771673375
90033,TV,default,3.0,2.42755126953125,2.041152238845825,2.259567975997925,2.42251968383789,2.586859226226806,2.8435275554656982,3.956833595288288,-38.64914429502606
90033,Display,default,3.0,0.9662365913391112,0.7933072447776794,0.8871244788169861,0.9609273076057434,1.0336692333221436,1.1607723236083984,1.0120905768309068,-4.530620731138035
90033,TV,default,5.0,1.3974323272705078,1.109830379486084,1.271354913711548,1.3887522220611572,1.5213594436645508,1.7048860788345337,2.889558918089668,-51.6385591405635
90033,Display,default,5.0,0.4855736494064331,0.3814341723918915,0.4361194670200348,0.4800653159618377,0.5263504385948181,0.6078811883926392,0.50392799339745,-3.642255288751295
90033,TV,default,10.0,0.5650994181632996,0.4252154231071472,0.4995011389255523,0.5582027435302734,0.6288253664970398,0.7258642315864563,1.5979566164129058,-64.63612263567985
90033,Display,default,10.0,0.1698545664548874,0.1269809752702713,0.1484329253435135,0.1672152578830719,0.1865208894014358,0.223061978816986,0.1747254278148625,-2.7877232414827646
90033,TV,ec_alpha_noisy,1.0,5.906416416168213,5.397562026977539,5.693517684936523,5.900747299194336,6.1172919273376465,6.422537803649902,5.874088203864066,0.5503528578764127
90033,Display,ec_alpha_noisy,1.0,3.174499988555908,2.8723080158233643,3.0526998043060303,3.175774097442627,3.2892022132873535,3.4794933795928955,3.303421944726818,-3.9026790500288677
90033,TV,ec_alpha_noisy,2.0,4.787019729614258,4.223883628845215,4.550719261169434,4.779500484466553,5.028829097747803,5.378942489624023,4.75931950754827,0.5820206443811093
90033,Display,ec_alpha_noisy,2.0,1.5901861190795898,1.3775655031204224,1.5000284910202026,1.5900251865386963,1.6725822687149048,1.813339352607727,1.6538312121589442,-3.848342721520581
90033,TV,ec_alpha_noisy,3.0,3.9888877868652344,3.3456366062164307,3.728712558746338,3.982346534729004,4.251971244812012,4.645944595336914,3.956833595288288,0.8100970335248814
90033,Display,ec_alpha_noisy,3.0,0.9735042452812196,0.818113386631012,0.9035135507583618,0.9695709347724916,1.0343265533447266,1.1473147869110107,1.0120905768309068,-3.8125373788687966
90033,TV,ec_alpha_noisy,5.0,2.9317076206207275,2.2836456298828125,2.655566692352295,2.91800594329834,3.199728488922119,3.627009391784668,2.889558918089668,1.4586552385969176
90033,Display,ec_alpha_noisy,5.0,0.4844201207160949,0.3944925665855407,0.4413212835788727,0.4799637794494629,0.5210158228874207,0.5892570614814758,0.50392799339745,-3.871162732959965
90033,TV,ec_alpha_noisy,10.0,1.6480648517608645,1.134286403656006,1.4080537557601929,1.6240192651748655,1.8647656440734863,2.2483677864074707,1.5979566164129058,3.1357694466350283
90033,Display,ec_alpha_noisy,10.0,0.1671970933675766,0.1311424076557159,0.1492022573947906,0.1646885573863983,0.1828304231166839,0.210774078965187,0.1747254278148625,-4.308665625510932
93612,TV,default,1.0,4.764616966247559,4.3708720207214355,4.5959601402282715,4.765273571014404,4.93051290512085,5.164477348327637,5.862357317154121,-18.725237844073618
93612,Display,default,1.0,3.078348159790039,2.811173915863037,2.97005558013916,3.0770492553710938,3.1850202083587646,3.3522863388061523,3.3123125758809873,-7.063476369790367
93612,TV,default,2.0,3.0966830253601074,2.752622365951538,2.9536068439483643,3.0980865955352783,3.233074903488159,3.43689489364624,4.737284744515069,-34.631688987124654
93612,Display,default,2.0,1.4694443941116333,1.2889906167984009,1.3925602436065674,1.4656440019607544,1.541466474533081,1.666761875152588,1.660601292186597,-11.511306113899122
93612,TV,default,3.0,2.2112696170806885,1.9089910984039309,2.085876226425171,2.209548234939575,2.334135055541992,2.518636465072632,3.9311997620119503,-43.75076946105171
93612,Display,default,3.0,0.8784655928611755,0.746594250202179,0.8204122185707092,0.8756380081176758,0.9304895401000975,1.0245835781097412,1.0168310366964433,-13.607515785985424
93612,TV,default,5.0,1.3193949460983276,1.0913991928100586,1.224279522895813,1.316124677658081,1.4088945388793943,1.5598258972167969,2.8634659574460284,-53.92314887950973
93612,Display,default,5.0,0.4271984994411468,0.3517924845218658,0.3934099972248077,0.4243893325328827,0.4561583399772644,0.5124816298484802,0.5064515818316331,-15.648698756919577
93612,TV,default,10.0,0.5610019564628601,0.4397406876087188,0.5097543001174927,0.5569482445716858,0.6101288199424744,0.6944618225097656,1.578200759938773,-64.45306765125216
93612,Display,default,10.0,0.1448564827442169,0.115594744682312,0.1308927834033966,0.1431792378425598,0.156715989112854,0.1803726255893707,0.1755776677221467,-17.49720529751333
93612,TV,ec_alpha_noisy,1.0,5.017519474029541,4.626898765563965,4.858396053314209,5.016238689422607,5.178530693054199,5.430238246917725,5.862357317154121,-14.411230797079867
93612,Display,ec_alpha_noisy,1.0,3.160878896713257,2.8862435817718506,3.0505428314208984,3.1595587730407715,3.2685844898223877,3.4357964992523193,3.3123125758809873,-4.5718414460764745
93612,TV,ec_alpha_noisy,2.0,3.995516538619995,3.5559895038604736,3.813175201416016,3.993366718292236,4.181344985961914,4.429703712463379,4.737284744515069,-15.658087826658706
93612,Display,ec_alpha_noisy,2.0,1.4943203926086426,1.318901538848877,1.4181278944015503,1.4907859563827517,1.5699472427368164,1.6844947338104248,1.660601292186597,-10.013294603607347
93612,TV,ec_alpha_noisy,3.0,3.286501169204712,2.8121726512908936,3.081434726715088,3.2815189361572266,3.4876999855041504,3.7795562744140625,3.9311997620119503,-16.399537846870636
93612,Display,ec_alpha_noisy,3.0,0.8881058096885681,0.7641541957855225,0.8344897031784058,0.8833283185958862,0.9398831129074096,1.0226274728775024,1.0168310366964433,-12.659451016177403
93612,TV,ec_alpha_noisy,5.0,2.372410297393799,1.8974403142929075,2.1545605659484863,2.3595223426818848,2.5684189796447754,2.910632848739624,2.8634659574460284,-17.148995914385168
93612,Display,ec_alpha_noisy,5.0,0.4286067187786102,0.3580015003681183,0.3977261185646057,0.4245674014091491,0.4587402641773224,0.5080664157867432,0.5064515818316331,-15.370642692335789
93612,TV,ec_alpha_noisy,10.0,1.3022853136062622,0.9397199749946594,1.124205470085144,1.2789220809936523,1.4545166492462158,1.7484571933746338,1.578200759938773,-17.482911764864127
93612,Display,ec_alpha_noisy,10.0,0.1437195688486099,0.1165535822510719,0.1314792484045028,0.1419869810342788,0.1554811596870422,0.1752900332212448,0.1755776677221467,-18.14473291896811
93750,TV,default,1.0,5.399728298187256,4.960412502288818,5.215945243835449,5.394009590148926,5.586923122406006,5.845122814178467,5.853003875928532,-7.744323895042138
93750,Display,default,1.0,3.4600253105163574,3.1552274227142334,3.336123466491699,3.4591751098632812,3.58615779876709,3.767532587051392,3.3128823317106995,4.441539543895501
93750,TV,default,2.0,3.554466724395752,3.1723086833953857,3.3906965255737305,3.5527682304382324,3.7132389545440674,3.958118438720703,4.719093030611878,-24.67902833577156
93750,Display,default,2.0,1.7078676223754885,1.4891871213912964,1.6062099933624268,1.7054314613342283,1.7984814643859863,1.9466485977172852,1.6590978116482855,2.939538005824449
93750,TV,default,3.0,2.555694580078125,2.2149510383605957,2.4009838104248047,2.5560617446899414,2.694494247436523,2.9155404567718506,3.909873360986909,-34.634850182640434
93750,Display,default,3.0,1.0373879671096802,0.8757760524749756,0.9604814052581788,1.0340564250946045,1.1034085750579834,1.2177883386611938,1.015018804488269,2.203817557122867
93750,TV,default,5.0,1.5346217155456543,1.2758843898773191,1.4162423610687256,1.5335454940795898,1.642210602760315,1.8161593675613403,2.8419905507057828,-46.00187128825799
93750,Display,default,5.0,0.5119948387145996,0.4157071411609649,0.4657938480377197,0.5080121159553528,0.5510042905807495,0.622745156288147,0.505032868030388,1.3785183351259889
93750,TV,default,10.0,0.6537843942642212,0.5128766894340515,0.5878480672836304,0.6507444381713867,0.7144010663032532,0.8108562231063843,1.5625135762764015,-58.15816232315605
93750,Display,default,10.0,0.1753925085067749,0.1368540823459625,0.156636044383049,0.1733620315790176,0.1915300488471985,0.221715822815895,0.174906354545038,0.27795100012315554
93750,TV,ec_alpha_noisy,1.0,5.676292896270752,5.217468738555908,5.490952014923096,5.670360088348389,5.860601425170898,6.139040946960449,5.853003875928532,-3.0191502244605317
93750,Display,ec_alpha_noisy,1.0,3.505876064300537,3.201227903366089,3.3797614574432373,3.5022733211517334,3.6283700466156006,3.817659378051758,3.3128823317106995,5.825553498912828
93750,TV,ec_alpha_noisy,2.0,4.549370288848877,4.044565200805664,4.3470330238342285,4.5488080978393555,4.749582290649414,5.058549880981445,4.719093030611878,-3.59651188611968
93750,Display,ec_alpha_noisy,2.0,1.7380363941192627,1.5214436054229736,1.6458353996276855,1.7323168516159058,1.8256418704986572,1.967107892036438,1.6590978116482855,4.7579221620787315
93750,TV,ec_alpha_noisy,3.0,3.758662223815918,3.207432985305786,3.5307586193084717,3.7534666061401367,3.9779086112976074,4.329484462738037,3.909873360986909,-3.86741777060583
93750,Display,ec_alpha_noisy,3.0,1.0577527284622192,0.8984847068786621,0.9877402186393738,1.0521701574325562,1.123572587966919,1.230571150779724,1.015018804488269,4.210160815246655
93750,TV,ec_alpha_noisy,5.0,2.7281806468963623,2.1780447959899902,2.4806721210479736,2.716261863708496,2.9472897052764893,3.3437182903289795,2.8419905507057828,-4.004584173622838
93750,Display,ec_alpha_noisy,5.0,0.5229336023330688,0.4319402277469635,0.4806378483772278,0.5193691253662109,0.5605160593986511,0.6256700158119202,0.505032868030388,3.5444691694014097
93750,TV,ec_alpha_noisy,10.0,1.5051908493041992,1.0848926305770874,1.2993106842041016,1.4830317497253418,1.6800215244293213,2.020695447921753,1.5625135762764015,-3.6686226502304797
93750,Display,ec_alpha_noisy,10.0,0.1793353855609893,0.143401101231575,0.1623512357473373,0.1773215234279632,0.1946870386600494,0.2211292386054992,0.174906354545038,2.532229905238137
938,TV,default,1.0,5.959316253662109,5.499847888946533,5.761587619781494,5.96263313293457,6.1546430587768555,6.414745807647705,5.87675545646264,1.404870388279944
938,Display,default,1.0,3.370713472366333,3.0426547527313232,3.2414798736572266,3.3682456016540527,3.500704765319824,3.696657180786133,3.302192349941089,2.075019113482801
938,TV,default,2.0,3.837845802307129,3.3950109481811523,3.659337997436523,3.839808940887451,4.0072021484375,4.270818710327148,4.764208349444939,-19.444207288829784
938,Display,default,2.0,1.6488473415374756,1.4145100116729736,1.546625018119812,1.638519525527954,1.7495698928833008,1.9031513929367063,1.653043279749587,-0.25383111643314527
938,TV,default,3.0,2.71586537361145,2.323065757751465,2.5579514503479004,2.712775707244873,2.872075080871582,3.1070170402526855,3.962494292341196,-31.460712035327344
938,Display,default,3.0,0.9965360164642334,0.821742832660675,0.9172362089157104,0.988243579864502,1.069713115692139,1.1902427673339844,1.0114884809429905,-1.4782634464425293
938,TV,default,5.0,1.5945038795471191,1.297884821891785,1.4741580486297607,1.5839931964874268,1.7152223587036133,1.903139352798462,2.895126742399928,-44.92455697378733
938,Display,default,5.0,0.488635241985321,0.3857768177986145,0.440552145242691,0.4835250377655029,0.5309017896652222,0.6047706604003906,0.5034823537532284,-2.9488842373975976
938,TV,default,10.0,0.6574015021324158,0.5031512975692749,0.5922546982765198,0.6487722992897034,0.7217831015586853,0.8294138312339783,1.6017668289559284,-58.95772778857417
938,Display,default,10.0,0.1656972467899322,0.124859370291233,0.14525106549263,0.1629862785339355,0.1818668246269226,0.2138176709413528,0.1744897947698711,-5.039004138628911
938,TV,ec_alpha_noisy,1.0,6.29494047164917,5.844375133514404,6.10377311706543,6.293056011199951,6.487024307250977,6.7659196853637695,5.87675545646264,7.115916567987424
938,Display,ec_alpha_noisy,1.0,3.4606714248657227,3.1476476192474365,3.3318207263946533,3.4615607261657715,3.588270664215088,3.782436847686768,3.302192349941089,4.799207863450516
938,TV,ec_alpha_noisy,2.0,5.2151360511779785,4.6790080070495605,4.994876384735107,5.223993301391602,5.432591438293457,5.758554935455322,4.764208349444939,9.464903057515862
938,Display,ec_alpha_noisy,2.0,1.7194889783859253,1.500256061553955,1.6225712299346924,1.7124569416046145,1.8113877773284912,1.9573733806610107,1.653043279749587,4.019598243453348
938,TV,ec_alpha_noisy,3.0,4.418383598327637,3.7788376808166504,4.159489631652832,4.427251815795898,4.679199695587158,5.06112003326416,3.962494292341196,11.505109467730822
938,Display,ec_alpha_noisy,3.0,1.0472664833068848,0.881869375705719,0.9749847650527954,1.0406279563903809,1.1163631677627563,1.2306838035583496,1.0114884809429905,3.5371635997811124
938,TV,ec_alpha_noisy,5.0,3.3256843090057373,2.6369175910949707,3.026216745376587,3.315126895904541,3.62106728553772,4.051200866699219,2.895126742399928,14.871803721066001
938,Display,ec_alpha_noisy,5.0,0.5175060629844666,0.4208894073963165,0.4741358160972595,0.5116705298423767,0.5576533079147339,0.6307924389839172,0.5034823537532284,2.785342748697728
938,TV,ec_alpha_noisy,10.0,1.933527588844299,1.3520851135253906,1.6621789932250977,1.9096940755844116,2.185154676437378,2.602241277694702,1.6017668289559284,20.71217569817079
938,Display,ec_alpha_noisy,10.0,0.176731988787651,0.1376797556877136,0.158748909831047,0.173924833536148,0.1926677674055099,0.2230191528797149,0.1744897947698711,1.2850000888229962
96275,TV,default,1.0,5.577991962432861,5.175899982452393,5.416704177856445,5.579285621643066,5.736861705780029,5.9874749183654785,5.8753120430837065,-5.06049854834254
96275,Display,default,1.0,3.357492685317993,3.093522071838379,3.248795986175537,3.3541719913482666,3.4637811183929443,3.623704195022583,3.3132127826493716,1.3364641987531511
96275,TV,default,2.0,3.6856279373168945,3.3221163749694824,3.5316367149353027,3.682930469512939,3.8380565643310542,4.054887771606445,4.762685104958469,-22.6144946370744
96275,Display,default,2.0,1.7665190696716309,1.5524311065673828,1.6741403341293335,1.7614506483078003,1.8569389581680296,1.995059609413147,1.6594533027854044,6.451869824026724
96275,TV,default,3.0,2.6568236351013184,2.323390245437622,2.5152673721313477,2.6548473834991455,2.794227123260498,2.9987854957580566,3.961944601328275,-32.94142391060703
96275,Display,default,3.0,1.1113847494125366,0.9442152976989746,1.0341905355453491,1.1046334505081177,1.182526469230652,1.2960439920425415,1.015413604504173,9.451433827817013
96275,TV,default,5.0,1.6012471914291382,1.3430745601654053,1.483981728553772,1.5960947275161743,1.70933198928833,1.8736475706100464,2.8963613356285403,-44.71521312855632
96275,Display,default,5.0,0.5708807110786438,0.4685001373291015,0.5218392610549927,0.5661361217498779,0.61583411693573,0.6904803514480591,0.5053563921501466,12.965962229093408
96275,TV,default,10.0,0.6862244606018066,0.5456873774528503,0.6208117008209229,0.6806497573852539,0.7458626627922058,0.8409770727157593,1.60522265982914,-57.25051248187286
96275,Display,default,10.0,0.2049170136451721,0.160732626914978,0.1833733767271042,0.2026523053646087,0.2238387465476989,0.2578742206096649,0.17506911212773,17.049210540158064
96275,TV,ec_alpha_noisy,1.0,5.8845438957214355,5.480035781860352,5.72232723236084,5.876762390136719,6.056373119354248,6.287642002105713,5.8753120430837065,0.15712957150244566
96275,Display,ec_alpha_noisy,1.0,3.3920412063598633,3.143162488937378,3.287924528121948,3.3937432765960693,3.500138998031616,3.6377322673797607,3.3132127826493716,2.379214040320621
96275,TV,ec_alpha_noisy,2.0,4.849756717681885,4.378270626068115,4.6487531661987305,4.852757930755615,5.039732933044434,5.329484462738037,4.762685104958469,1.8282042756252226
96275,Display,ec_alpha_noisy,2.0,1.7363102436065674,1.5470155477523804,1.655147671699524,1.7334767580032349,1.8166775703430176,1.933556079864502,1.6594533027854044,4.631461499528666
96275,TV,ec_alpha_noisy,3.0,4.094066619873047,3.5362439155578613,3.854574680328369,4.098824501037598,4.3219828605651855,4.660844326019287,3.961944601328275,3.3347770309679836
96275,Display,ec_alpha_noisy,3.0,1.0755306482315063,0.9314189553260804,1.0131654739379885,1.0713311433792114,1.1370362043380735,1.2254184484481812,1.015413604504173,5.920448914675358
96275,TV,ec_alpha_noisy,5.0,3.067962646484375,2.477864980697632,2.8053009510040283,3.065960168838501,3.3134167194366455,3.707606077194214,2.8963613356285403,5.92472039814036
96275,Display,ec_alpha_noisy,5.0,0.5426672101020813,0.4554516971111297,0.5027230978012085,0.5401974320411682,0.5797481536865234,0.6353367567062378,0.5053563921501466,7.383070350250809
96275,TV,ec_alpha_noisy,10.0,1.7768160104751587,1.2836549282073977,1.5389139652252195,1.7576028108596802,1.9828448295593264,2.35550594329834,1.60522265982914,10.68969152630097
96275,Display,ec_alpha_noisy,10.0,0.1907538026571273,0.1546994894742965,0.1741057187318802,0.1894934475421905,0.2060862183570861,0.2305808961391449,0.17506911212773,8.959142100380223
99,TV,default,1.0,6.003878116607666,5.522947311401367,5.796303749084473,5.99737548828125,6.204596519470215,6.514942169189453,5.851015689322639,2.612579343514354
99,Display,default,1.0,3.566583156585694,3.2472453117370605,3.436901569366455,3.567444324493408,3.696840763092041,3.890509366989136,3.316236184595215,7.5491297379060684
99,TV,default,2.0,3.8333444595336914,3.3927385807037354,3.645749092102051,3.8395743370056152,4.012031078338623,4.28159761428833,4.716504464073664,-18.72488431352367
99,Display,default,2.0,1.7753801345825195,1.5420217514038086,1.6702890396118164,1.7702170610427856,1.8696300983428955,2.037388563156128,1.665918802503892,6.570628287171387
99,TV,default,3.0,2.703014612197876,2.3206799030303955,2.5338540077209473,2.705893039703369,2.863278388977051,3.1001546382904053,3.9078035602260175,-30.830335493078355
99,Display,default,3.0,1.0835314989089966,0.9094637632369996,1.0025640726089478,1.0753555297851562,1.1528431177139282,1.2872179746627808,1.0216685040520854,6.055094642885983
99,TV,default,5.0,1.5836586952209473,1.2968242168426514,1.4595980644226074,1.5828089714050293,1.7019712924957275,1.8841118812561035,2.841578081710171,-44.26833788541047
99,Display,default,5.0,0.537346363067627,0.4327989220619201,0.4889039695262909,0.5300060510635376,0.5783756971359253,0.66069495677948,0.5100404193067946,5.353682321480413
99,TV,default,10.0,0.6540599465370178,0.5068569183349609,0.587895929813385,0.652026891708374,0.7145008444786072,0.8187446594238281,1.564196790180722,-58.185571620981925
99,Display,default,10.0,0.1846580803394317,0.142701655626297,0.1639266163110733,0.181081011891365,0.2014144361019134,0.2365914285182953,0.1774389959467856,4.068488076212473
99,TV,ec_alpha_noisy,1.0,6.374984264373779,5.888921737670898,6.162856101989746,6.377708435058594,6.572601318359375,6.895009994506836,5.851015689322639,8.955172962658708
99,Display,ec_alpha_noisy,1.0,3.628992080688477,3.320178747177124,3.5048351287841797,3.629936933517456,3.7549610137939458,3.9518206119537354,3.316236184595215,9.431050102706639
99,TV,ec_alpha_noisy,2.0,5.081182956695557,4.514618396759033,4.841856002807617,5.08671760559082,5.315762996673584,5.6584153175354,4.716504464073664,7.731965386648176
99,Display,ec_alpha_noisy,2.0,1.7926608324050903,1.5718320608139038,1.702176570892334,1.7895128726959229,1.8790836334228516,2.0281333923339844,1.665918802503892,7.60793561551163
99,TV,ec_alpha_noisy,3.0,4.18145227432251,3.5391366481781006,3.920710802078247,4.1720075607299805,4.444108009338379,4.842360973358154,3.9078035602260175,7.0026220581227205
99,Display,ec_alpha_noisy,3.0,1.0889252424240112,0.9298101663589478,1.020784616470337,1.0837242603302002,1.1505372524261477,1.269182562828064,1.0216685040520854,6.583029437158516
99,TV,ec_alpha_noisy,5.0,3.018555164337158,2.3622210025787354,2.7342286109924316,3.003941059112549,3.2831060886383057,3.7328310012817383,2.841578081710171,6.228126679541246
99,Display,ec_alpha_noisy,5.0,0.5368274450302124,0.4436651766300201,0.4942593574523926,0.5330607891082764,0.5724140405654907,0.6458708643913269,0.5100404193067946,5.251941749993971
99,TV,ec_alpha_noisy,10.0,1.6526923179626465,1.1482329368591309,1.4166219234466553,1.6225335597991943,1.85699725151062,2.2592673301696777,1.564196790180722,5.6575699641794985
99,Display,ec_alpha_noisy,10.0,0.1830543875694275,0.1459090709686279,0.1656852066516876,0.1811509728431701,0.1977534890174865,0.2280849665403366,0.1774389959467856,3.1646885695441718
99768,TV,default,1.0,5.191776275634766,4.7963128089904785,5.026723861694336,5.189397811889648,5.354176044464111,5.593620300292969,5.860128188176801,-11.405073252330556
99768,Display,default,1.0,3.4707224369049072,3.1741628646850586,3.349276065826416,3.4729204177856445,3.5915212631225586,3.764821529388428,3.305487912725711,4.998793779976163
99768,TV,default,2.0,3.3822007179260254,3.029369592666626,3.2320892810821533,3.3833353519439697,3.528902292251587,3.737682342529297,4.73391024137748,-28.553763263963617
99768,Display,default,2.0,1.741741180419922,1.5119248628616333,1.6419284343719482,1.7359068393707275,1.836797833442688,1.9896777868270872,1.6532054104493683,5.355400448785641
99768,TV,default,3.0,2.418208122253418,2.103693962097168,2.284564733505249,2.418666124343872,2.5467658042907715,2.743468761444092,3.9282563594353457,-38.44067441155965
99768,Display,default,3.0,1.0675815343856812,0.8905742764472961,0.9873859882354736,1.060800552368164,1.137612223625183,1.262281894683838,1.0107997947698502,5.617506049134069
99768,TV,default,5.0,1.4440165758132937,1.2116210460662842,1.3412355184555054,1.4416979551315308,1.5417284965515137,1.694555163383484,2.8621115307983525,-49.54715914196041
99768,Display,default,5.0,0.5322584509849548,0.4283728301525116,0.4832203388214111,0.5280835628509521,0.573356032371521,0.6545484066009521,0.5026157910627654,5.897677798684153
99768,TV,default,10.0,0.6129757761955261,0.4878666400909424,0.5556814074516296,0.6101558208465576,0.6672383546829224,0.7524925470352173,1.5789330784137106,-61.17784948736663
99768,Display,default,10.0,0.1843783259391784,0.1420983076095581,0.1638795733451843,0.182247132062912,0.2008360624313354,0.2363540381193161,0.1739681906267414,5.983930323660447
99768,TV,ec_alpha_noisy,1.0,5.465982437133789,5.063541412353516,5.295898914337158,5.460816383361816,5.6322550773620605,5.886736869812012,5.860128188176801,-6.7258895776073135
99768,Display,ec_alpha_noisy,1.0,3.5781404972076416,3.283430814743042,3.4639506340026855,3.579909563064575,3.6894779205322266,3.8713345527648926,3.305487912725711,8.248482271928825
99768,TV,ec_alpha_noisy,2.0,4.357938766479492,3.8965625762939458,4.165899753570557,4.355763912200928,4.551194667816162,4.83189582824707,4.73391024137748,-7.942091331004764
99768,Display,ec_alpha_noisy,2.0,1.8600053787231443,1.6268396377563477,1.7645388841629028,1.8584128618240356,1.9505952596664429,2.103322744369507,1.6532054104493683,12.509030454815928
99768,TV,ec_alpha_noisy,3.0,3.588059663772583,3.0830252170562744,3.369462490081787,3.583987236022949,3.7952589988708496,4.120990753173828,3.9282563594353457,-8.660246799973692
99768,Display,ec_alpha_noisy,3.0,1.1614164113998413,0.9838106632232666,1.0845179557800293,1.157688856124878,1.2320362329483032,1.3519887924194336,1.0107997947698502,14.900736764028055
99768,TV,ec_alpha_noisy,5.0,2.593447208404541,2.0828287601470947,2.3590798377990723,2.581700325012207,2.8088526725769043,3.1568448543548584,2.8621115307983525,-9.386927081729436
99768,Display,ec_alpha_noisy,5.0,0.5906234383583069,0.4828394055366516,0.5418503284454346,0.5870184302330017,0.6326835751533508,0.7148489356040955,0.5026157910627654,17.509924849247582
99768,TV,ec_alpha_noisy,10.0,1.4250792264938354,1.0330625772476196,1.2330608367919922,1.405822992324829,1.5900330543518066,1.8841774463653564,1.5789330784137106,-9.744165476249677
99768,Display,ec_alpha_noisy,10.0,0.2087307274341583,0.1635462492704391,0.1876644641160965,0.2061426937580108,0.2263042032718658,0.263525515794754,0.1739681906267414,19.98212241110324
